X1,X2,X3,X4,X5,X6,X7,X8,X9,X10,X11,X12,X13,X14,X15,X16,X17,X18,X19,X20,X21,X22,X23,X24,X25,X26,X27,X28,X29,X30,X31,X32,X33,X34,X35,X36,X37,X38,X39,X40,X41,X42,X43,X44,X45,X46,X47,X48,X49,X50,X51,X52,X53,X54,X55,X56,X57,X58,X59,X60,X61,X62,X63,X64,X65,X66,X67,X68,X69,X70,X71,X72,X73,X74,X75,X76,X77,X78,X79,X80,X81,X82,X83,X84,X85,X86,X87,X88,X89,X90,X91,X92,X93,X94,X95,X96,X97,X98,X99,X100,X101,X102,X103,X104,X105,X106,X107,X108,X109,X110,X111,X112,X113,X114,X115,X116,X117,X118,X119
0,0,0,0,1.1231883931145281,1.3085482046479582,1.4608080498361327,1.509354667142507,1.5512812911798306,1.5424546334877625,2.0301274709745245,2.365540463273112,2.4604270334628437,2.654613502688342,2.55972693249861,2.462633697885861,2.493526999808099,2.670060153649461,2.6082735498049843,2.4802870132699972,2.2530005776992437,2.1492873498174436,2.1272207055872734,1.9639275382840138,1.880074290209367,2.0190941488594394,1.7410544315592944,1.4497747277210475,1.40343477483769,1.1673216815748686,1.2820682315717538,1.3306148488781284,1.202628312343141,1.09229509119229,0.8981086219667919,0.7899820652389578,0.904728615235843,1.001821849848592,0.7635020921627536,0.6046222537055279,0.6906821662031918,0.6068289181285449,0.708335481587328,0.9532752325422175,1.1562883594597835,1.498321345027422,1.6417545325235285,1.4784613652202687,1.5601079488718987,1.1915949902280558,0.8297020248532642,0.3795424825577916,0,0,0,0,0,0,0,0,0,0,0,0,0,0,0,0,0,0,0,0,0,0,0,0,0,0,0,0,0,0,0,0,0,0,0,0,0,0,0,0,0,0,0,0,0,0,0,0,0,0,0,0,0,0,0,0,0,0,0,0,0,0,0,0,0,0,0
0,0,0,0,1.1143617354224602,1.2423482719574475,1.3857814594535538,1.2798615671487368,1.3615081508003666,1.6549945190616306,2.1272207055872734,2.405260422887418,2.5840002411517973,2.6259268651891206,2.5354536238454224,2.3500938123119925,2.3346471613508735,2.4957336642311163,2.2419672555841585,2.0499874507816775,1.9639275382840138,2.0367474642435757,2.294927201736567,2.1272207055872734,1.9639275382840138,2.177973987316665,2.173560658470631,1.8668343036712647,1.5336279757956943,1.2401416075344305,1.582174593102069,1.511561331565524,1.2577949229185665,1.1474617017677153,0.8517686690834344,0.710542146010345,0.7546754344706854,0.8561819979294685,0.6531688710119025,0.5560756363991535,0.6862688373571577,0.7304021258174982,0.8870752998517067,1.200421647920124,1.4431547344519964,1.399021445991656,1.3681281440694177,1.2953082181098559,1.202628312343141,0.8848686354286898,0.7370221190865492,0.48104904601657467,0.02426951045205101,0.09708943641161275,-0.17874361646551506,-0.49870995780298333,-0.5009166222260003,-0.46340332703471093,-0.4766433135728131,-0.3994100587672173,-0.1434369856972427,0.20742265756246386,0.49870236140071084,0.5935889315904428,0.315549214290298,0.13460273160290212,0.4391224219792512,0.7701220854318046,0.7833620719699067,0.8142553738921451,1.008441843117643,1.1871816613820219,1.2600015873415835,0.8583886623524855,0.904728615235843,1.288688224840805,0.9422419104271323,0.8583886623524855,0.8010153873540429,0.7701220854318046,0.5693156229372556,0.4567757373633874,0.3552691739046044,0.21624931525453198,0.25596927486883836,0.1610827046791064,0.14563605371798724,0.3861624758268427,0.6222755690896641,0.9290019238890302,1.09229509119229,1.1253950575375453,1.3239948556090773,1.2313149498423623,1.0746417758081537,0.9598952258112685,0.8914886286977408,0.9290019238890302,0.9356219171580813,0.7767420787008557,1.001821849848592,0.9665152190803196,0.8164620383151621,0.909141944081877,1.0658151181160855,0.9576885613882515,0.6686155219730215,0.6399288844738003,0,0,0,0,0,0,0,0,0,0,0
0,0,0,0,1.0856750979232388,1.1408417084986644,1.2423482719574475,1.290894889263822,1.3151681979170091,1.6329278748314604,2.0919140748190013,2.18900730943175,2.3214071748127716,2.473667020000946,2.5155936440382693,2.255207242122261,2.1161873834721883,2.016887484436422,1.8271143440569584,1.886694283478418,1.895520941170486,1.9617208738609968,2.1956273027008013,2.1581140075095115,2.1338406988563245,2.2993405305826013,2.5222136373073205,2.208867289238903,1.8778676257863498,1.7101611296370562,1.9573075450149626,1.7719477334815328,1.5358346402187113,1.407848103683724,1.103328413307375,0.9400352460041154,0.8274953604302472,0.80322205177706,0.8208753671611961,0.8208753671611961,0.909141944081877,0.9687218835033367,1.004028514271609,1.2555882584955496,1.5248013181036262,1.4144680969527752,1.1562883594597835,0.9665152190803196,0.8385286825453323,0.6465488777428513,0.4258824354411491,0.22286930852358303,0.01544285275998292,0.01544285275998292,-0.15447030781232782,-0.273630186655247,-0.26039020011714487,-0.13019699915914057,-0.017657113585272416,-0.07944371742974905,-0.03972375781544264,0.21845597967754898,0.317755878713315,0.36850916044270654,0.31334254986728094,0.2383159594847022,0.5759356162063066,0.8297020248532642,0.7480554412016344,0.7281954613944812,0.9179686017739451,0.9775485411954047,0.7237821325484471,0.322169207559349,0.6200689046666471,1.0503684671549665,0.9245885950429962,0.7767420787008557,0.7039221527412939,0.6244822335126812,0.46118906620942146,0.36409583159667247,0.2316959662156511,0.17652935564022557,0.2008026642934128,0.2692092614069405,0.30451589217521285,0.39719579794192783,0.47884238159355763,0.7921887296619748,0.8981086219667919,0.9113486085048941,1.0702284469621197,0.9554818969652344,0.8363220181223153,0.7767420787008557,0.6928888306262089,0.8760419777366217,0.8297020248532642,0.6222755690896641,0.7635020921627536,0.6509622065888854,0.6355155556277662,0.8142553738921451,0.8274953604302472,0.7370221190865492,0.5406289854380343,0.5075290190927789,0.4722223883245066,0.5913822671674258,0.7039221527412939,0.6399288844738003,0.4435357508252853,0.4236757710181321,0.5450423142840684,0.6774421796650897,0.6377222200507833,0.5582823008221705,0.5693156229372556
0,0,0,0,0.9885818633104898,1.0260951585017792,1.1386350440756474,1.2644149161876177,1.2269016209963282,1.4541880565670815,1.794014377711703,1.9705475315530647,2.1161873834721883,2.286100544044499,2.387607107503282,2.162527336355546,2.010267491167371,1.897727605593503,1.8182876863648902,1.9418608940538435,2.0544007796277115,2.16694066520158,2.277273886352431,2.3500938123119925,2.380987114234231,2.3765737853881967,2.4383603892326735,2.069847430588831,1.8271143440569584,1.7763610623275667,1.9617208738609968,2.0190941488594394,1.9815808536681498,1.8293210084799754,1.5424546334877625,1.3637148152233836,1.1253950575375453,1.0305084873478132,1.2269016209963282,1.0900884267692728,1.0283018229247962,1.0790551046541879,1.09229509119229,0.9863751988874728,1.1893883258050388,1.40343477483769,1.2688282450336517,0.8605953267755025,0.7326087902405152,0.6288955623587151,0.2096293219854809,0.08384944987351062,-0.05296374435354478,-0.10592369050595332,-0.03310376454639157,0.0816427854504936,0.20742265756246386,0.322169207559349,0.47884238159355763,0.36409583159667247,0.21845597967754898,0.31334254986728094,0.30010256332917884,0.414849113326064,0.5538689719761364,0.6884755017801748,0.7657087565857705,0.7480554412016344,0.6509622065888854,0.5891756027444087,0.6752355152420726,0.6002089248594938,0.518562341207864,0.5803489450523407,0.7215754681254302,0.915761937350928,0.9775485411954047,0.7304021258174982,0.48987570370864275,0.39719579794192783,0.30010256332917884,0.15225604698703832,-0.02869043570035753,-0.041930422238459664,0.1323960671798851,0.3883691402498597,0.49870236140071084,0.42146910659511505,0.4280890998641661,0.812048709469128,0.8495620046604174,0.8142553738921451,0.8054287162000769,0.6399288844738003,0.5340089921689832,0.3905758046728767,0.28024258352202563,0.6068289181285449,0.6840621729341407,0.6046222537055279,0.5803489450523407,0.5362156565920002,0.47884238159355763,0.47884238159355763,0.41705577774908104,0.6752355152420726,0.6995088238952599,0.6333088912047492,0.6068289181285449,0.5649022940912215,0.6244822335126812,0.7171621392793961,0.8054287162000769,0.9113486085048941,1.0437484738859153,1.1496683661907325,1.105535077730392,0.8054287162000769,0.5406289854380343
0,0,0,0,0.9929951921565239,1.0525751315779834,1.109948406576426,1.1871816613820219,1.2577949229185665,1.595414579640171,1.7675344046354988,1.8690409680942819,2.087500745972967,2.100740732511069,2.1691473296245967,2.2199006113539883,2.2000406315468353,2.1206007123182222,2.0411607930896096,2.047780786358661,2.1470806853944264,2.4648403623088777,2.47808034884698,2.3346471613508735,2.4913203353850824,2.202247295969852,1.9264142430927245,1.8359410017490265,1.8668343036712647,1.7851877200196349,1.8028410354037712,1.9683408671300477,1.990407511360218,1.9484808873228947,1.880074290209367,1.8447676594410944,1.6969211430989541,1.317374862340026,1.1474617017677153,1.213661634458226,1.2070416411891751,1.2445549363804644,1.3284081844551112,1.2246949565733112,1.2931015536868389,1.3570948219543326,1.2820682315717538,0.8782486421596387,0.7723287498548216,0.5582823008221705,0.19859599987039578,0.20300932871642982,-0.004417127047170282,-0.0551704087765618,0.13680939602591916,0.09046944314256168,0.34423585178951926,0.5406289854380343,0.6950954950492259,0.8539753335064515,0.4589824017864044,0.23610929506168515,0.3751291537117576,0.615655575820613,0.8539753335064515,0.9113486085048941,0.710542146010345,0.511942347938813,0.38174914698080864,0.40160912678796185,0.5715222873602726,0.6774421796650897,0.6443422133198343,0.6642021931269875,0.712748810433362,0.7017154883182769,0.6619955287039705,0.5516623075531194,0.36409583159667247,0.3464425162125363,0.1699093623711745,-0.10813035492897034,-0.15888363665836186,0.079436121027476575,0.33320252967443414,0.5406289854380343,0.6619955287039705,0.5229756700538981,0.419262442172098,0.5869689383213917,0.6399288844738003,0.6443422133198343,0.6002089248594938,0.4567757373633874,0.30010256332917884,0.13018940275686808,0.06398947006635741,0.2868625767910767,0.39719579794192783,0.4722223883245066,0.5472489787070853,0.6046222537055279,0.37292248928874056,0.14784271814100428,0.13018940275686808,0.5759356162063066,0.8561819979294685,0.8936952931207579,0.7833620719699067,0.5053223546697619,0.518562341207864,0.7701220854318046,1.1165683998454772,1.3306148488781284,1.401228110414673,1.3857814594535538,1.198214983497107,0.812048709469128,0.4633957306324385
0,0,0,0,0.8959019575437749,1.0415418094628983,1.0790551046541879,1.1430483729216814,1.3107548690709752,1.6616145123306816,1.703541136368005,1.882280954632384,2.2441739200071757,2.1228073767412394,2.1470806853944264,2.2375539267381246,2.3103738526976865,2.3346471613508735,2.305960523851652,2.2574139065452776,2.354507141158027,2.7252267642248866,2.5178003084612866,2.1581140075095115,2.2199006113539883,1.9286209075157414,2.0411607930896096,2.1691473296245967,2.125014041164256,2.010267491167371,1.992614175783235,2.0433674575126264,2.0411607930896096,2.069847430588831,2.155907343086495,2.316993845966737,2.5244203017303373,1.9197942498236733,1.591001250794137,1.6152745594473241,1.5203879892575922,1.5446612979107794,1.4343280767599285,1.2357282786883963,1.1893883258050388,1.0636084536930686,0.8936952931207579,0.6774421796650897,0.5649022940912215,0.2780359190990086,0.15666937583307236,0.3773358181347746,0.2890692412140937,0.079436121027476575,0.022062846029033988,0.030889503721102076,0.3707158248657235,0.3751291537117576,0.3354091940974512,0.5825556094753577,0.14563605371798724,0.15225604698703832,0.4678090594784725,0.708335481587328,0.9444485748501493,0.8782486421596387,0.5671089585142386,0.26479593256090644,0.01764951718299994,0.18535601333229365,0.5737289517832896,0.6950954950492259,0.6355155556277662,0.5450423142840684,0.5163556767848471,0.4369157575562342,0.4060224556339959,0.3707158248657235,0.29348257006012773,0.35306250948158735,0.19859599987039578,-0.09268370396785118,-0.25597687127111085,0.04192282583618719,0.35306250948158735,0.5229756700538981,0.4722223883245066,0.36850916044270654,0.39719579794192783,0.4457424152483023,0.414849113326064,0.3265825364053831,0.19418267102436174,0.08826277871954466,0.02426951045205101,-0.10813035492897034,-3.7982011362372927e-6,0.1897693421783277,0.25155594602280434,0.2868625767910767,0.5031156902467449,0.6664088575500046,0.4236757710181321,0.29348257006012773,0.27141592582995755,0.4876690392856257,0.8230820315842131,0.9554818969652344,0.8010153873540429,0.5472489787070853,0.7966020585080089,0.9378285815810983,1.1562883594597835,1.3548881575313156,1.2577949229185665,1.1562883594597835,0.9621018902342856,0.6597888642809535,0.46560239505545553
0,0,0,0,0.8341153536992982,0.9201752661969621,0.9929951921565239,1.1408417084986644,1.3570948219543326,1.6417545325235285,1.690301149829903,1.9440675584768605,2.2375539267381246,2.202247295969852,2.1537006786634776,2.2110739536619204,2.2176939469309715,2.186800645008733,2.482493677693014,2.4295337315406056,2.3412671546199246,2.570760254613695,2.5442802815374908,2.5200069728843033,2.566346925767661,2.259620570968295,2.4361537248096568,2.6281335296121373,2.4185004094255205,2.2176939469309715,2.3280271680818223,2.301547195005618,2.186800645008733,2.2728605575063967,2.4802870132699972,2.5376602882684396,2.473667020000946,2.089707410395984,2.180180651739682,2.08529408154995,1.4894946873353538,1.5270079825266434,1.3659214796464008,1.0768484402311707,0.8583886623524855,0.6619955287039705,0.5869689383213917,0.5781422806293236,0.5031156902467449,0.0728161277584255,-0.0353104289694086,0.11915608064178297,0.17432269121720853,0.008822859490931853,-0.07282372416069798,0.046336154682221235,0.3795424825577916,0.33982252294348525,0.2493492815997873,0.27582925467599156,-0.026483771277340508,0.19418267102436174,0.3861624758268427,0.419262442172098,0.6288955623587151,0.5340089921689832,0.38174914698080864,0.16549603352514045,-0.20081026069568528,-0.05958373762259584,0.34202918736650223,0.5957955960134599,0.613448911397596,0.4633957306324385,0.46560239505545553,0.5803489450523407,0.38174914698080864,0.24714261717677027,0.17211602679419152,0.07502279218144253,-0.07944371742974905,-0.20081026069568528,-0.2912835020393832,-0.17874361646551506,-0.041930422238459664,0.1809426844862596,0.27582925467599156,0.1699093623711745,0.2890692412140937,0.38174914698080864,0.3574758383276214,0.27141592582995755,0.030889503721102076,-0.09709703281388522,-0.1655036299274129,-0.4082367164592854,-0.21846357607982148,-0.017657113585272416,0.05074948352825528,0.18535601333229365,0.45015574409433634,0.5715222873602726,0.37292248928874056,0.32437587198236606,0.31996254313633204,0.34864918063555334,0.46560239505545553,0.5428356498610513,0.4545690729403704,0.4545690729403704,0.8208753671611961,0.8385286825453323,0.7546754344706854,0.6509622065888854,0.5803489450523407,0.6686155219730215,0.613448911397596,0.5031156902467449,0.5649022940912215
0,0,0,0,0.8628019911985195,0.8230820315842131,0.8738353133136046,1.006235178694626,1.29972154695589,1.6174812238703413,1.9131742565546221,2.1470806853944264,2.294927201736567,2.305960523851652,2.1956273027008013,2.279480550775448,2.2199006113539883,2.162527336355546,2.55972693249861,2.378780449811214,2.0367474642435757,1.9396542296308266,2.5376602882684396,2.809080012299533,2.873073280567027,2.705366784417733,2.473667020000946,2.590620234420848,2.674473482495495,2.577380247882746,2.5884135699978312,2.4251204026945716,2.3147871815437204,2.365540463273112,2.290513872890533,2.184593980585716,2.0257141421284905,1.902140934439537,2.0499874507816775,1.9308275719387584,1.496114680604405,1.3262015200320942,1.109948406576426,0.8495620046604174,0.5759356162063066,0.47884238159355763,0.3376158585204682,0.41264244890304697,0.4920823681316598,0.1699093623711745,0.09488277198859572,0.039716161413170165,-0.03972375781544264,-0.17433028761948102,-0.12357700589008949,-0.09047703954483416,0.022062846029033988,0.27582925467599156,0.22286930852358303,0.2008026642934128,0.24493595275375327,0.3574758383276214,0.27362259025297453,0.31996254313633204,0.5053223546697619,0.20521599313944686,0.25596927486883836,0.2383159594847022,-0.16771029435042994,-0.16771029435042994,0.13460273160290212,0.5229756700538981,0.7966020585080089,0.6443422133198343,0.5649022940912215,0.6333088912047492,0.4347090931332172,0.16770269794815748,0.09929610083462978,0.10812275852669787,-0.03310376454639157,-0.09709703281388522,-0.22287690492585552,-0.3023168241544683,-0.31335014626955343,-0.08827037512181714,0.046336154682221235,-0.024277106854323483,0.00661619506791483,0.06840279891239145,0.11694941621876595,0.0816427854504936,-0.18536360973456611,-0.172123623196464,-0.15888363665836186,-0.33321012607670664,-0.37734341453704706,-0.20963691838775336,-0.046343751084493706,0.20742265756246386,0.3663024960196895,0.33320252967443414,0.24493595275375327,0.27362259025297453,0.24052262390771922,0.16328936910212344,0.17211602679419152,0.3949891335189108,0.34864918063555334,0.3949891335189108,0.5384223210150172,0.5053223546697619,0.5538689719761364,0.4347090931332172,0.2890692412140937,0.3596825027506384,0.3751291537117576,0.4567757373633874,0.615655575820613
0,0,0,0,0.9775485411954047,0.8804553065826557,0.8407353469683493,0.8650086556215366,1.2357282786883963,1.597621244063188,1.9153809209776393,2.286100544044499,2.385400443080265,2.4030537584644014,2.400847094041384,2.4449803825017247,2.1426673565483925,2.089707410395984,2.4229137382715544,2.2574139065452776,2.109567390203137,2.173560658470631,2.654613502688342,2.9260332267194356,2.976786508448827,2.8951399247971974,2.775980045954278,2.9723731796027932,2.9149999046043504,2.7450867440320397,2.482493677693014,2.001440833475303,2.016887484436422,2.281687215198465,2.255207242122261,1.8624209748252307,1.8006343709807542,1.8535943171331626,1.7763610623275667,1.7542944180973967,1.4365347411829454,1.0216818296557453,0.6995088238952599,0.7017154883182769,0.6818555085111238,0.5406289854380343,0.17873602006324257,0.11915608064178297,0.04854281910523826,-0.11033701935198736,0.019856181606016966,-0.050757079930527756,-0.24494354915602573,-0.45457666934264285,-0.3618967635759279,-0.3023168241544683,-0.15667697223534482,0.22286930852358303,0.2581759392918554,0.35306250948158735,0.4567757373633874,0.414849113326064,0.24052262390771922,0.3839558114038257,0.6973021594722428,0.44132908640226826,0.20742265756246386,0.15887604025608937,0.022062846029033988,-0.048550415507510734,0.11474275179574893,0.32878920082840013,0.520769005630881,0.5913822671674258,0.520769005630881,0.4920823681316598,0.5273889988999322,0.43029576428718314,0.2978958989061618,0.19197600660134473,0.11032942294971489,0.15446271141005533,-0.19860359627266827,-0.33762345492274065,-0.20081026069568528,-0.24935687800205977,-0.14123032127422566,-0.10151036165991927,-0.1147503481980214,-0.05737707319957882,-0.02869043570035753,-0.15447030781232782,-0.48326330684186414,-0.38617007222911515,-0.050757079930527756,-0.02869043570035753,-0.40382338761325137,-0.22729023377188956,-0.09047703954483416,0.01544285275998292,0.1412227248719532,0.09046944314256168,0.09708943641161275,0.1323960671798851,-0.03751709339242562,-0.09268370396785118,0.011029523913948874,0.2493492815997873,0.31996254313633204,0.4369157575562342,0.4369157575562342,0.419262442172098,0.6244822335126812,0.5384223210150172,0.3839558114038257,0.36409583159667247,0.2493492815997873,0.24272928833073623,0.44132908640226826
0,0,0,0,0.9179686017739451,0.8738353133136046,0.8870752998517067,1.008441843117643,1.40343477483769,1.6836811565608518,1.992614175783235,2.394227100772333,2.4493937113477586,2.4118804161564693,2.389813771926299,2.4074670873104353,2.083087417126933,2.089707410395984,2.27065389308338,2.3412671546199246,2.372160456542163,2.4295337315406056,2.66344016038041,2.9149999046043504,2.8995532536432314,2.8333533209527206,2.7914266969153974,2.943686542103572,2.8377666497987546,2.575173583459729,2.27065389308338,1.7631210757894646,1.89993427001652,2.2684472286603627,2.4493937113477586,1.8249076796339414,1.705747800791022,1.602034572909222,1.4122614325297582,1.5601079488718987,1.3306148488781284,1.0856750979232388,1.0283018229247962,0.8738353133136046,0.8429420113913664,0.6465488777428513,0.25155594602280434,0.2493492815997873,0.04192282583618719,-0.0948903683908682,0.03530283256713612,-0.07723705300673202,-0.14123032127422566,-0.269216857809213,-0.3905834010751492,-0.31335014626955343,-0.172123623196464,0.09488277198859572,0.33320252967443414,0.3707158248657235,0.4567757373633874,0.4280890998641661,0.24272928833073623,0.079436121027476575,0.23610929506168515,0.3861624758268427,0.11253608737273191,0.13460273160290212,0.29568923448314477,0.32437587198236606,0.15887604025608937,0.24052262390771922,0.322169207559349,0.3994024623649448,0.37292248928874056,0.29568923448314477,0.28024258352202563,0.3265825364053831,0.22507597294660006,0.05074948352825528,-0.050757079930527756,0.046336154682221235,-0.013243784739238372,-0.12357700589008949,-0.11695701262103843,-0.3883767366521322,-0.27583685107826406,-0.24935687800205977,-0.3111434818465364,-0.3111434818465364,-0.1147503481980214,-0.2537702068480938,-0.5053299510720344,-0.44575001165057476,-0.06179040204561287,0.03750949699015314,-0.269216857809213,-0.18757027415758315,-0.2912835020393832,-0.26701019338619597,-0.1147503481980214,-0.08165038185276607,-0.06620373089164691,-0.06179040204561287,-0.14123032127422566,-0.15005697896629377,-0.024277106854323483,0.11474275179574893,0.19418267102436174,0.4479490796713193,0.22507597294660006,0.17211602679419152,0.5494556431301023,0.6730288508190556,0.41043578448002993,0.13460273160290212,0.04854281910523826,0.04854281910523826,0.2008026642934128
0,0,0,0,0.7745354142778387,0.7171621392793961,0.8252886960072302,0.9996151854255749,1.2533815940725326,1.6505811902155965,2.047780786358661,2.363333798850095,2.4185004094255205,2.378780449811214,2.2243139402000223,2.1956273027008013,2.2154872825079543,2.6193068719200694,2.7296400930709206,2.6126868786510182,2.586206905574814,2.513386979615252,2.6193068719200694,2.8267333276836695,2.676680146918512,2.586206905574814,2.5420736171144735,2.5244203017303373,2.6060668853819675,2.4118804161564693,2.1382540277023585,1.8138743575188563,1.8734542969403158,2.1470806853944264,2.0544007796277115,1.482874694066303,1.5446612979107794,1.2622082517646007,1.0878817623462558,1.290894889263822,1.399021445991656,1.2401416075344305,1.1276017219605623,0.9797552056184218,0.913555272927911,0.5428356498610513,0.17873602006324257,0.26038260371487243,-0.006623791470187304,-0.0022104626241532597,0.1390160604489362,-0.044137086661476685,-0.05296374435354478,-0.10592369050595332,-0.24494354915602573,-0.17433028761948102,-0.15226364338931078,-0.08606371069880012,0.05516281237428933,0.07722945660445955,0.317755878713315,0.33982252294348525,0.12577607391083404,0.03750949699015314,0.10812275852669787,0.2294893017926341,0.11032942294971489,0.09488277198859572,0.4236757710181321,0.6002089248594938,0.3773358181347746,0.3265825364053831,0.3376158585204682,0.11474275179574893,-0.1919836030036172,-0.07723705300673202,-0.022070442431306462,-0.0353104289694086,-0.1831569453115491,-0.3221768039616215,-0.32879679723067257,-0.15005697896629377,0.11694941621876595,-0.16771029435042994,-0.370723421267996,-0.44575001165057476,-0.2427368847330087,-0.30452348857748535,-0.5163632731871195,-0.6156631722228855,-0.12578367031310653,-0.16991695877344698,-0.33762345492274065,-0.38175674338308113,-0.27583685107826406,-0.15226364338931078,-0.1919836030036172,-0.24715021357904277,-0.33541679049972367,-0.40161672319023434,-0.3067301530005024,-0.16109030108137887,-0.17874361646551506,-0.09930369723690224,-0.07061705973768095,-0.07944371742974905,0.079436121027476575,0.2493492815997873,0.3464425162125363,0.41705577774908104,0.05957614122032337,-0.050757079930527756,0.14563605371798724,0.4082291200570129,0.414849113326064,0.1897693421783277,0.03530283256713612,0.06840279891239145,0.10591609410368084
0,0,0,0,0.7370221190865492,0.5693156229372556,0.5318023277459661,0.6995088238952599,0.9731352123493707,1.4872880229123369,1.8602143104022137,2.087500745972967,2.177973987316665,2.2199006113539883,1.9815808536681498,1.9528942161689287,2.290513872890533,2.654613502688342,2.7450867440320397,2.6502001738423075,2.570760254613695,2.508973650769218,2.3920204363493163,2.394227100772333,2.358920470004061,2.3456804834659586,2.3412671546199246,2.451600375770776,2.590620234420848,2.2110739536619204,2.0521941152046947,1.9131742565546221,1.7388477671362774,2.047780786358661,1.9418608940538435,1.5556946200258646,1.5071480027194901,1.0305084873478132,0.8760419777366217,1.0856750979232388,1.288688224840805,1.1871816613820219,1.0702284469621197,1.0614017892700516,1.0702284469621197,0.7259887969714641,0.41043578448002993,0.28465591236805965,-0.13019699915914057,-0.2140502472337874,-0.22287690492585552,-0.3111434818465364,-0.19860359627266827,-0.13681699242819162,-0.10813035492897034,-0.1632969655043959,-0.22949689819490657,-0.2934901664624002,-0.29569683088541726,-0.2625968645401619,0.04192282583618719,-0.075030388583715,-0.21846357607982148,-0.09268370396785118,-0.06179040204561287,0.039716161413170165,0.12356940948781703,0.16328936910212344,0.5097356835157959,0.6288955623587151,0.5538689719761364,0.4722223883245066,0.7921887296619748,0.5560756363991535,-0.041930422238459664,-0.20743025396473636,-0.2868701731933492,-0.33762345492274065,-0.4280966962664386,-0.5340165885712557,-0.5516699039553918,-0.37734341453704706,-0.15005697896629377,-0.569323219339528,-0.4722299847267791,-0.3398301193457577,-0.2537702068480938,-0.3596900991529109,-0.5251899308791876,-0.48105664241884716,-0.046343751084493706,-0.07061705973768095,-0.2339102270409406,-0.3310034616536896,-0.368516756844979,-0.10592369050595332,-0.10371702608293629,-0.172123623196464,-0.15888363665836186,-0.36631009242196194,-0.46560999145772797,-0.37734341453704706,-0.19860359627266827,-0.11033701935198736,-0.03751709339242562,0.019856181606016966,0.21404265083151494,0.39719579794192783,0.3707158248657235,0.2581759392918554,0.1323960671798851,0.2824492479450426,0.2670025969839235,0.18314934890927662,0.30451589217521285,0.2692092614069405,0.22066264410056602,0.2780359190990086,0.3376158585204682
0,0,0,0,0.807635380623094,0.6862688373571577,0.4633957306324385,0.5295956633229492,0.9025219508128259,1.407848103683724,1.6616145123306816,1.8425609950180775,1.9131742565546221,1.992614175783235,2.078674088280899,2.0433674575126264,2.171353994047614,2.385400443080265,2.4361537248096568,2.3456804834659586,2.3214071748127716,2.469253691154912,2.1426673565483925,2.1029473969340864,2.213280618084937,2.394227100772333,2.4273270671175884,2.394227100772333,2.3500938123119925,2.0124741555903882,1.9220009142466903,1.7388477671362774,1.5755545998330178,1.8337343373260095,1.7498810892513625,1.6814744921378348,1.6174812238703413,1.306341540224941,0.9819618700414388,0.9488619036961834,1.0790551046541879,1.1143617354224602,1.1408417084986644,1.098915084461341,1.0746417758081537,1.109948406576426,0.7039221527412939,0.37292248928874056,0.0022028662218807854,-0.26701019338619597,-0.4082367164592854,-0.4788499779958301,-0.45237000491962587,-0.5958031924157323,-0.4479566760735918,-0.2912835020393832,-0.31555681069257047,-0.4788499779958301,-0.4920899645339322,-0.38617007222911515,-0.19860359627266827,-0.3111434818465364,-0.30452348857748535,-0.20522358954171932,-0.28907683761636616,-0.2537702068480938,-0.13681699242819162,0.08605611429652764,0.4964956969776938,0.34864918063555334,0.47884238159355763,0.7635020921627536,0.8738353133136046,0.6200689046666471,0.15666937583307236,-0.24935687800205977,-0.5141566087641025,-0.5560832328014259,-0.5516699039553918,-0.6178698366459026,-0.7171697356816685,-0.7039297491435664,-0.6002165212617664,-0.6200765010689195,-0.46560999145772797,-0.3508634414608428,-0.38175674338308113,-0.49870995780298333,-0.3596900991529109,-0.32879679723067257,-0.15888363665836186,-0.07723705300673202,-0.37734341453704706,-0.5141566087641025,-0.36410342799894496,0.028682839298085055,-0.03751709339242562,0.011029523913948874,0.06840279891239145,-0.2030169251187023,-0.26701019338619597,-0.2868701731933492,-0.21625691165680444,-0.3023168241544683,-0.25597687127111085,0.008822859490931853,0.3464425162125363,0.4633957306324385,0.2868625767910767,0.04854281910523826,-0.006623791470187304,0.044129490259204214,-0.09930369723690224,-0.14785031454327674,0.019856181606016966,0.08605611429652764,0.17211602679419152,0.3354091940974512,0.5075290190927789
0,0,0,0,0.7723287498548216,0.8230820315842131,0.7701220854318046,0.809842045046111,1.109948406576426,1.3791614661845029,1.4541880565670815,1.69250781425292,1.703541136368005,1.7454677604053286,1.992614175783235,1.8491809882871286,1.9440675584768605,2.0654341017427966,2.0499874507816775,2.193420638277784,2.2993405305826013,2.378780449811214,2.080880752703916,2.193420638277784,2.387607107503282,2.447187046924742,2.2684472286603627,2.1272207055872734,2.0345407998205585,1.9815808536681498,1.9573075450149626,1.7587077469434307,1.6064479017552562,1.6108612306012902,1.3239948556090773,1.3703348084924347,1.5645212777179327,1.58879458637112,1.107741742153409,0.9643085546573026,0.9643085546573026,0.9929951921565239,1.0790551046541879,1.004028514271609,1.0459551383089325,1.3791614661845029,0.706128817164311,0.34864918063555334,0.13018940275686808,-0.2625968645401619,-0.4369233539585067,-0.45016334049660883,-0.4876766356878982,-0.7436497087578728,-0.5649098904934939,-0.3751367501140301,-0.36631009242196194,-0.569323219339528,-0.5869765347236642,-0.42589003184342156,-0.28466350877033214,-0.41706337415135347,-0.17433028761948102,-0.11033701935198736,-0.2537702068480938,-0.17433028761948102,-0.20743025396473636,0.011029523913948874,0.3795424825577916,-0.11916367704405545,0.026476174875068034,0.3376158585204682,0.36188916717365543,0.20521599313944686,-0.06841039531466393,-0.273630186655247,-0.3552767703068769,-0.5362232529942726,-0.567116554916511,-0.6399364808760728,-0.8473629366396729,-0.9334228491373368,-0.7657163529880431,-0.5582898972244429,-0.5053299510720344,-0.46560999145772797,-0.40603005203626835,-0.3552767703068769,-0.15226364338931078,-0.20081026069568528,-0.2581835356941279,-0.19860359627266827,-0.37293008569101305,-0.5229832664561705,-0.39720339434420027,-0.048550415507510734,-0.07723705300673202,0.12356940948781703,0.26479593256090644,0.14563605371798724,0.06840279891239145,-0.1346103280051746,-0.3508634414608428,-0.5362232529942726,-0.5163632731871195,-0.12357700589008949,0.22728263736961707,0.3023092277521958,0.37292248928874056,0.16770269794815748,-0.05296374435354478,-0.16771029435042994,-0.46340332703471093,-0.37293008569101305,-0.07944371742974905,0.026476174875068034,0.1390160604489362,0.3839558114038257,0.5384223210150172
0,0,0,0,0.6002089248594938,0.7171621392793961,0.7502621056246515,0.6862688373571577,1.0614017892700516,1.2202816277272772,1.2644149161876177,1.5689346065639667,1.6064479017552562,1.6572011834846476,1.8028410354037712,1.6770611632918009,1.8558009815561796,1.8558009815561796,1.778567726750584,2.2066606248158864,2.2419672555841585,2.281687215198465,2.2728605575063967,2.2618272353913116,2.180180651739682,2.1183940478952055,1.9418608940538435,1.8116676930958393,1.8337343373260095,1.7653277402124818,1.6130678950243071,1.597621244063188,1.595414579640171,1.482874694066303,1.1540816950367665,1.2732415738796856,1.6152745594473241,1.7609144113664477,1.3306148488781284,1.2931015536868389,1.2202816277272772,1.1320150508065963,1.1253950575375453,0.9223819306199792,0.8848686354286898,0.9334152527350643,0.6244822335126812,0.3309958652514171,0.019856181606016966,-0.31776347511558745,-0.4766433135728131,-0.5582898972244429,-0.6487631385681408,-0.7767496751031282,-0.5715298837625451,-0.40603005203626835,-0.33321012607670664,-0.3751367501140301,-0.3420367837687747,-0.26480352896317894,-0.2912835020393832,-0.5406365818403067,-0.25597687127111085,-0.18757027415758315,-0.19860359627266827,-0.0838570462757831,-0.2339102270409406,-0.15447030781232782,-0.0353104289694086,-0.2934901664624002,-0.2515635424250768,-0.2780435155012811,-0.3596900991529109,-0.4104433808823024,-0.42589003184342156,-0.32879679723067257,-0.28907683761636616,-0.5582898972244429,-0.5649098904934939,-0.6531764674141749,-0.8120563058714005,-0.8694295808698431,-0.6973097558745154,-0.5009166222260003,-0.4082367164592854,-0.40161672319023434,-0.18757027415758315,-0.09047703954483416,-0.026483771277340508,0.1015027652576468,0.0022028662218807854,-0.1346103280051746,-0.2581835356941279,-0.3464501126148088,-0.41485670972833644,-0.3949967299211833,-0.3067301530005024,-0.03310376454639157,0.2294893017926341,0.3111358854442639,0.22286930852358303,-0.01986377800828944,-0.13240366358215758,-0.2824568443473151,-0.49870995780298333,-0.3552767703068769,-0.26701019338619597,-0.33762345492274065,-0.2625968645401619,-0.11033701935198736,-0.11695701262103843,-0.20743025396473636,-0.4082367164592854,-0.3420367837687747,-0.17433028761948102,-0.0353104289694086,0.1323960671798851,0.42146910659511505,0.5737289517832896
0,0,0,0,0.4347090931332172,0.3574758383276214,0.4369157575562342,0.5516623075531194,0.8561819979294685,0.9687218835033367,1.0834684335002218,1.3107548690709752,1.4762547007972517,1.5623146132949157,1.705747800791022,1.8712476325172989,2.021300813282456,1.886694283478418,1.798427706557737,2.1183940478952055,2.0544007796277115,2.16694066520158,2.2110739536619204,2.06322743731978,1.9197942498236733,1.794014377711703,1.6549945190616306,1.4519813921440645,1.5534879556028476,1.511561331565524,1.3195815267630433,1.290894889263822,1.304134875801924,1.2644149161876177,1.2070416411891751,1.399021445991656,1.6726478344457667,1.8271143440569584,1.7079544652140393,1.584381257525086,1.3262015200320942,1.1540816950367665,1.105535077730392,0.9113486085048941,0.9025219508128259,0.809842045046111,0.5472489787070853,0.17211602679419152,-0.269216857809213,-0.5185699376101365,-0.4766433135728131,-0.5560832328014259,-0.6928964270284813,-0.7215830645277026,-0.5494632395323749,-0.46340332703471093,-0.45016334049660883,-0.3994100587672173,-0.24935687800205977,-0.18977693858060016,-0.18757027415758315,-0.25597687127111085,-0.20963691838775336,-0.31335014626955343,-0.24715021357904277,-0.22508356934887253,-0.4965032933799663,-0.5560832328014259,-0.5119499443410854,-0.49429662895694926,-0.47002332030376204,-0.6355231520300387,-0.6531764674141749,-0.5980098568387493,-0.6266964943379706,-0.49429662895694926,-0.5185699376101365,-0.7679230174110601,-0.6796564404903792,-0.7657163529880431,-0.8054363126023495,-0.7127564068356345,-0.5450499106863408,-0.5009166222260003,-0.42589003184342156,-0.31555681069257047,-0.0551704087765618,0.02426951045205101,-0.006623791470187304,0.030889503721102076,-0.10592369050595332,-0.048550415507510734,-0.041930422238459664,-0.024277106854323483,0.0022028662218807854,-0.18977693858060016,-0.35307010588385984,-0.24715021357904277,-0.03310376454639157,0.05736947679730635,0.05957614122032337,0.15887604025608937,0.08605611429652764,-0.05296374435354478,-0.3265901328076556,-0.6090431789538344,-0.6046298501078003,-0.5340165885712557,-0.49429662895694926,-0.34424344819179176,-0.269216857809213,-0.26480352896317894,-0.40161672319023434,-0.5053299510720344,-0.2824568443473151,-0.07282372416069798,0.11253608737273191,0.21404265083151494,0.23610929506168515
0,0,0,0.15446271141005533,0.4920823681316598,0.2316959662156511,0.3354091940974512,0.5097356835157959,0.609035582551562,0.6862688373571577,0.913555272927911,1.1474617017677153,1.3548881575313156,1.498321345027422,1.8028410354037712,2.021300813282456,2.0257141421284905,1.9440675584768605,1.794014377711703,1.7741543979045498,1.8734542969403158,2.0963274036650352,2.0411607930896096,1.8535943171331626,1.8756609613633328,1.791807713288686,1.5314213113726773,1.2710349094566686,1.3438548354162305,1.4166747613757922,1.306341540224941,1.19600831907409,1.3239948556090773,1.410054768106741,1.4630147142591496,1.584381257525086,1.6130678950243071,1.6461678613695625,1.6152745594473241,1.509354667142507,1.288688224840805,0.9466552392731664,0.7899820652389578,0.8407353469683493,0.9179686017739451,0.6995088238952599,0.38174914698080864,0.06398947006635741,-0.12357700589008949,-0.2339102270409406,-0.3199701395386045,-0.5119499443410854,-0.6443498097221068,-0.6509698029911579,-0.5406365818403067,-0.46119666261169395,-0.5318099241482387,-0.5759432126085791,-0.5163632731871195,-0.4479566760735918,-0.3398301193457577,-0.3398301193457577,-0.40382338761325137,-0.5516699039553918,-0.43471668953548964,-0.4280966962664386,-0.6333164876070216,-0.7767496751031282,-0.8076429770253665,-0.8010229837563154,-0.8407429433706218,-1.0923026875945623,-0.8760495741388942,-0.7723363462570941,-0.8782562385619112,-0.8429496077936388,-0.8451562722166558,-0.8892895606769963,-0.8363296145245878,-0.8914962251000134,-0.8782562385619112,-0.6774497760673621,-0.39279006549816625,-0.49870995780298333,-0.368516756844979,-0.21625691165680444,-0.17874361646551506,-0.1147503481980214,0.07502279218144253,0.12577607391083404,-0.11695701262103843,0.09488277198859572,0.0728161277584255,-0.19419026742663423,-0.26480352896317894,-0.32438346838463855,-0.4236833674204046,-0.45457666934264285,-0.44133668280454075,-0.31555681069257047,-0.15667697223534482,0.046336154682221235,0.00661619506791483,-0.03972375781544264,-0.13681699242819162,-0.3067301530005024,-0.5472565751093578,-0.5318099241482387,-0.47002332030376204,-0.5560832328014259,-0.8142629702944175,-0.5869765347236642,-0.3618967635759279,-0.43471668953548964,-0.24715021357904277,-0.11695701262103843,0.019856181606016966,0.2008026642934128,0.08384944987351062
0,0,0,0.2978958989061618,0.41264244890304697,0.25155594602280434,0.4038157912109789,0.4633957306324385,0.4435357508252853,0.46118906620942146,0.7458487767786174,1.0393351450398813,1.2357282786883963,1.3791614661845029,1.703541136368005,1.9197942498236733,1.9220009142466903,1.8734542969403158,1.7123677940600732,1.7344344382902435,1.8491809882871286,1.8227010152109244,1.79622104213472,1.7234011161751583,1.7256077805981753,1.6196878882933583,1.4232947546448433,1.2644149161876177,1.2842748959947707,1.4166747613757922,1.286481560417788,1.286481560417788,1.5314213113726773,1.6505811902155965,1.6505811902155965,1.582174593102069,1.500528009450439,1.4144680969527752,1.2931015536868389,1.2423482719574475,1.2754482383027028,1.0238884940787623,0.7988087229310259,0.7524687700476684,0.7943953940849918,0.518562341207864,0.25155594602280434,0.13018940275686808,0.10812275852669787,-0.01103712031622135,-0.22729023377188956,-0.49870995780298333,-0.5847698703006472,-0.6002165212617664,-0.5097432799180684,-0.43471668953548964,-0.5560832328014259,-0.7568896952959749,-0.8230896279864857,-0.7105497424126175,-0.5406365818403067,-0.5560832328014259,-0.7105497424126175,-0.8208829635634686,-0.6906897626054642,-0.7568896952959749,-0.8319162856785537,-0.8429496077936388,-0.8385362789476047,-0.8297096212555367,-0.9312161847143198,-1.1871892577842944,-0.9907961241357793,-1.037136077019137,-1.2401492039367028,-1.1938092510533453,-1.0967160164405965,-1.0106561039429325,-0.9599028222135411,-0.9466628356754389,-1.0238960904810346,-0.8319162856785537,-0.4920899645339322,-0.4567833337656599,-0.24935687800205977,-0.10151036165991927,-0.1831569453115491,-0.3795500789600641,0.0022028662218807854,0.12798273833385107,-0.0551704087765618,0.011029523913948874,-0.044137086661476685,-0.20963691838775336,-0.368516756844979,-0.42589003184342156,-0.48105664241884716,-0.5516699039553918,-0.6002165212617664,-0.49429662895694926,-0.40603005203626835,-0.3001101597314513,-0.2339102270409406,0.004409530644897808,0.030889503721102076,-0.11916367704405545,-0.45016334049660883,-0.5472565751093578,-0.6995164202975324,-0.7017230847205493,-0.5913898635696982,-0.5119499443410854,-0.17433028761948102,0.044129490259204214,-0.08606371069880012,-0.2030169251187023,-0.03089710012337455,0.23610929506168515,0.17211602679419152
0,0,0,0.19638933544737877,0.21404265083151494,0.15887604025608937,0.22066264410056602,0.2537626104458213,0.24272928833073623,0.27582925467599156,0.5273889988999322,0.900315286389809,1.1209817286915111,1.2644149161876177,1.582174593102069,1.782981055596618,1.7675344046354988,1.6770611632918009,1.7587077469434307,1.6969211430989541,1.6064479017552562,1.3857814594535538,1.5512812911798306,1.5380413046417285,1.4652213786821666,1.392401452722605,1.396814781568639,1.4122614325297582,1.4696347075282008,1.5159746604115583,1.3659214796464008,1.407848103683724,1.6241012171393923,1.6329278748314604,1.582174593102069,1.5270079825266434,1.394608117145622,1.1761483392669367,0.9996151854255749,0.8936952931207579,0.9444485748501493,0.9488619036961834,0.7723287498548216,0.6333088912047492,0.5428356498610513,0.38174914698080864,0.01764951718299994,-0.07061705973768095,0.02426951045205101,-0.12799033473612353,-0.25597687127111085,-0.5009166222260003,-0.673036447221328,-0.5935965279927152,-0.467816655880745,-0.4236833674204046,-0.567116554916511,-0.754683030872958,-0.8914962251000134,-0.8539829299087239,-0.6951030914514983,-0.5825632058776302,-0.7061364135665834,-0.8826695674079452,-0.8848762318309622,-0.957696157790524,-0.9731428087516432,-0.9334228491373368,-0.955489493367507,-0.9599028222135411,-0.9996227818278474,-1.1209893250937837,-1.1320226472088688,-1.0834760299024944,-1.0724427077874092,-1.0812693654794772,-1.1077493385556816,-1.0261027549040518,-0.9532828289444899,-0.8782562385619112,-0.7767496751031282,-0.6244898299149536,-0.4920899645339322,-0.3751367501140301,-0.2912835020393832,-0.2515635424250768,-0.28907683761636616,-0.4082367164592854,-0.05958373762259584,-0.07944371742974905,-0.14785031454327674,-0.02869043570035753,0.008822859490931853,-0.14123032127422566,-0.27142352223223,-0.3221768039616215,-0.32438346838463855,-0.42147670299738754,-0.5053299510720344,-0.4766433135728131,-0.5538765683784089,-0.43471668953548964,-0.11695701262103843,0.30010256332917884,0.05516281237428933,-0.172123623196464,-0.3111434818465364,-0.1434369856972427,-0.40603005203626835,-0.5318099241482387,-0.33762345492274065,-0.368516756844979,-0.2030169251187023,0.01544285275998292,0.06178280564334039,0.013236188336965897,0.05736947679730635,0.2118359864084979,0.2118359864084979
0,0,0,-0.026483771277340508,0.17873602006324257,0.13460273160290212,-0.07061705973768095,-0.11033701935198736,0.01544285275998292,0.12798273833385107,0.33982252294348525,0.7635020921627536,0.9885818633104898,1.200421647920124,1.5270079825266434,1.7542944180973967,1.6174812238703413,1.4541880565670815,1.5490746267568136,1.3637148152233836,1.2533815940725326,1.213661634458226,1.3681281440694177,1.3460614998392475,1.2688282450336517,1.2467616008034814,1.396814781568639,1.4188814257988092,1.4475680632980306,1.480668029643286,1.4299147479138943,1.3438548354162305,1.401228110414673,1.4740480363742348,1.3747481373384687,1.3615081508003666,1.2511749296495156,1.0724351113851367,1.1364283796526304,0.9267952594660132,0.8010153873540429,0.8142553738921451,0.706128817164311,0.6443422133198343,0.4545690729403704,0.1610827046791064,-0.20081026069568528,-0.3464501126148088,-0.4369233539585067,-0.673036447221328,-0.4589899981886769,-0.5737365481855621,-0.7017230847205493,-0.5560832328014259,-0.4589899981886769,-0.3552767703068769,-0.38617007222911515,-0.567116554916511,-0.8341229501015708,-0.8892895606769963,-0.7944029904872644,-0.7679230174110601,-0.8054363126023495,-0.8407429433706218,-0.865016252023809,-0.8186762991404516,-0.763509688565026,-0.8032296481793324,-0.8870828962539793,-0.8959095539460473,-1.0305160837500857,-1.171742606823175,-1.2997291433581624,-1.1651226135541242,-1.065822714518358,-0.9687294799056091,-0.955489493367507,-0.858396258754758,-0.8098496414483835,-0.7326163866427877,-0.5560832328014259,-0.38175674338308113,-0.47002332030376204,-0.5428432462633238,-0.42589003184342156,-0.3552767703068769,-0.33321012607670664,-0.20963691838775336,0.011029523913948874,-0.20522358954171932,-0.22287690492585552,-0.08827037512181714,0.00661619506791483,-0.19639693184965124,-0.4435433472275577,-0.5075366154950514,-0.3508634414608428,-0.4104433808823024,-0.370723421267996,-0.29569683088541726,-0.37734341453704706,-0.39720339434420027,-0.14785031454327674,0.21404265083151494,-0.1655036299274129,-0.3596900991529109,-0.26480352896317894,-0.017657113585272416,-0.1831569453115491,-0.47443664914979605,-0.5097432799180684,-0.3508634414608428,-0.30893681742351936,0.013236188336965897,0.24493595275375327,0.34864918063555334,0.2316959662156511,0.41043578448002993,0.5649022940912215
0,0,0,-0.048550415507510734,0.046336154682221235,-0.09047703954483416,-0.3420367837687747,-0.46340332703471093,-0.18095028088853207,0.046336154682221235,0.29568923448314477,0.6928888306262089,0.9466552392731664,1.182768332535988,1.3703348084924347,1.3835747950305368,1.3438548354162305,1.2754482383027028,1.1695283459978856,0.9598952258112685,1.2313149498423623,1.2953082181098559,1.2379349431114133,1.1871816613820219,1.2313149498423623,1.2335216142653793,1.286481560417788,1.3681281440694177,1.4232947546448433,1.4299147479138943,1.4210880902218261,1.3681281440694177,1.4652213786821666,1.4563947209900987,1.2732415738796856,1.215868298881243,1.1209817286915111,1.1364283796526304,1.2622082517646007,0.9554818969652344,0.6862688373571577,0.5980022604364769,0.6311022267817322,0.7811554075468897,0.45015574409433634,0.06178280564334039,-0.1632969655043959,-0.4920899645339322,-0.6928964270284813,-0.7745430106801111,-0.5163632731871195,-0.5207766020331536,-0.567116554916511,-0.5450499106863408,-0.6708297827983111,-0.5450499106863408,-0.4854699712648812,-0.5472565751093578,-0.7789563395261452,-0.964316151059575,-0.8892895606769963,-0.7502697020269239,-0.7877829972182132,-0.7370297154888218,-0.6487631385681408,-0.7017230847205493,-0.8385362789476047,-0.9422495068294048,-0.8826695674079452,-0.7237897289507196,-1.0989226808636134,-1.3328291097034177,-1.4210956866240987,-1.3129691298962647,-1.2379425395136858,-1.0614093856723241,-0.9069428760611324,-0.865016252023809,-0.7149630712586516,-0.6090431789538344,-0.562703226070477,-0.5847698703006472,-0.754683030872958,-0.6862764337594303,-0.46560999145772797,-0.3310034616536896,-0.42589003184342156,-0.26701019338619597,-0.075030388583715,-0.370723421267996,-0.43251002511247266,-0.3265901328076556,-0.23611689146395765,-0.22949689819490657,-0.4192700385743705,-0.5031232866490174,-0.42147670299738754,-0.562703226070477,-0.4876766356878982,-0.39720339434420027,-0.40382338761325137,-0.38396340780609817,-0.45016334049660883,-0.3464501126148088,-0.3023168241544683,-0.4104433808823024,-0.33762345492274065,-0.15888363665836186,-0.1632969655043959,-0.4567833337656599,-0.29569683088541726,-0.11916367704405545,-0.2824568443473151,0.11694941621876595,0.2316959662156511,0.23390263063866815,0.36850916044270654,0.6642021931269875,0.8451486758143834
0,0,0,-0.1434369856972427,-0.1831569453115491,-0.31776347511558745,-0.3596900991529109,-0.3420367837687747,-0.22508356934887253,-0.044137086661476685,0.26038260371487243,0.6509622065888854,1.0327151517708302,1.1629083527288346,1.0834684335002218,1.017268500809711,1.2313149498423623,1.29972154695589,1.211454970035209,0.9841685344644557,1.0636084536930686,1.182768332535988,1.1165683998454772,1.0503684671549665,1.286481560417788,1.3239948556090773,1.3085482046479582,1.3570948219543326,1.4519813921440645,1.496114680604405,1.5292146469496604,1.5645212777179327,1.599827908486205,1.5424546334877625,1.4409480700289794,1.4652213786821666,1.3681281440694177,1.405641439260707,1.394608117145622,1.001821849848592,0.5009090258237279,0.2890692412140937,0.3574758383276214,0.5913822671674258,0.30451589217521285,0.16328936910212344,0.10370942968066382,-0.43471668953548964,-0.4965032933799663,-0.567116554916511,-0.4920899645339322,-0.27583685107826406,-0.34424344819179176,-0.5340165885712557,-0.7370297154888218,-0.7039297491435664,-0.851776265485707,-0.9268028558682857,-0.9025295472150985,-0.8892895606769963,-0.8561895943317409,-0.7348230510658047,-0.7679230174110601,-1.0459627347112048,-0.9709361443286261,-0.7899896616412303,-0.8495696010626899,-1.1893959222073114,-1.2136692308604986,-1.2004292443223965,-1.5093622635447796,-1.5689422029662392,-1.5976288404654606,-1.4872956193146094,-1.251182526051788,-1.1099560029786986,-0.9422495068294048,-0.8297096212555367,-0.6421431452990898,-0.5251899308791876,-0.5847698703006472,-0.7436497087578728,-0.8451562722166558,-0.7127564068356345,-0.4369233539585067,-0.22067024050283848,-0.3751367501140301,-0.2979034953084343,-0.20743025396473636,-0.41706337415135347,-0.7017230847205493,-0.7657163529880431,-0.5869765347236642,-0.3552767703068769,-0.36631009242196194,-0.3751367501140301,-0.4104433808823024,-0.5163632731871195,-0.49870995780298333,-0.4920899645339322,-0.49870995780298333,-0.4391300183815237,-0.72820305779675365,-0.6840697693364132,-0.5141566087641025,-0.5494632395323749,-0.5560832328014259,-0.43471668953548964,-0.3508634414608428,-0.45457666934264285,-0.2405302203099917,-0.17653695204249803,-0.2515635424250768,0.15446271141005533,0.08605611429652764,0.1610827046791064,0.44132908640226826,0.6619955287039705,0.9025219508128259
0,0,0,-0.12799033473612353,-0.25597687127111085,-0.45016334049660883,-0.36631009242196194,-0.3508634414608428,-0.34865677703782577,-0.17433028761948102,0.12577607391083404,0.44132908640226826,0.712748810433362,0.9400352460041154,0.913555272927911,0.9267952594660132,1.2776549027257198,1.2511749296495156,1.0614017892700516,0.8870752998517067,0.8274953604302472,0.9907885277335069,1.0591951248470346,1.112155070999443,1.29972154695589,1.2666215806106347,1.306341540224941,1.3195815267630433,1.29972154695589,1.392401452722605,1.5314213113726773,1.6682345055997327,1.674854498868784,1.6616145123306816,1.6572011834846476,1.599827908486205,1.4453613988750136,1.5623146132949157,1.5314213113726773,1.1805616681129707,0.47884238159355763,0.1390160604489362,0.09929610083462978,0.19197600660134473,0.04854281910523826,0.0022028662218807854,-0.14785031454327674,-0.4920899645339322,-0.2868701731933492,-0.3508634414608428,-0.48988330011091524,-0.41485670972833644,-0.36631009242196194,-0.5803565414546131,-0.7414430443348557,-0.7193764001046855,-0.955489493367507,-0.955489493367507,-0.8760495741388942,-0.8275029568325196,-0.9113562049071665,-0.9510761645214729,-0.9268028558682857,-0.9885894597127624,-1.1673292779771411,-0.9356295135603537,-0.7657163529880431,-1.2026359087454135,-1.3063491366272135,-1.365929076048673,-1.546875558736069,-1.6307288068107157,-1.8138819539211286,-1.6086621625805455,-1.2313225462446349,-1.2666291770129072,-0.9819694664437112,-0.761303024142009,-0.659796460683226,-0.6487631385681408,-0.6796564404903792,-0.7458563731808898,-0.770129681834077,-0.7392363799118388,-0.6266964943379706,-0.46119666261169395,-0.3552767703068769,-0.2912835020393832,-0.24494354915602573,-0.19419026742663423,-0.27583685107826406,-0.5759432126085791,-0.5207766020331536,-0.3508634414608428,-0.3067301530005024,-0.2030169251187023,-0.2780435155012811,-0.40603005203626835,-0.4192700385743705,-0.47443664914979605,-0.6553831318371919,-0.7855763327951962,-0.7745430106801111,-0.5119499443410854,-0.5097432799180684,-0.6686231183752941,-0.7414430443348557,-0.5053299510720344,-0.29569683088541726,-0.3001101597314513,-0.3883767366521322,-0.5141566087641025,-0.5450499106863408,-0.3001101597314513,-0.12578367031310653,0.11032942294971489,0.3111358854442639,0.3905758046728767,0.90693527965886
0,0,0,0.12356940948781703,0.1015027652576468,-0.28025017992429807,-0.3221768039616215,-0.4391300183815237,-0.49429662895694926,-0.3596900991529109,-0.26039020011714487,0.04192282583618719,0.39719579794192783,0.7480554412016344,1.019475165232728,0.9378285815810983,0.8650086556215366,0.8583886623524855,0.7899820652389578,0.7789487431238727,0.8274953604302472,0.8738353133136046,0.9113486085048941,1.094501755615307,1.2467616008034814,1.107741742153409,1.1562883594597835,1.2224882921502942,1.2269016209963282,1.2732415738796856,1.4674280431051836,1.6395478681005116,1.7300211094442093,1.6108612306012902,1.8116676930958393,1.7851877200196349,1.500528009450439,1.498321345027422,1.3548881575313156,1.0371284806168644,0.5318023277459661,0.24714261717677027,0.046336154682221235,0.026476174875068034,0.044129490259204214,-0.13902365685120865,-0.2912835020393832,-0.4920899645339322,-0.41485670972833644,-0.20963691838775336,-0.30893681742351936,-0.43471668953548964,-0.4192700385743705,-0.6708297827983111,-0.8870828962539793,-1.0084494395199155,-1.1474692981699879,-0.8804629029849282,-0.8495696010626899,-0.9157695337532006,-0.9135628693301835,-0.8628095876007921,-0.8385362789476047,-0.8914962251000134,-1.2842824923970433,-1.2423558683597198,-1.255595854897822,-1.4652289750844392,-1.34606909624152,-1.3262091164343668,-1.3217957875883326,-1.3879957202788433,-1.7035487327702776,-1.6086621625805455,-1.3328291097034177,-1.3041424722041965,-0.962109486636558,-0.7723363462570941,-0.666416453952277,-0.6200765010689195,-0.6995164202975324,-0.6928964270284813,-0.7237897289507196,-0.8451562722166558,-0.56049656164746,-0.4435433472275577,-0.36410342799894496,-0.2824568443473151,-0.33541679049972367,-0.370723421267996,-0.32879679723067257,-0.3751367501140301,-0.26701019338619597,-0.24494354915602573,-0.30452348857748535,-0.19639693184965124,-0.22287690492585552,-0.24715021357904277,-0.22949689819490657,-0.27142352223223,-0.5472565751093578,-0.7966096549102814,-0.7679230174110601,-0.33762345492274065,-0.38617007222911515,-0.5869765347236642,-0.5980098568387493,-0.37734341453704706,-0.269216857809213,-0.2979034953084343,-0.567116554916511,-0.6818631049133962,-0.6311098231840047,-0.45457666934264285,-0.20743025396473636,-0.050757079930527756,0.08826277871954466,0.24714261717677027,0.7039221527412939
0,0,0,-0.3067301530005024,-0.3199701395386045,-0.36631009242196194,-0.3067301530005024,-0.47443664914979605,-0.6289031587609877,-0.569323219339528,-0.30452348857748535,0.01544285275998292,0.322169207559349,0.6333088912047492,0.8826619710056728,0.611242246974579,0.5031156902467449,0.5472489787070853,0.5913822671674258,0.710542146010345,0.7304021258174982,0.712748810433362,0.7590887633167195,1.0591951248470346,1.2666215806106347,1.2644149161876177,1.209248305612192,1.2798615671487368,1.2357282786883963,1.1893883258050388,1.493908016181388,1.591001250794137,1.6461678613695625,1.6483745257925795,1.9462742228998775,2.072054095011848,1.974960860399099,1.7476744248283456,1.3151681979170091,1.0305084873478132,0.7833620719699067,0.6708221863960386,0.3883691402498597,0.026476174875068034,-0.12799033473612353,-0.16991695877344698,-0.14785031454327674,-0.3883767366521322,-0.6024231856847834,-0.3199701395386045,-0.3111434818465364,-0.45457666934264285,-0.5296032597252216,-0.6244898299149536,-0.6531764674141749,-0.8539829299087239,-1.0194827616350006,-0.6928964270284813,-0.8561895943317409,-0.9753494731746601,-0.8738429097158771,-0.8451562722166558,-0.8341229501015708,-0.9113562049071665,-1.0945093520175795,-1.1209893250937837,-1.3571024183566052,-1.5203955856598648,-1.3593090827796221,-1.3902023847018603,-1.540255565467018,-1.6903087462321755,-1.827121940459231,-1.63514213565675,-1.3173824587422986,-1.0040361106738815,-0.763509688565026,-0.7524763664499409,-0.72820305779675365,-0.666416453952277,-0.7657163529880431,-0.8429496077936388,-0.9334228491373368,-0.9400428424063878,-0.5472565751093578,-0.49870995780298333,-0.569323219339528,-0.6266964943379706,-0.4876766356878982,-0.3994100587672173,-0.28907683761636616,-0.15447030781232782,-0.1655036299274129,-0.370723421267996,-0.4082367164592854,-0.24935687800205977,-0.2339102270409406,-0.09047703954483416,0.008822859490931853,-0.044137086661476685,-0.3905834010751492,-0.7171697356816685,-0.7877829972182132,-0.5494632395323749,-0.46119666261169395,-0.48988330011091524,-0.5075366154950514,-0.4236833674204046,-0.5075366154950514,-0.6134565077998685,-0.657589796260209,-0.5759432126085791,-0.4788499779958301,-0.39720339434420027,-0.31555681069257047,-0.37293008569101305,0.0529561479512723,0.2890692412140937,0.4369157575562342
0,0,0,-0.4303033606894556,-0.6068365145308174,-0.45237000491962587,-0.20743025396473636,-0.3199701395386045,-0.39279006549816625,-0.3994100587672173,-0.14785031454327674,0.27362259025297453,0.5362156565920002,0.7502621056246515,0.8628019911985195,0.520769005630881,0.46118906620942146,0.5009090258237279,0.5626956296682045,0.90693527965886,0.8561819979294685,0.7281954613944812,0.7370221190865492,1.0724351113851367,1.2335216142653793,1.2953082181098559,1.306341540224941,1.4122614325297582,1.2798615671487368,1.2622082517646007,1.674854498868784,1.582174593102069,1.6086545661782732,1.7278144450211923,1.8535943171331626,1.794014377711703,1.789601048865669,1.6704411700227497,1.2820682315717538,1.198214983497107,1.107741742153409,0.8738353133136046,0.4744290527475236,0.04854281910523826,-0.11916367704405545,0.0022028662218807854,-0.044137086661476685,-0.269216857809213,-0.4766433135728131,-0.42147670299738754,-0.40161672319023434,-0.6156631722228855,-0.8363296145245878,-0.8275029568325196,-0.40161672319023434,-0.5362232529942726,-0.6531764674141749,-0.4280966962664386,-0.4920899645339322,-0.666416453952277,-0.8076429770253665,-0.955489493367507,-0.9819694664437112,-1.0437560702881878,-1.1033360097096474,-1.1165759962477495,-1.3902023847018603,-1.4806756260455582,-1.443162330854269,-1.3725490693177242,-1.4895022837376264,-1.7741619943068223,-1.8822885510346563,-1.5203955856598648,-1.1342293116318858,-0.962109486636558,-0.8848762318309622,-0.7811630039491622,-0.860602923177775,-0.8914962251000134,-0.8142629702944175,-0.72820305779675365,-0.8142629702944175,-0.8164696347174345,-0.6818631049133962,-0.8407429433706218,-0.6951030914514983,-0.5538765683784089,-0.40382338761325137,-0.24494354915602573,-0.008830455893204327,0.10812275852669787,0.0022028662218807854,-0.39279006549816625,-0.41485670972833644,-0.30893681742351936,-0.35307010588385984,-0.14785031454327674,-0.075030388583715,-0.09047703954483416,-0.2537702068480938,-0.567116554916511,-0.5318099241482387,-0.28907683761636616,-0.2427368847330087,-0.43251002511247266,-0.6377298164530557,-0.7348230510658047,-0.6796564404903792,-0.6531764674141749,-0.6796564404903792,-0.5781498770315961,-0.370723421267996,-0.4192700385743705,-0.5428432462633238,-0.5163632731871195,0.079436121027476575,0.25155594602280434,0.1323960671798851
0,0,0,-0.3949967299211833,-0.5450499106863408,-0.31555681069257047,0.013236188336965897,0.0926761075655787,-0.06841039531466393,-0.20963691838775336,-0.13240366358215758,0.1699093623711745,0.3839558114038257,0.6200689046666471,0.7635020921627536,0.6796488440881067,0.6509622065888854,0.5516623075531194,0.5913822671674258,0.9621018902342856,1.0547817960010004,0.9687218835033367,0.9863751988874728,1.2180749633042602,1.2246949565733112,1.306341540224941,1.394608117145622,1.4541880565670815,1.4563947209900987,1.5424546334877625,1.7410544315592944,1.582174593102069,1.5512812911798306,1.703541136368005,1.809461028672822,1.602034572909222,1.5159746604115583,1.4255014190678603,1.2335216142653793,1.1629083527288346,1.182768332535988,0.9643085546573026,0.5384223210150172,0.28024258352202563,0.20742265756246386,0.079436121027476575,-0.172123623196464,-0.18757027415758315,-0.36410342799894496,-0.4722299847267791,-0.5494632395323749,-0.6906897626054642,-0.7723363462570941,-0.7061364135665834,-0.2515635424250768,-0.3265901328076556,-0.5318099241482387,-0.567116554916511,-0.4854699712648812,-0.5141566087641025,-0.8054363126023495,-1.068029378941375,-1.0393427414421539,-1.0945093520175795,-1.1187826606707667,-1.1761559356692093,-1.458608981815388,-1.3438624318185028,-1.3703424048947073,-1.4784689616225413,-1.445368995277286,-1.7653353366147542,-1.7609220077687202,-1.3615157472026391,-1.0967160164405965,-1.0614093856723241,-1.0194827616350006,-0.8186762991404516,-0.8738429097158771,-1.0614093856723241,-1.0437560702881878,-0.7833696683721793,-0.6553831318371919,-0.5053299510720344,-0.5185699376101365,-0.8054363126023495,-0.5296032597252216,-0.3508634414608428,-0.2515635424250768,-0.13681699242819162,0.18535601333229365,0.2493492815997873,0.028682839298085055,-0.4082367164592854,-0.3420367837687747,-0.28907683761636616,-0.2912835020393832,-0.11695701262103843,-0.1831569453115491,-0.18095028088853207,-0.1346103280051746,-0.33762345492274065,-0.34865677703782577,-0.2118435828107704,-0.17874361646551506,-0.5273965953022046,-0.9157695337532006,-0.9907961241357793,-0.7436497087578728,-0.5958031924157323,-0.7392363799118388,-0.8252962924095026,-0.657589796260209,-0.46560999145772797,-0.6509698029911579,-0.5958031924157323,-0.05958373762259584,0.04854281910523826,0.08826277871954466
0,0,0,-0.3552767703068769,-0.21846357607982148,0.05516281237428933,0.3023092277521958,0.34202918736650223,0.046336154682221235,-0.1919836030036172,-0.0948903683908682,0.16549603352514045,0.3265825364053831,0.46560239505545553,0.5671089585142386,0.6355155556277662,0.6730288508190556,0.7370221190865492,0.7017154883182769,0.8848686354286898,1.2511749296495156,1.2445549363804644,1.2070416411891751,1.2622082517646007,1.2423482719574475,1.301928211378907,1.29972154695589,1.2820682315717538,1.500528009450439,1.511561331565524,1.597621244063188,1.5556946200258646,1.286481560417788,1.3482681642622645,1.394608117145622,1.2511749296495156,1.200421647920124,1.1540816950367665,1.0437484738859153,0.9245885950429962,0.9863751988874728,0.9554818969652344,0.712748810433362,0.5406289854380343,0.3574758383276214,0.013236188336965897,-0.28466350877033214,-0.22508356934887253,-0.5009166222260003,-0.5538765683784089,-0.5273965953022046,-0.6509698029911579,-0.46119666261169395,-0.45016334049660883,-0.4236833674204046,-0.33762345492274065,-0.5207766020331536,-0.6333164876070216,-0.5891831991466813,-0.5075366154950514,-0.8297096212555367,-1.0415494058651709,-1.0062427750968985,-1.0790627010564602,-1.1276093183628346,-1.1871892577842944,-1.3328291097034177,-1.2798691635510093,-1.3593090827796221,-1.4872956193146094,-1.4961222770066775,-1.9529018125712012,-1.827121940459231,-1.4188890222010817,-1.171742606823175,-1.1761559356692093,-1.0900960231715453,-0.9952094529818134,-0.9974161174048304,-1.1871892577842944,-1.158502620285073,-0.9665228154825921,-0.8054363126023495,-0.6222831654919365,-0.659796460683226,-0.7436497087578728,-0.38175674338308113,-0.26701019338619597,-0.2427368847330087,-0.16771029435042994,0.22507597294660006,0.34423585178951926,0.013236188336965897,-0.4391300183815237,-0.370723421267996,-0.22287690492585552,-0.2030169251187023,-0.19860359627266827,-0.2537702068480938,-0.18757027415758315,-0.12357700589008949,-0.17653695204249803,-0.2934901664624002,-0.32438346838463855,-0.37734341453704706,-0.6377298164530557,-0.8473629366396729,-0.8076429770253665,-0.66420978952926,-0.5869765347236642,-0.6686231183752941,-0.7679230174110601,-0.7061364135665834,-0.4876766356878982,-0.6708297827983111,-0.6311098231840047,-0.3398301193457577,-0.2339102270409406,0.05074948352825528
0,0,0,-0.01986377800828944,-0.09930369723690224,0.06840279891239145,0.2780359190990086,0.2383159594847022,0.04192282583618719,0.05736947679730635,0.15004938256402128,0.2692092614069405,0.3795424825577916,0.5097356835157959,0.5428356498610513,0.5869689383213917,0.6774421796650897,0.8870752998517067,0.7833620719699067,0.8716286488905877,1.202628312343141,1.103328413307375,1.1562883594597835,1.2224882921502942,1.286481560417788,1.19600831907409,1.0216818296557453,1.019475165232728,1.2776549027257198,1.1320150508065963,1.2688282450336517,1.392401452722605,1.1915949902280558,1.2048349767661581,1.004028514271609,0.8164620383151621,0.8782486421596387,0.9731352123493707,0.9400352460041154,0.7988087229310259,0.7237821325484471,0.9929951921565239,1.0437484738859153,0.8782486421596387,0.611242246974579,0.05516281237428933,-0.3221768039616215,-0.46119666261169395,-0.6906897626054642,-0.6752431116443451,-0.6399364808760728,-0.6090431789538344,-0.172123623196464,-0.31555681069257047,-0.39720339434420027,-0.2581835356941279,-0.3795500789600641,-0.36631009242196194,-0.3883767366521322,-0.3905834010751492,-0.5737365481855621,-0.7657163529880431,-0.8694295808698431,-1.0018294462508643,-1.1629159491311072,-1.1276093183628346,-1.1496759625930049,-1.257802519320839,-1.2335292106676519,-1.2886958212430775,-1.4233023510471157,-1.8006419673830265,-1.7896086452679414,-1.5137755923908136,-1.2864891568200603,-1.3416557673954859,-1.1320226472088688,-1.1165759962477495,-1.2114625664374816,-1.2666291770129072,-1.0415494058651709,-0.9003228827920814,-0.8098496414483835,-0.5318099241482387,-0.5715298837625451,-0.6222831654919365,-0.4479566760735918,-0.45457666934264285,-0.20081026069568528,-0.07723705300673202,0.10812275852669787,0.4236757710181321,0.19197600660134473,-0.06179040204561287,-0.022070442431306462,-0.13902365685120865,-0.3420367837687747,-0.5009166222260003,-0.5273965953022046,-0.3420367837687747,-0.26480352896317894,-0.2427368847330087,-0.32438346838463855,-0.5119499443410854,-0.569323219339528,-0.5538765683784089,-0.5273965953022046,-0.5251899308791876,-0.6333164876070216,-0.7568896952959749,-0.5560832328014259,-0.5384299174172897,-0.6333164876070216,-0.5803565414546131,-0.4788499779958301,-0.31776347511558745,-0.19639693184965124,-0.12799033473612353,0.1412227248719532
0,0,0,-0.06841039531466393,-0.29569683088541726,-0.27142352223223,-0.08606371069880012,0.15887604025608937,0.24052262390771922,0.28465591236805965,0.3309958652514171,0.32878920082840013,0.24052262390771922,0.17652935564022557,0.37292248928874056,0.4964956969776938,0.6002089248594938,0.7039221527412939,0.708335481587328,0.7237821325484471,0.7988087229310259,0.7436421123556003,0.9532752325422175,1.0790551046541879,1.0812617690772048,0.9797552056184218,0.8782486421596387,0.8341153536992982,0.8826619710056728,0.812048709469128,0.809842045046111,0.913555272927911,1.0525751315779834,1.2776549027257198,0.997408521002558,0.7304021258174982,0.706128817164311,0.8870752998517067,0.9753418767723877,0.8892819642747238,0.7635020921627536,0.8539753335064515,0.7767420787008557,0.8142553738921451,0.7833620719699067,0.2493492815997873,-0.273630186655247,-0.4965032933799663,-0.5803565414546131,-0.7193764001046855,-0.7480630376039068,-0.6002165212617664,-0.17653695204249803,-0.21625691165680444,-0.2405302203099917,-0.13902365685120865,-0.03310376454639157,0.4633957306324385,0.30010256332917884,-0.05296374435354478,-0.21625691165680444,-0.4369233539585067,-0.6355231520300387,-0.8319162856785537,-1.0878893587485283,-1.0812693654794772,-1.0812693654794772,-1.1783626000922263,-1.0614093856723241,-1.2776624991279923,-1.5711488673892562,-1.7918153096909586,-1.7631286721917372,-1.5932155116194264,-1.3879957202788433,-1.3416557673954859,-1.3217957875883326,-1.2975224789351454,-1.4078557000859966,-1.4100623645090136,-1.0812693654794772,-0.8628095876007921,-0.7171697356816685,-0.4391300183815237,-0.27583685107826406,-0.43471668953548964,-0.5163632731871195,-0.44133668280454075,-0.14123032127422566,-0.13240366358215758,-0.16771029435042994,0.08826277871954466,-0.10592369050595332,-0.08606371069880012,0.022062846029033988,-0.26480352896317894,-0.7215830645277026,-0.8252962924095026,-0.6553831318371919,-0.46119666261169395,-0.48105664241884716,-0.4435433472275577,-0.35748343472989386,-0.370723421267996,-0.4369233539585067,-0.3464501126148088,-0.2339102270409406,-0.45237000491962587,-0.6134565077998685,-0.659796460683226,-0.46340332703471093,-0.28466350877033214,-0.5935965279927152,-0.7304097222197706,-0.4567833337656599,-0.19419026742663423,-0.07282372416069798,0.06619613448937443,0.27362259025297453
0,0,0,-0.2868701731933492,-0.567116554916511,-0.4567833337656599,-0.008830455893204327,0.3751291537117576,0.3707158248657235,0.30451589217521285,0.2625892681378894,0.14563605371798724,0.028682839298085055,-0.03089710012337455,0.15887604025608937,0.34202918736650223,0.39719579794192783,0.35306250948158735,0.2692092614069405,0.3905758046728767,0.4280890998641661,0.45015574409433634,0.6509622065888854,0.8892819642747238,0.9267952594660132,0.8385286825453323,0.8650086556215366,0.8870752998517067,0.7899820652389578,0.6906821662031918,0.6928888306262089,0.6597888642809535,0.909141944081877,1.306341540224941,1.1011217488843579,0.7370221190865492,0.6708221863960386,0.8959019575437749,1.0812617690772048,1.0260951585017792,0.9223819306199792,0.8363220181223153,0.4766357171705406,0.518562341207864,0.6752355152420726,0.4854623748626087,-0.18977693858060016,-0.41485670972833644,-0.40382338761325137,-0.562703226070477,-0.4567833337656599,-0.3265901328076556,-0.09709703281388522,0.028682839298085055,-0.11033701935198736,-0.048550415507510734,0.22286930852358303,0.80322205177706,0.8208753671611961,0.3067225565982299,-0.06179040204561287,-0.19860359627266827,-0.4280966962664386,-0.7502697020269239,-1.068029378941375,-1.1871892577842944,-1.0900960231715453,-1.1165759962477495,-1.244562532782737,-1.4895022837376264,-1.7278220414234648,-1.8227086116131967,-1.6947220750782095,-1.6881020818091583,-1.5027422702757285,-1.4784689616225413,-1.63514213565675,-1.3615157472026391,-1.3747557337407412,-1.3946157135478945,-1.1651226135541242,-0.8760495741388942,-0.7348230510658047,-0.6178698366459026,-0.40603005203626835,-0.659796460683226,-0.6046298501078003,-0.4082367164592854,-0.3067301530005024,-0.3464501126148088,-0.3398301193457577,-0.2427368847330087,-0.3508634414608428,-0.273630186655247,-0.2405302203099917,-0.2979034953084343,-0.4104433808823024,-0.6509698029911579,-0.6840697693364132,-0.5891831991466813,-0.5869765347236642,-0.4567833337656599,-0.3949967299211833,-0.4082367164592854,-0.40382338761325137,-0.2339102270409406,-0.172123623196464,-0.33321012607670664,-0.40161672319023434,-0.4920899645339322,-0.37293008569101305,-0.12137034146707247,-0.4303033606894556,-0.6465564741451238,-0.5229832664561705,-0.22287690492585552,-0.09930369723690224,-0.013243784739238372,0.04854281910523826
0,0,0,-0.2912835020393832,-0.3905834010751492,-0.30893681742351936,0.04192282583618719,0.41043578448002993,0.2780359190990086,0.11253608737273191,0.05957614122032337,0.039716161413170165,-0.048550415507510734,-0.1655036299274129,-0.11916367704405545,0.14563605371798724,0.16770269794815748,0.06840279891239145,-0.044137086661476685,0.19418267102436174,0.4457424152483023,0.4964956969776938,0.5251823344769151,0.8385286825453323,0.8297020248532642,0.6796488440881067,0.5362156565920002,0.6774421796650897,0.6266888979356982,0.6531688710119025,0.8561819979294685,0.8628019911985195,0.9466552392731664,1.0680217825391027,0.9952018565795409,0.712748810433362,0.7458487767786174,0.9621018902342856,1.0459551383089325,0.807635380623094,0.80322205177706,0.7943953940849918,0.5075290190927789,0.41043578448002993,0.4722223883245066,0.38174914698080864,-0.18536360973456611,-0.3552767703068769,-0.2780435155012811,-0.13681699242819162,-0.004417127047170282,0.06398947006635741,0.13680939602591916,0.22286930852358303,-0.15667697223534482,-0.050757079930527756,0.419262442172098,0.9223819306199792,0.9709285479263536,0.2824492479450426,-0.40603005203626835,-0.562703226070477,-0.49870995780298333,-0.6973097558745154,-1.070236043364392,-1.3571024183566052,-1.2798691635510093,-1.3306224452804007,-1.4872956193146094,-1.643968793348818,-1.6660354375789883,-1.5534955520051201,-1.4762622971995243,-1.6219021491186478,-1.5049489346987455,-1.6263154779646818,-1.7874019808449244,-1.456402317392371,-1.6042488337345115,-1.5071555991217627,-1.2732491702819582,-1.0415494058651709,-0.8716362452928601,-0.9091495404841495,-0.9091495404841495,-0.9157695337532006,-0.6620031251062429,-0.5163632731871195,-0.5649098904934939,-0.48988330011091524,-0.47002332030376204,-0.42147670299738754,-0.36410342799894496,-0.15667697223534482,-0.048550415507510734,-0.12137034146707247,-0.2140502472337874,-0.370723421267996,-0.6443498097221068,-0.8164696347174345,-0.8429496077936388,-0.666416453952277,-0.5737365481855621,-0.5958031924157323,-0.5715298837625451,-0.3067301530005024,-0.24715021357904277,-0.28466350877033214,-0.21625691165680444,-0.26701019338619597,-0.2140502472337874,-0.046343751084493706,-0.19419026742663423,-0.4391300183815237,-0.5031232866490174,-0.32438346838463855,-0.15226364338931078,-0.006623791470187304,0.04192282583618719
0,0,0,-0.3795500789600641,-0.14785031454327674,-0.22287690492585552,-0.12357700589008949,0.09929610083462978,0.16770269794815748,0.1610827046791064,0.09046944314256168,0.026476174875068034,-0.075030388583715,-0.35307010588385984,-0.3221768039616215,-0.06841039531466393,-0.19860359627266827,-0.12578367031310653,-0.08606371069880012,0.02426951045205101,0.19418267102436174,0.29348257006012773,0.3773358181347746,0.6642021931269875,0.6311022267817322,0.5847622738983748,0.5582823008221705,0.611242246974579,0.4545690729403704,0.5980022604364769,0.6995088238952599,0.609035582551562,0.7612954277397365,0.915761937350928,0.9025219508128259,0.7326087902405152,0.7855687363929238,0.9334152527350643,0.9466552392731664,0.609035582551562,0.5362156565920002,0.5980022604364769,0.5737289517832896,0.43029576428718314,0.37292248928874056,0.22066264410056602,-0.12137034146707247,-0.23832355588697465,-0.18757027415758315,-0.006623791470187304,0.20742265756246386,0.4479490796713193,0.3089292210212469,0.05516281237428933,-0.18095028088853207,0.026476174875068034,0.3861624758268427,0.5891756027444087,0.09488277198859572,-0.43251002511247266,-0.6465564741451238,-0.7149630712586516,-0.6465564741451238,-0.6112498433768515,-0.8032296481793324,-1.1474692981699879,-1.350482425087554,-1.529222243351933,-1.6174888202726136,-1.63514213565675,-1.5667355385432222,-1.646175457771835,-1.5755621962352904,-1.5380489010440008,-1.4365423375852178,-1.3857890558558263,-1.4210956866240987,-1.4078557000859966,-1.637348800079767,-1.529222243351933,-1.4166823577780647,-1.3968223779709115,-1.1011293452866304,-1.2070492375914474,-1.2401492039367028,-0.9996227818278474,-0.7767496751031282,-0.6818631049133962,-0.66420978952926,-0.5560832328014259,-0.44133668280454075,-0.3596900991529109,-0.25597687127111085,-0.11916367704405545,0.15446271141005533,0.17652935564022557,0.039716161413170165,0.08605611429652764,-0.15447030781232782,-0.4722299847267791,-0.6752431116443451,-0.673036447221328,-0.6708297827983111,-0.6509698029911579,-0.56049656164746,-0.2427368847330087,-0.14564365012025973,-0.2537702068480938,-0.15447030781232782,0.2383159594847022,0.12577607391083404,-0.01986377800828944,-0.10592369050595332,-0.18977693858060016,-0.31555681069257047,-0.3111434818465364,-0.1655036299274129,0.030889503721102076,0.18314934890927662
0,0,0,-0.42147670299738754,-0.2030169251187023,-0.32438346838463855,-0.39720339434420027,-0.19639693184965124,0.1323960671798851,0.1699093623711745,0.011029523913948874,-0.09047703954483416,-0.20081026069568528,-0.5803565414546131,-0.5340165885712557,-0.41265004530531946,-0.5980098568387493,-0.34424344819179176,-0.38175674338308113,-0.38396340780609817,-0.15888363665836186,0.0022028662218807854,-0.0022104626241532597,-0.03751709339242562,-0.05296374435354478,0.01764951718299994,0.2868625767910767,0.4744290527475236,0.3111358854442639,0.6796488440881067,0.7480554412016344,0.5671089585142386,0.6730288508190556,0.9819618700414388,1.0591951248470346,0.8694219844675706,0.7304021258174982,0.7943953940849918,0.8230820315842131,0.6619955287039705,0.4876690392856257,0.4722223883245066,0.4589824017864044,0.37292248928874056,0.34864918063555334,0.27582925467599156,0.26479593256090644,0.24052262390771922,-0.15005697896629377,-0.09268370396785118,0.2118359864084979,0.6222755690896641,0.5604889652451874,0.1610827046791064,-0.16109030108137887,-0.09047703954483416,-0.2118435828107704,-0.31555681069257047,-0.4722299847267791,-0.6686231183752941,-0.6620031251062429,-0.7458563731808898,-0.9356295135603537,-0.9996227818278474,-0.9245961914452686,-1.0834760299024944,-1.3813757270097924,-1.6086621625805455,-1.6307288068107157,-1.542462229890035,-1.4277156798931498,-1.5336355721979669,-1.5865955183503755,-1.5358422366209838,-1.4917089481606434,-1.3857890558558263,-1.3725490693177242,-1.4255090154701326,-1.4961222770066775,-1.4784689616225413,-1.529222243351933,-1.4961222770066775,-1.2313225462446349,-1.2710425058589412,-1.2070492375914474,-1.0194827616350006,-0.8628095876007921,-0.6553831318371919,-0.6818631049133962,-0.5803565414546131,-0.20743025396473636,-0.13240366358215758,-0.18536360973456611,-0.11033701935198736,0.29568923448314477,0.6487555421658684,0.7304021258174982,0.5582823008221705,0.2118359864084979,-0.08165038185276607,-0.3001101597314513,-0.3795500789600641,-0.5450499106863408,-0.6156631722228855,-0.5450499106863408,-0.28025017992429807,-0.017657113585272416,-0.3310034616536896,-0.5009166222260003,-0.15005697896629377,-0.07061705973768095,-0.15005697896629377,-0.20963691838775336,-0.14564365012025973,-0.18757027415758315,-0.15226364338931078,-0.048550415507510734,0.10812275852669787,0.315549214290298
0,0,0,-0.5803565414546131,-0.5958031924157323,-0.3905834010751492,-0.1632969655043959,-0.18095028088853207,-0.09930369723690224,-0.12137034146707247,-0.5472565751093578,-0.7855763327951962,-0.8341229501015708,-0.9356295135603537,-0.8539829299087239,-0.7723363462570941,-0.7348230510658047,-0.5472565751093578,-0.6686231183752941,-0.7326163866427877,-0.5406365818403067,-0.3464501126148088,-0.4435433472275577,-0.37293008569101305,-0.28025017992429807,-0.42147670299738754,-0.15226364338931078,0.25596927486883836,0.51414901236183,0.7414354479325833,0.6995088238952599,0.5825556094753577,0.6531688710119025,0.9466552392731664,0.915761937350928,0.8252886960072302,0.7546754344706854,0.6995088238952599,0.6884755017801748,0.5869689383213917,0.40160912678796185,0.44132908640226826,0.36850916044270654,0.29348257006012773,0.34202918736650223,0.12136274506479999,0.13460273160290212,0.14784271814100428,-0.3067301530005024,-0.12799033473612353,0.18314934890927662,0.5737289517832896,0.7281954613944812,0.22066264410056602,-0.25597687127111085,-0.5516699039553918,-0.6862764337594303,-0.7370297154888218,-0.7723363462570941,-0.7745430106801111,-0.7811630039491622,-0.8826695674079452,-0.9775561375976772,-1.0459627347112048,-1.063616050095341,-1.158502620285073,-1.3438624318185028,-1.5071555991217627,-1.5005356058527115,-1.5336355721979669,-1.3438624318185028,-1.1055426741326646,-1.3217957875883326,-1.4850889548915924,-1.5248089145058987,-1.4299223443161668,-1.4166823577780647,-1.5821821895043413,-1.7079620616163116,-1.6748620952710562,-1.6770687596940732,-1.5865955183503755,-1.3306224452804007,-1.070236043364392,-0.9268028558682857,-0.8429496077936388,-0.7833696683721793,-0.6134565077998685,-0.7414430443348557,-0.7061364135665834,-0.370723421267996,-0.12137034146707247,-0.15888363665836186,-0.06179040204561287,0.30451589217521285,0.6840621729341407,0.9422419104271323,0.9444485748501493,0.6487555421658684,0.2692092614069405,-0.12357700589008949,-0.41265004530531946,-0.5869765347236642,-0.5560832328014259,-0.5737365481855621,-0.5097432799180684,-0.3552767703068769,-0.40382338761325137,-0.5053299510720344,-0.4589899981886769,-0.34865677703782577,-0.24935687800205977,-0.20963691838775336,-0.172123623196464,-0.16109030108137887,0.008822859490931853,0.12356940948781703,0.19418267102436174,0.25155594602280434
0,0,0,-0.5649098904934939,-0.5847698703006472,-0.5185699376101365,-0.28907683761636616,-0.45237000491962587,-0.6156631722228855,-0.7370297154888218,-0.964316151059575,-1.1320226472088688,-1.2401492039367028,-1.248975861628771,-1.2158758952835156,-1.1209893250937837,-1.0128627683659495,-0.8782562385619112,-0.860602923177775,-1.0062427750968985,-0.9400428424063878,-0.6178698366459026,-0.5207766020331536,-0.35748343472989386,-0.26701019338619597,-0.42147670299738754,-0.26701019338619597,0.08384944987351062,0.39278246909589376,0.5229756700538981,0.5560756363991535,0.46560239505545553,0.4920823681316598,0.7568820988937025,0.80322205177706,0.8936952931207579,0.9929951921565239,0.9356219171580813,0.8870752998517067,0.5891756027444087,0.35306250948158735,0.4964956969776938,0.48987570370864275,0.419262442172098,0.2978958989061618,-0.008830455893204327,-0.08165038185276607,-0.23611689146395765,-0.33762345492274065,0.2625892681378894,0.3089292210212469,0.39278246909589376,0.5251823344769151,0.04192282583618719,-0.16991695877344698,-0.3596900991529109,-0.5803565414546131,-0.7877829972182132,-0.964316151059575,-1.0945093520175795,-1.1651226135541242,-1.1761559356692093,-1.0746493722104262,-1.0878893587485283,-1.2732491702819582,-1.2798691635510093,-1.2842824923970433,-1.3107624654732475,-1.3615157472026391,-1.6020421693114946,-1.3946157135478945,-1.171742606823175,-1.544668894313052,-1.4608156462384052,-1.4012357068169454,-1.3571024183566052,-1.2953158145121284,-1.555702216428137,-1.7984353029600095,-1.860221906804486,-1.8116752894981116,-1.7675420010377711,-1.5821821895043413,-1.2820758279740263,-1.0900960231715453,-0.9069428760611324,-0.7921963260642473,-0.7568896952959749,-0.7723363462570941,-0.7083430779896005,-0.4766433135728131,-0.17874361646551506,-0.0948903683908682,0.1390160604489362,0.61786224024363,1.202628312343141,1.5667279421409497,1.4894946873353538,1.1496683661907325,0.5362156565920002,-0.11033701935198736,-0.38175674338308113,-0.4766433135728131,-0.45237000491962587,-0.5560832328014259,-0.6090431789538344,-0.5251899308791876,-0.36410342799894496,-0.31776347511558745,-0.40603005203626835,-0.38175674338308113,-0.21846357607982148,-0.2581835356941279,-0.2140502472337874,-0.13019699915914057,0.06840279891239145,0.14784271814100428,0.19197600660134473,0.23390263063866815
0,0,0,-0.9665228154825921,-0.7921963260642473,-0.6509698029911579,-0.6774497760673621,-0.9091495404841495,-0.8870828962539793,-1.1386426404779197,-1.456402317392371,-1.363722411625656,-1.3769623981637582,-1.3990290423939284,-1.363722411625656,-1.260009183743856,-1.1629159491311072,-1.0724427077874092,-0.9510761645214729,-0.9731428087516432,-1.0349294125961197,-0.8561895943317409,-0.5428432462633238,-0.4280966962664386,-0.39720339434420027,-0.4104433808823024,-0.2780435155012811,0.03750949699015314,0.14784271814100428,0.21624931525453198,0.4567757373633874,0.5097356835157959,0.4876690392856257,0.6002089248594938,0.809842045046111,1.0702284469621197,1.2820682315717538,1.3129615334939921,1.1540816950367665,0.6619955287039705,0.414849113326064,0.518562341207864,0.5075290190927789,0.4280890998641661,0.23610929506168515,-0.006623791470187304,0.022062846029033988,-0.0022104626241532597,0.07502279218144253,0.46118906620942146,0.3839558114038257,0.1809426844862596,-0.1655036299274129,-0.5428432462633238,-0.29569683088541726,-0.32438346838463855,-0.4589899981886769,-0.6951030914514983,-1.0128627683659495,-1.1165759962477495,-1.1871892577842944,-1.2798691635510093,-1.1783626000922263,-1.2909024856660944,-1.3791690625867752,-1.0305160837500857,-1.1849825933612772,-1.2688358414359242,-1.3217957875883326,-1.5071555991217627,-1.3416557673954859,-1.255595854897822,-1.4608156462384052,-1.2909024856660944,-1.145262633746971,-1.2269092173986007,-1.4475756597003029,-1.555702216428137,-1.7763686587298393,-1.9131818529568947,-1.8933218731497414,-1.8778752221886224,-1.7631286721917372,-1.5821821895043413,-1.4299223443161668,-1.2269092173986007,-0.9753494731746601,-0.6752431116443451,-0.42147670299738754,-0.4722299847267791,-0.4236833674204046,-0.2427368847330087,0.011029523913948874,0.5031156902467449,1.2467616008034814,1.8624209748252307,2.1404606921253757,1.8690409680942819,1.3570948219543326,0.712748810433362,0.02426951045205101,-0.15667697223534482,-0.26701019338619597,-0.3751367501140301,-0.4788499779958301,-0.5869765347236642,-0.5340165885712557,-0.3199701395386045,-0.09930369723690224,-0.37293008569101305,-0.4369233539585067,-0.2030169251187023,-0.33762345492274065,-0.17874361646551506,-0.015450449162255395,0.039716161413170165,0.09929610083462978,0.19638933544737877,0.3309958652514171
0,0,0,-1.0084494395199155,-0.957696157790524,-0.6178698366459026,-0.5781498770315961,-0.9709361443286261,-0.9885894597127624,-1.365929076048673,-1.7675420010377711,-1.6572087798869202,-1.5821821895043413,-1.540255565467018,-1.454195652969354,-1.3019358077811796,-1.1298159827858518,-1.0084494395199155,-0.962109486636558,-0.9797628020206942,-1.059202721249307,-0.9687294799056091,-0.7811630039491622,-0.8363296145245878,-0.7149630712586516,-0.5075366154950514,-0.2625968645401619,0.039716161413170165,0.05957614122032337,0.06398947006635741,0.24714261717677027,0.5472489787070853,0.48987570370864275,0.4942890325546768,0.6950954950492259,0.9621018902342856,1.1915949902280558,1.2423482719574475,1.1209817286915111,0.8605953267755025,0.7679154210087876,0.7679154210087876,0.6730288508190556,0.5163556767848471,0.28465591236805965,0.06398947006635741,0.01544285275998292,0.05516281237428933,0.23610929506168515,0.45015574409433634,0.5384223210150172,0.6509622065888854,0.19638933544737877,-0.2934901664624002,-0.13240366358215758,-0.41485670972833644,-0.5384299174172897,-0.6465564741451238,-1.1165759962477495,-1.0437560702881878,-1.0724427077874092,-1.2048425731684305,-1.1871892577842944,-1.2732491702819582,-1.244562532782737,-0.9907961241357793,-1.2202892241295498,-1.4122690289320305,-1.458608981815388,-1.4299223443161668,-1.3902023847018603,-1.3019358077811796,-1.260009183743856,-1.2247025529755837,-1.2886958212430775,-1.4939156125836603,-1.6130754914265797,-1.4983289414296945,-1.6086621625805455,-1.7675420010377711,-1.8072619606520777,-1.7256153770004479,-1.7587153433457032,-1.7962286385369926,-1.7101687260393286,-1.5005356058527115,-1.1849825933612772,-0.6752431116443451,-0.23832355588697465,-0.24715021357904277,-0.19860359627266827,-0.13902365685120865,0.079436121027476575,0.6708221863960386,1.4255014190678603,1.8359410017490265,1.500528009450439,0.9731352123493707,0.6642021931269875,0.3707158248657235,0.07060946333540848,0.03750949699015314,-0.2934901664624002,-0.46340332703471093,-0.43471668953548964,-0.5781498770315961,-0.467816655880745,-0.36410342799894496,-0.2934901664624002,-0.32438346838463855,-0.2625968645401619,-0.18095028088853207,-0.3618967635759279,-0.1919836030036172,-0.06841039531466393,0.028682839298085055,0.1610827046791064,0.24714261717677027,0.4391224219792512
0,0,0,-0.9179761981762176,-1.1827759289382602,-1.0327227481731027,-0.9422495068294048,-1.068029378941375,-1.1342293116318858,-1.2909024856660944,-1.557908880851154,-1.6682421020020053,-1.5534955520051201,-1.6858954173861413,-1.5755621962352904,-1.3571024183566052,-1.2291158818216177,-1.1099560029786986,-1.054789392403273,-1.0459627347112048,-1.0084494395199155,-0.9157695337532006,-0.9047362116381155,-0.9952094529818134,-0.8760495741388942,-0.6046298501078003,-0.33541679049972367,-0.13902365685120865,-0.09709703281388522,-0.013243784739238372,0.21845597967754898,0.5759356162063066,0.46118906620942146,0.3464425162125363,0.419262442172098,0.6730288508190556,0.8451486758143834,0.7546754344706854,0.6642021931269875,0.8914886286977408,0.8605953267755025,0.7833620719699067,0.7326087902405152,0.6906821662031918,0.6068289181285449,0.511942347938813,0.3707158248657235,0.22507597294660006,0.30451589217521285,0.34864918063555334,0.414849113326064,0.6487555421658684,0.32878920082840013,0.14342938929497023,0.18314934890927662,-0.26039020011714487,-0.5980098568387493,-0.7811630039491622,-1.0283094193270688,-0.957696157790524,-0.9907961241357793,-1.1342293116318858,-1.2401492039367028,-1.3416557673954859,-1.3041424722041965,-1.1960159154763623,-1.1673292779771411,-1.1629159491311072,-1.2048425731684305,-1.2710425058589412,-1.4056490356629796,-1.4100623645090136,-1.4806756260455582,-1.4983289414296945,-1.4277156798931498,-1.443162330854269,-1.5115689279677966,-1.4122690289320305,-1.3902023847018603,-1.4961222770066775,-1.6174888202726136,-1.6086621625805455,-1.632935471233733,-1.8337419337282819,-1.736648699115533,-1.3615157472026391,-0.9775561375976772,-0.7105497424126175,-0.4766433135728131,-0.46560999145772797,-0.3023168241544683,-0.13019699915914057,0.07502279218144253,0.40160912678796185,0.3861624758268427,0.6553755354349194,0.6995088238952599,0.2978958989061618,-0.1919836030036172,-0.31555681069257047,-0.31555681069257047,-0.19639693184965124,-0.4082367164592854,-0.5340165885712557,-0.5251899308791876,-0.6443498097221068,-0.33541679049972367,-0.2780435155012811,-0.28907683761636616,-0.11033701935198736,-0.075030388583715,-0.11695701262103843,-0.19860359627266827,-0.06620373089164691,0.011029523913948874,0.17211602679419152,0.34202918736650223,0.28024258352202563,0.48987570370864275
0,0,0,-1.1254026539398176,-1.257802519320839,-1.156295955862056,-1.0437560702881878,-1.1651226135541242,-1.348275760664537,-1.350482425087554,-1.5314289077749499,-1.5888021827733925,-1.5181889212368478,-1.8249152760362137,-1.7675420010377711,-1.4321290087391838,-1.1364359760549028,-1.1474692981699879,-1.1496759625930049,-1.154089291439039,-1.1298159827858518,-1.0900960231715453,-1.0459627347112048,-1.0459627347112048,-0.9444561712524219,-0.6951030914514983,-0.666416453952277,-0.562703226070477,-0.31555681069257047,-0.0838570462757831,0.2824492479450426,0.5450423142840684,0.39719579794192783,0.28024258352202563,0.25596927486883836,0.39278246909589376,0.5273889988999322,0.6642021931269875,0.7811554075468897,0.9576885613882515,0.8870752998517067,0.6024155892825109,0.5362156565920002,0.615655575820613,0.5053223546697619,0.611242246974579,0.6311022267817322,0.5097356835157959,0.5516623075531194,0.3663024960196895,0.419262442172098,0.6597888642809535,0.3861624758268427,0.414849113326064,0.40160912678796185,0.05736947679730635,-0.31335014626955343,-0.5649098904934939,-0.7767496751031282,-1.0084494395199155,-0.964316151059575,-0.9996227818278474,-1.1893959222073114,-1.438749002008235,-1.4630223106614222,-1.4166823577780647,-1.3284157808573838,-1.248975861628771,-1.143055969323954,-1.1761559356692093,-1.2931091500891114,-1.3946157135478945,-1.5181889212368478,-1.4674356395074561,-1.26442251258989,-0.9863827952897453,-1.154089291439039,-1.248975861628771,-1.2269092173986007,-1.3416557673954859,-1.5799755250813243,-1.643968793348818,-1.560115545274171,-1.646175457771835,-1.4917089481606434,-1.1209893250937837,-0.7039297491435664,-0.8252962924095026,-0.7657163529880431,-0.6311098231840047,-0.45457666934264285,-0.1346103280051746,-0.03972375781544264,-0.1147503481980214,-0.3111434818465364,-0.14785031454327674,-0.07723705300673202,-0.2515635424250768,-0.8010229837563154,-0.6973097558745154,-0.5582898972244429,-0.3994100587672173,-0.3508634414608428,-0.5825632058776302,-0.6973097558745154,-0.66420978952926,-0.3751367501140301,-0.31555681069257047,-0.1655036299274129,0.022062846029033988,-0.18977693858060016,-0.3199701395386045,-0.2405302203099917,-0.006623791470187304,0.1610827046791064,0.41043578448002993,0.5406289854380343,0.5009090258237279,0.6686155219730215
0,0,0,-1.3438624318185028,-1.2291158818216177,-1.0790627010564602,-0.9731428087516432,-1.171742606823175,-1.4608156462384052,-1.5645288741202052,-1.5799755250813243,-1.544668894313052,-1.5314289077749499,-1.643968793348818,-1.6792754241170904,-1.4939156125836603,-1.253389190474805,-1.255595854897822,-1.1960159154763623,-1.2092559020144646,-1.2776624991279923,-1.350482425087554,-1.1893959222073114,-1.0834760299024944,-0.9422495068294048,-0.569323219339528,-0.66420978952926,-0.6862764337594303,-0.48326330684186414,-0.23832355588697465,0.11915608064178297,0.33982252294348525,0.3354091940974512,0.3111358854442639,0.28465591236805965,0.34202918736650223,0.6002089248594938,1.017268500809711,0.9907885277335069,0.997408521002558,0.9488619036961834,0.5031156902467449,0.25596927486883836,0.22286930852358303,0.22507597294660006,0.46560239505545553,0.6553755354349194,0.6708221863960386,0.5538689719761364,0.2692092614069405,0.43029576428718314,0.6774421796650897,0.5626956296682045,0.7546754344706854,0.6068289181285449,0.3376158585204682,0.17652935564022557,-0.0948903683908682,-0.5516699039553918,-0.9885894597127624,-1.068029378941375,-0.9709361443286261,-1.1055426741326646,-1.3571024183566052,-1.2710425058589412,-1.3063491366272135,-1.2975224789351454,-1.2864891568200603,-1.2313225462446349,-1.2754558347049751,-1.2379425395136858,-1.145262633746971,-1.143055969323954,-1.1055426741326646,-0.9488695000984559,-0.8319162856785537,-1.063616050095341,-1.1695359424001581,-1.2357358750906688,-1.3924090491248775,-1.643968793348818,-1.5270155789289157,-1.3438624318185028,-1.3593090827796221,-1.244562532782737,-1.16070928470809,-0.9974161174048304,-0.8738429097158771,-0.8848762318309622,-0.6973097558745154,-0.4479566760735918,-0.10592369050595332,-0.01986377800828944,-0.06841039531466393,-0.3111434818465364,-0.5362232529942726,-0.7899896616412303,-0.8429496077936388,-0.7745430106801111,-0.47443664914979605,-0.5053299510720344,-0.3552767703068769,-0.11916367704405545,-0.3751367501140301,-0.44133668280454075,-0.42147670299738754,-0.3398301193457577,-0.31776347511558745,-0.07061705973768095,0.11032942294971489,-0.02869043570035753,-0.2427368847330087,-0.1434369856972427,0.046336154682221235,0.21624931525453198,0.5251823344769151,0.7237821325484471,0.7988087229310259,0.904728615235843
0,0,0,-1.171742606823175,-1.1165759962477495,-1.0261027549040518,-1.1254026539398176,-1.1938092510533453,-1.3924090491248775,-1.542462229890035,-1.5248089145058987,-1.5645288741202052,-1.7344420346925158,-1.8205019471901798,-1.6770687596940732,-1.5910088471964094,-1.557908880851154,-1.5248089145058987,-1.365929076048673,-1.3813757270097924,-1.4321290087391838,-1.5093622635447796,-1.354895753933588,-0.9863827952897453,-0.6399364808760728,-0.38175674338308113,-0.5318099241482387,-0.6222831654919365,-0.5273965953022046,-0.29569683088541726,-0.05737707319957882,0.1699093623711745,0.2978958989061618,0.41264244890304697,0.6796488440881067,0.7480554412016344,0.9025219508128259,1.2577949229185665,1.0481618027319495,0.9797552056184218,0.8583886623524855,0.4236757710181321,0.028682839298085055,-0.07061705973768095,0.05516281237428933,0.3861624758268427,0.7966020585080089,1.0569884604240176,0.8738353133136046,0.32437587198236606,0.33320252967443414,0.317755878713315,0.25155594602280434,0.4744290527475236,0.4722223883245066,0.5053223546697619,0.5494556431301023,0.30010256332917884,-0.21625691165680444,-0.7304097222197706,-1.0172760972119836,-0.9731428087516432,-0.9819694664437112,-1.052582727980256,-1.05699605682629,-1.1320226472088688,-1.0790627010564602,-1.050376063557239,-1.1077493385556816,-1.1761559356692093,-1.037136077019137,-0.8385362789476047,-0.6796564404903792,-0.7679230174110601,-0.9510761645214729,-1.054789392403273,-1.145262633746971,-1.2776624991279923,-1.4122690289320305,-1.5071555991217627,-1.44978232412332,-1.3063491366272135,-1.255595854897822,-1.2335292106676519,-1.1386426404779197,-1.3217957875883326,-1.151882627016022,-0.8120563058714005,-0.8098496414483835,-0.4920899645339322,-0.09268370396785118,0.17873602006324257,0.022062846029033988,-3.7982011362372927e-6,-0.18757027415758315,-0.5781498770315961,-0.9003228827920814,-0.72820305779675365,-0.5715298837625451,-0.4280966962664386,-0.38396340780609817,-0.15888363665836186,0.06840279891239145,0.0330961681441191,-0.05737707319957882,-0.15005697896629377,-0.172123623196464,-0.16771029435042994,-0.08165038185276607,-0.01103712031622135,0.01764951718299994,-0.008830455893204327,0.18756267775531069,0.317755878713315,0.34423585178951926,0.4633957306324385,0.7877754008159408,1.001821849848592,1.1276017219605623
0,0,0,-1.0194827616350006,-1.1121626674017155,-1.173949271246192,-1.1629159491311072,-0.9996227818278474,-1.1276093183628346,-1.2004292443223965,-1.2247025529755837,-1.4012357068169454,-1.562322209697188,-1.637348800079767,-1.5534955520051201,-1.5380489010440008,-1.4939156125836603,-1.5755621962352904,-1.6042488337345115,-1.560115545274171,-1.4696423039304731,-1.4475756597003029,-1.438749002008235,-0.957696157790524,-0.567116554916511,-0.37293008569101305,-0.48105664241884716,-0.6112498433768515,-0.5450499106863408,-0.34865677703782577,-0.15667697223534482,0.06840279891239145,0.2493492815997873,0.36409583159667247,0.5362156565920002,0.8208753671611961,1.017268500809711,1.1386350440756474,0.9996151854255749,0.9621018902342856,0.7590887633167195,0.36850916044270654,-0.050757079930527756,-0.03310376454639157,0.19197600660134473,0.48987570370864275,0.7789487431238727,1.1871816613820219,1.1320150508065963,0.6200689046666471,0.4347090931332172,0.18756267775531069,0.06840279891239145,0.11915608064178297,0.20742265756246386,0.5737289517832896,0.6509622065888854,0.30451589217521285,-0.022070442431306462,-0.32879679723067257,-0.5958031924157323,-0.7017230847205493,-0.7348230510658047,-0.9091495404841495,-1.0062427750968985,-1.0018294462508643,-0.8937028895230303,-0.9290095202913027,-0.9665228154825921,-0.9003228827920814,-0.7458563731808898,-0.7789563395261452,-0.8782562385619112,-0.9223895270222516,-0.9665228154825921,-1.054789392403273,-1.1827759289382602,-1.4850889548915924,-1.5314289077749499,-1.443162330854269,-1.3284157808573838,-1.365929076048673,-1.4122690289320305,-1.4100623645090136,-1.2158758952835156,-1.158502620285073,-1.0172760972119836,-0.7414430443348557,-0.5075366154950514,-0.0838570462757831,-0.0353104289694086,-0.06399706646862989,-0.18977693858060016,-0.22287690492585552,-0.43251002511247266,-0.6862764337594303,-0.8164696347174345,-0.5229832664561705,-0.5185699376101365,-0.657589796260209,-0.48988330011091524,-0.15888363665836186,-0.03972375781544264,0.05516281237428933,0.12356940948781703,-0.05958373762259584,-0.0948903683908682,-0.05737707319957882,-0.0948903683908682,-0.10813035492897034,-0.03310376454639157,0.09929610083462978,0.07060946333540848,0.18756267775531069,0.30451589217521285,0.3905758046728767,0.7039221527412939,0.900315286389809,0.9952018565795409
0,0,0,-1.2026359087454135,-1.1916025866303284,-1.1960159154763623,-1.1033360097096474,-0.860602923177775,-0.8870828962539793,-0.9378361779833708,-1.065822714518358,-1.262215848166873,-1.3151757943192817,-1.2269092173986007,-1.2842824923970433,-1.4652289750844392,-1.2776624991279923,-1.4872956193146094,-1.6881020818091583,-1.6152821558495967,-1.6152821558495967,-1.4917089481606434,-1.3284157808573838,-0.9863827952897453,-0.761303024142009,-0.6068365145308174,-0.5781498770315961,-0.6377298164530557,-0.5185699376101365,-0.33541679049972367,-0.1632969655043959,-0.075030388583715,0.09046944314256168,0.2625892681378894,0.4060224556339959,0.6840621729341407,0.809842045046111,0.7701220854318046,0.6708221863960386,0.7767420787008557,0.6752355152420726,0.3574758383276214,0.03530283256713612,0.09488277198859572,0.22066264410056602,0.4545690729403704,0.6443422133198343,0.80322205177706,0.4766357171705406,0.3464425162125363,0.5318023277459661,0.16549603352514045,0.09929610083462978,0.13018940275686808,0.13680939602591916,0.3795424825577916,0.3861624758268427,0.1699093623711745,0.046336154682221235,0.01544285275998292,-0.2537702068480938,-0.5185699376101365,-0.5958031924157323,-0.9378361779833708,-1.1143693318247325,-1.0415494058651709,-0.8628095876007921,-0.858396258754758,-0.7921963260642473,-0.6046298501078003,-0.4722299847267791,-0.7171697356816685,-0.8716362452928601,-0.8164696347174345,-0.6289031587609877,-0.6311098231840047,-0.8628095876007921,-1.2180825597065326,-1.2423558683597198,-1.251182526051788,-1.3879957202788433,-1.6726554308480392,-1.3857890558558263,-1.2776624991279923,-1.1871892577842944,-1.0040361106738815,-0.9091495404841495,-0.851776265485707,-0.657589796260209,-0.22287690492585552,-0.07061705973768095,-0.33762345492274065,-0.5737365481855621,-0.6752431116443451,-0.8054363126023495,-0.7877829972182132,-0.6906897626054642,-0.4965032933799663,-0.3751367501140301,-0.3596900991529109,-0.3398301193457577,-0.20963691838775336,-0.3310034616536896,-0.26480352896317894,-0.017657113585272416,-0.1147503481980214,-0.0353104289694086,-0.017657113585272416,-0.08606371069880012,-0.03310376454639157,-0.10371702608293629,-0.10592369050595332,-0.06179040204561287,0.15887604025608937,0.3751291537117576,0.5251823344769151,0.6311022267817322,0.7304021258174982,0.7723287498548216
0,0,0,-1.1121626674017155,-1.1342293116318858,-1.0724427077874092,-1.1033360097096474,-1.154089291439039,-1.156295955862056,-1.0415494058651709,-1.1011293452866304,-1.2313225462446349,-1.337242438549452,-1.2247025529755837,-1.2048425731684305,-1.2975224789351454,-1.1849825933612772,-1.3593090827796221,-1.4740556327765073,-1.5203955856598648,-1.6020421693114946,-1.5667355385432222,-1.3019358077811796,-1.068029378941375,-1.0084494395199155,-0.9466628356754389,-0.8870828962539793,-0.8429496077936388,-0.659796460683226,-0.30893681742351936,-0.1919836030036172,-0.17653695204249803,0.022062846029033988,0.2096293219854809,0.34423585178951926,0.3883691402498597,0.35306250948158735,0.41705577774908104,0.48987570370864275,0.6288955623587151,0.6443422133198343,0.4545690729403704,0.3309958652514171,0.4457424152483023,0.32437587198236606,0.4479490796713193,0.7237821325484471,0.9400352460041154,0.5251823344769151,0.419262442172098,0.5450423142840684,0.17873602006324257,0.13460273160290212,0.02426951045205101,-0.10813035492897034,-0.03972375781544264,0.11474275179574893,0.13680939602591916,0.13460273160290212,0.10812275852669787,-0.27583685107826406,-0.44575001165057476,-0.5185699376101365,-0.8959095539460473,-1.2114625664374816,-1.171742606823175,-0.8848762318309622,-0.7237897289507196,-0.6509698029911579,-0.5935965279927152,-0.5207766020331536,-0.6289031587609877,-0.5737365481855621,-0.31555681069257047,0.0529561479512723,0.079436121027476575,-0.26039020011714487,-0.763509688565026,-1.0327227481731027,-1.143055969323954,-1.3791690625867752,-1.5667355385432222,-1.335035774126435,-1.1165759962477495,-1.1231959895168007,-1.1121626674017155,-0.9003228827920814,-0.6884830981824472,-0.6024231856847834,-0.3883767366521322,0.004409530644897808,-0.36410342799894496,-0.7149630712586516,-0.8628095876007921,-0.9290095202913027,-0.7811630039491622,-0.6686231183752941,-0.6465564741451238,-0.5538765683784089,-0.4589899981886769,-0.35748343472989386,-0.30893681742351936,-0.46560999145772797,-0.4965032933799663,-0.3508634414608428,-0.22729023377188956,-0.075030388583715,-0.07944371742974905,-0.10592369050595332,-0.050757079930527756,-0.2537702068480938,-0.19860359627266827,0.013236188336965897,0.3707158248657235,0.6443422133198343,0.6244822335126812,0.5935889315904428,0.7237821325484471,0.6730288508190556
0,0,0,-1.0062427750968985,-0.9268028558682857,-0.860602923177775,-0.865016252023809,-1.059202721249307,-1.2202892241295498,-1.158502620285073,-1.2004292443223965,-1.1893959222073114,-1.1827759289382602,-1.2886958212430775,-1.1827759289382602,-1.2224958885525667,-1.3593090827796221,-1.4806756260455582,-1.3769623981637582,-1.4343356731622008,-1.6086621625805455,-1.743268692384584,-1.4255090154701326,-1.0768560366334432,-0.9753494731746601,-1.1011293452866304,-1.1187826606707667,-1.1893959222073114,-1.2136692308604986,-0.5296032597252216,-0.2868701731933492,-0.22287690492585552,-0.046343751084493706,0.06619613448937443,0.12356940948781703,0.18314934890927662,0.23390263063866815,0.3508558450585703,0.4457424152483023,0.5516623075531194,0.5340089921689832,0.4832557104395917,0.5273889988999322,0.6509622065888854,0.5163556767848471,0.5715222873602726,0.7039221527412939,0.8385286825453323,0.6796488440881067,0.4347090931332172,0.4369157575562342,0.3751291537117576,0.19418267102436174,0.07060946333540848,-0.12799033473612353,-0.23832355588697465,0.11474275179574893,0.24272928833073623,0.26038260371487243,0.18314934890927662,-0.2339102270409406,-0.26039020011714487,-0.2581835356941279,-0.569323219339528,-0.9532828289444899,-0.9334228491373368,-0.7105497424126175,-0.46119666261169395,-0.3221768039616215,-0.4391300183815237,-0.5097432799180684,-0.3883767366521322,-0.048550415507510734,0.4523624085173534,0.812048709469128,0.7215754681254302,0.27362259025297453,-0.41485670972833644,-1.059202721249307,-1.244562532782737,-1.3328291097034177,-1.4277156798931498,-1.3173824587422986,-0.9466628356754389,-0.9422495068294048,-0.9974161174048304,-0.8804629029849282,-0.5141566087641025,-0.5075366154950514,-0.4854699712648812,-0.36410342799894496,-0.8252962924095026,-0.8628095876007921,-0.8539829299087239,-0.867222916446826,-0.7833696683721793,-0.7105497424126175,-0.6620031251062429,-0.5891831991466813,-0.5582898972244429,-0.48105664241884716,-0.3420367837687747,-0.32438346838463855,-0.43471668953548964,-0.39720339434420027,-0.2824568443473151,-0.21625691165680444,-0.2030169251187023,-0.1346103280051746,-0.044137086661476685,-0.1346103280051746,0.02426951045205101,0.2118359864084979,0.36409583159667247,0.46118906620942146,0.3552691739046044,0.5384223210150172,0.8363220181223153,0.7017154883182769
0,0,0,-0.8385362789476047,-0.6509698029911579,-0.7237897289507196,-0.8252962924095026,-1.0194827616350006,-1.1783626000922263,-1.1827759289382602,-1.1055426741326646,-1.151882627016022,-1.244562532782737,-1.3813757270097924,-1.2357358750906688,-1.2224958885525667,-1.2909024856660944,-1.335035774126435,-1.1695359424001581,-1.4188890222010817,-1.6550021154639032,-1.736648699115533,-1.44978232412332,-1.1033360097096474,-0.9775561375976772,-1.140849304900937,-1.1055426741326646,-0.9753494731746601,-0.7723363462570941,-0.30893681742351936,-0.2868701731933492,-0.28025017992429807,-0.2537702068480938,-0.20963691838775336,-0.11695701262103843,0.04192282583618719,0.24272928833073623,0.3751291537117576,0.19197600660134473,0.22728263736961707,0.4060224556339959,0.4854623748626087,0.5516623075531194,0.5604889652451874,0.5869689383213917,0.7745354142778387,0.8760419777366217,0.8407353469683493,0.714955474856379,0.21624931525453198,0.3751291537117576,0.4832557104395917,0.29127590563711075,0.3265825364053831,0.32878920082840013,0.2294893017926341,0.1610827046791064,0.1323960671798851,0.2581759392918554,0.34202918736650223,0.27362259025297453,0.27141592582995755,0.17432269121720853,-0.15888363665836186,-0.5847698703006472,-0.4391300183815237,-0.24935687800205977,-0.22729023377188956,-0.3596900991529109,-0.3949967299211833,-0.2824568443473151,-0.02869043570035753,0.37292248928874056,0.9929951921565239,1.3284081844551112,1.1717350104209028,0.615655575820613,0.004409530644897808,-0.5980098568387493,-0.955489493367507,-1.0768560366334432,-1.3063491366272135,-1.2754558347049751,-0.955489493367507,-0.9665228154825921,-0.8959095539460473,-0.7745430106801111,-0.4965032933799663,-0.467816655880745,-0.6090431789538344,-0.7568896952959749,-1.0084494395199155,-0.8738429097158771,-0.7657163529880431,-0.8495696010626899,-1.0327227481731027,-0.9047362116381155,-0.6553831318371919,-0.5009166222260003,-0.5251899308791876,-0.7127564068356345,-0.6465564741451238,-0.42147670299738754,-0.3001101597314513,-0.23611689146395765,-0.23611689146395765,-0.2405302203099917,-0.11695701262103843,0.0816427854504936,0.26479593256090644,0.3861624758268427,0.5031156902467449,0.511942347938813,0.3751291537117576,0.18314934890927662,0.044129490259204214,0.4060224556339959,0.6575821998579364,0.4920823681316598
0,0,0,-0.9245961914452686,-0.6928964270284813,-0.6752431116443451,-0.860602923177775,-1.0283094193270688,-1.1783626000922263,-1.2269092173986007,-1.1827759289382602,-1.3041424722041965,-1.3306224452804007,-1.3990290423939284,-1.3968223779709115,-1.2997291433581624,-1.2114625664374816,-1.154089291439039,-1.0614093856723241,-1.4850889548915924,-1.5843888539273583,-1.456402317392371,-1.2997291433581624,-1.068029378941375,-1.0614093856723241,-1.1805692645152432,-1.1254026539398176,-0.860602923177775,-0.4479566760735918,-0.1346103280051746,-0.29569683088541726,-0.3464501126148088,-0.3552767703068769,-0.33541679049972367,-0.27583685107826406,-0.044137086661476685,0.1015027652576468,0.19638933544737877,0.16328936910212344,0.13460273160290212,0.2868625767910767,0.4722223883245066,0.6884755017801748,0.6575821998579364,0.6377222200507833,0.7943953940849918,1.004028514271609,0.8848686354286898,0.5891756027444087,0.29348257006012773,0.4369157575562342,0.4479490796713193,0.4038157912109789,0.5582823008221705,0.6200689046666471,0.4038157912109789,0.15225604698703832,0.0728161277584255,0.2625892681378894,0.4678090594784725,0.5472489787070853,0.4236757710181321,0.18535601333229365,-0.06399706646862989,-0.46340332703471093,-0.5913898635696982,-0.5384299174172897,-0.4435433472275577,-0.46119666261169395,-0.2537702068480938,0.32437587198236606,0.7171621392793961,0.8936952931207579,1.3129615334939921,1.500528009450439,1.3438548354162305,0.8583886623524855,0.712748810433362,0.10591609410368084,-0.46119666261169395,-0.7679230174110601,-1.1827759289382602,-1.2909024856660944,-1.1298159827858518,-0.9907961241357793,-0.7767496751031282,-0.7480630376039068,-0.7767496751031282,-0.8054363126023495,-1.0084494395199155,-1.065822714518358,-1.0216894260580176,-0.9135628693301835,-0.7944029904872644,-0.8760495741388942,-1.054789392403273,-0.9290095202913027,-0.6068365145308174,-0.4280966962664386,-0.5185699376101365,-0.754683030872958,-0.7326163866427877,-0.5207766020331536,-0.20963691838775336,-0.07723705300673202,-0.046343751084493706,-0.03751709339242562,0.09046944314256168,0.3949891335189108,0.8473553402374004,1.0327151517708302,0.8804553065826557,0.6068289181285449,0.27362259025297453,0.01544285275998292,0.01764951718299994,0.19859599987039578,0.31334254986728094,0.2978958989061618
0,0,0,-0.8451562722166558,-0.4589899981886769,-0.6200765010689195,-0.8826695674079452,-1.0856826943255113,-1.3328291097034177,-1.454195652969354,-1.4718489683534903,-1.5203955856598648,-1.2666291770129072,-1.248975861628771,-1.3571024183566052,-1.352689089510571,-1.151882627016022,-1.1055426741326646,-1.1629159491311072,-1.2997291433581624,-1.4100623645090136,-1.365929076048673,-1.2247025529755837,-1.0283094193270688,-1.1099560029786986,-1.1342293116318858,-1.0106561039429325,-0.8142629702944175,-0.43471668953548964,-0.25597687127111085,-0.41265004530531946,-0.3994100587672173,-0.4435433472275577,-0.4435433472275577,-0.35748343472989386,0.0728161277584255,0.06178280564334039,0.01764951718299994,0.12798273833385107,0.039716161413170165,0.19638933544737877,0.46560239505545553,0.7039221527412939,0.49870236140071084,0.4942890325546768,0.5803489450523407,0.710542146010345,0.7590887633167195,0.6973021594722428,0.609035582551562,0.6046222537055279,0.3574758383276214,0.3707158248657235,0.5781422806293236,0.6884755017801748,0.4744290527475236,0.2824492479450426,0.3376158585204682,0.613448911397596,0.5450423142840684,0.5097356835157959,0.3663024960196895,-0.15447030781232782,-0.2912835020393832,-0.35748343472989386,-0.5031232866490174,-0.7436497087578728,-0.6156631722228855,-0.3508634414608428,-0.075030388583715,0.511942347938813,0.9532752325422175,1.1496683661907325,1.297514882532873,1.2423482719574475,1.2357282786883963,1.1408417084986644,1.105535077730392,0.6906821662031918,0.04854281910523826,-0.5053299510720344,-0.9996227818278474,-1.2379425395136858,-1.1651226135541242,-0.9797628020206942,-0.8252962924095026,-0.9135628693301835,-1.037136077019137,-1.059202721249307,-1.1231959895168007,-1.1827759289382602,-1.1055426741326646,-0.9819694664437112,-0.8208829635634686,-0.8120563058714005,-0.8760495741388942,-0.8032296481793324,-0.6553831318371919,-0.5913898635696982,-0.6266964943379706,-0.7304097222197706,-0.7083430779896005,-0.6134565077998685,-0.4303033606894556,-0.15005697896629377,0.03750949699015314,0.16770269794815748,0.26038260371487243,0.42146910659511505,1.096708420038324,1.6616145123306816,1.4409480700289794,0.5671089585142386,0.13460273160290212,0.008822859490931853,-0.004417127047170282,-0.0838570462757831,0.15225604698703832,0.2096293219854809
0,0,0,-0.6928964270284813,-0.21625691165680444,-0.6443498097221068,-0.8451562722166558,-0.9245961914452686,-1.3019358077811796,-1.652795451040886,-1.7631286721917372,-1.6660354375789883,-1.3019358077811796,-1.262215848166873,-1.3217957875883326,-1.3416557673954859,-1.1254026539398176,-1.1033360097096474,-1.1055426741326646,-1.1121626674017155,-1.2842824923970433,-1.4188890222010817,-1.3902023847018603,-1.1651226135541242,-1.059202721249307,-0.9819694664437112,-0.9179761981762176,-0.865016252023809,-0.6531764674141749,-0.5097432799180684,-0.4479566760735918,-0.36631009242196194,-0.5649098904934939,-0.5781498770315961,-0.3795500789600641,0.08605611429652764,0.1323960671798851,0.0926761075655787,0.06840279891239145,-0.048550415507510734,0.32437587198236606,0.6002089248594938,0.6730288508190556,0.3795424825577916,0.38174914698080864,0.3552691739046044,0.37292248928874056,0.6531688710119025,0.7745354142778387,0.9179686017739451,0.9885818633104898,0.5869689383213917,0.5406289854380343,0.5957955960134599,0.6311022267817322,0.6024155892825109,0.5671089585142386,0.5494556431301023,0.6553755354349194,0.6355155556277662,0.48987570370864275,0.4391224219792512,0.3354091940974512,0.4391224219792512,0.0529561479512723,-0.38396340780609817,-0.7171697356816685,-0.5406365818403067,-0.07723705300673202,0.43029576428718314,0.8473553402374004,1.004028514271609,1.0614017892700516,1.0437484738859153,1.0525751315779834,1.2467616008034814,1.2931015536868389,1.215868298881243,1.1474617017677153,0.4435357508252853,-0.3795500789600641,-0.9665228154825921,-1.1364359760549028,-1.0768560366334432,-1.1077493385556816,-1.2357358750906688,-0.9510761645214729,-1.0349294125961197,-1.0128627683659495,-0.8164696347174345,-1.0415494058651709,-1.1254026539398176,-1.0150694327889667,-0.8164696347174345,-0.7083430779896005,-0.7348230510658047,-0.8385362789476047,-0.8760495741388942,-0.7988163193332983,-0.7171697356816685,-0.7436497087578728,-0.7966096549102814,-0.46560999145772797,-0.2912835020393832,-0.13902365685120865,0.06178280564334039,0.2890692412140937,0.4876690392856257,0.7259887969714641,1.2842748959947707,1.794014377711703,1.5137679959885413,0.4369157575562342,-0.050757079930527756,-0.14123032127422566,-0.15226364338931078,-0.19860359627266827,0.2493492815997873,0.29127590563711075
0,0,0,-0.6377298164530557,-0.46119666261169395,-0.7679230174110601,-0.9201828625992347,-0.9775561375976772,-1.2269092173986007,-1.648382122194852,-1.7057553971932946,-1.5181889212368478,-1.2335292106676519,-1.255595854897822,-1.2379425395136858,-1.171742606823175,-1.0481693991342218,-1.1011293452866304,-1.0327227481731027,-1.0040361106738815,-1.1033360097096474,-1.1474692981699879,-1.2335292106676519,-1.253389190474805,-1.145262633746971,-0.9731428087516432,-1.0018294462508643,-1.063616050095341,-0.8848762318309622,-0.6553831318371919,-0.47002332030376204,-0.3883767366521322,-0.6818631049133962,-0.5273965953022046,-0.20522358954171932,0.16328936910212344,0.33320252967443414,0.39719579794192783,0.3949891335189108,0.2625892681378894,0.3464425162125363,0.5626956296682045,0.6928888306262089,0.7259887969714641,0.8142553738921451,0.6222755690896641,0.5538689719761364,0.7568820988937025,0.7304021258174982,0.80322205177706,0.8230820315842131,0.6200689046666471,0.6950954950492259,0.6465488777428513,0.5626956296682045,0.61786224024363,0.7546754344706854,0.5384223210150172,0.4964956969776938,0.8208753671611961,0.5869689383213917,0.518562341207864,0.609035582551562,0.80322205177706,0.2670025969839235,-0.3001101597314513,-0.4567833337656599,0.004409530644897808,0.41705577774908104,0.8363220181223153,1.107741742153409,0.9356219171580813,0.7745354142778387,0.7215754681254302,0.9113486085048941,1.4299147479138943,1.407848103683724,1.4255014190678603,1.4519813921440645,0.7171621392793961,-0.26039020011714487,-0.9223895270222516,-1.0150694327889667,-1.1121626674017155,-1.1121626674017155,-1.0349294125961197,-0.6906897626054642,-0.8164696347174345,-0.8275029568325196,-0.7370297154888218,-0.7745430106801111,-0.9290095202913027,-0.9532828289444899,-0.8363296145245878,-0.8142629702944175,-0.7480630376039068,-0.7723363462570941,-0.8429496077936388,-0.8098496414483835,-0.6840697693364132,-0.8429496077936388,-1.0261027549040518,-0.6046298501078003,-0.3067301530005024,-0.10371702608293629,0.07060946333540848,0.29568923448314477,0.5935889315904428,0.812048709469128,1.0128551719636771,0.8495620046604174,0.26038260371487243,-0.1147503481980214,-0.0948903683908682,-0.2934901664624002,-0.2317035626179236,-0.06841039531466393,0.2383159594847022,0.27362259025297453
0,0,0,-0.7524763664499409,-0.867222916446826,-0.865016252023809,-1.1231959895168007,-1.171742606823175,-1.255595854897822,-1.44978232412332,-1.3968223779709115,-1.2931091500891114,-1.1938092510533453,-1.2247025529755837,-1.1231959895168007,-1.1231959895168007,-1.1099560029786986,-1.1099560029786986,-1.0283094193270688,-0.9863827952897453,-1.0812693654794772,-1.1805692645152432,-1.140849304900937,-1.2291158818216177,-1.335035774126435,-1.2379425395136858,-1.065822714518358,-1.0238960904810346,-0.9444561712524219,-0.6906897626054642,-0.6509698029911579,-0.6465564741451238,-0.6620031251062429,-0.3905834010751492,-0.15226364338931078,0.15887604025608937,0.30451589217521285,0.07502279218144253,0.3861624758268427,0.5053223546697619,0.33320252967443414,0.4942890325546768,0.6906821662031918,0.8297020248532642,0.913555272927911,0.7943953940849918,0.90693527965886,1.0525751315779834,0.8848686354286898,0.7966020585080089,0.7943953940849918,0.7635020921627536,0.8495620046604174,0.8892819642747238,0.7833620719699067,0.714955474856379,0.8694219844675706,0.41705577774908104,0.28024258352202563,0.47884238159355763,0.15004938256402128,0.3596825027506384,0.5428356498610513,0.6200689046666471,0.3663024960196895,0.079436121027476575,0.1390160604489362,0.5913822671674258,0.8142553738921451,0.909141944081877,0.904728615235843,0.8208753671611961,0.8936952931207579,0.7657087565857705,1.006235178694626,1.7366411027132604,1.5292146469496604,1.2445549363804644,1.0327151517708302,0.5340089921689832,-0.29569683088541726,-0.8230896279864857,-1.0437560702881878,-1.1209893250937837,-1.037136077019137,-0.8076429770253665,-0.5340165885712557,-0.5847698703006472,-0.5273965953022046,-0.5825632058776302,-0.6553831318371919,-0.7590963597189919,-0.9223895270222516,-0.9974161174048304,-0.9378361779833708,-0.7502697020269239,-0.6333164876070216,-0.5538765683784089,-0.4965032933799663,-0.49429662895694926,-0.8032296481793324,-0.9356295135603537,-0.6862764337594303,-0.47443664914979605,-0.09268370396785118,0.12577607391083404,0.1699093623711745,0.4523624085173534,0.4457424152483023,0.33320252967443414,0.17211602679419152,-0.2581835356941279,-0.16771029435042994,-0.0022104626241532597,-0.3508634414608428,-0.18977693858060016,-0.044137086661476685,0.11915608064178297,0.26479593256090644
0,0,0,-0.9863827952897453,-1.0283094193270688,-0.9356295135603537,-1.2092559020144646,-1.145262633746971,-1.2026359087454135,-1.3262091164343668,-1.2666291770129072,-1.1893959222073114,-1.3438624318185028,-1.445368995277286,-1.145262633746971,-1.1805692645152432,-1.16070928470809,-1.1055426741326646,-1.173949271246192,-1.0238960904810346,-1.0283094193270688,-1.158502620285073,-1.0349294125961197,-0.9312161847143198,-0.9930027885587963,-1.1143693318247325,-1.0194827616350006,-0.9245961914452686,-0.8341229501015708,-0.6752431116443451,-0.8120563058714005,-0.7105497424126175,-0.5318099241482387,-0.3199701395386045,-0.3552767703068769,-0.1434369856972427,0.1610827046791064,0.20300932871642982,0.47001572390148955,0.6377222200507833,0.5957955960134599,0.7392287835095663,0.8760419777366217,0.9267952594660132,0.8981086219667919,0.7921887296619748,0.8804553065826557,1.0547817960010004,1.0636084536930686,0.8760419777366217,0.8848686354286898,0.9819618700414388,0.9643085546573026,0.7899820652389578,0.7414354479325833,0.708335481587328,0.7811554075468897,0.5075290190927789,0.35306250948158735,0.27362259025297453,0.0529561479512723,0.2581759392918554,0.26479593256090644,0.23390263063866815,0.30451589217521285,0.22728263736961707,0.5560756363991535,0.9356219171580813,1.0415418094628983,1.0128551719636771,0.8959019575437749,0.9621018902342856,1.3262015200320942,1.107741742153409,1.1298083863835793,1.399021445991656,1.3747481373384687,0.9400352460041154,0.3751291537117576,-0.15888363665836186,-0.858396258754758,-0.9510761645214729,-0.9003228827920814,-0.851776265485707,-0.8473629366396729,-1.0261027549040518,-1.2026359087454135,-1.1893959222073114,-0.763509688565026,-0.8451562722166558,-0.8848762318309622,-0.8760495741388942,-0.8959095539460473,-0.9466628356754389,-0.9223895270222516,-0.7480630376039068,-0.56049656164746,-0.41265004530531946,-0.37734341453704706,-0.48326330684186414,-0.7966096549102814,-0.6134565077998685,-0.32438346838463855,-0.3265901328076556,-0.2030169251187023,-0.09709703281388522,-0.046343751084493706,0.09488277198859572,-0.16109030108137887,-0.14785031454327674,-0.1434369856972427,-0.4567833337656599,-0.06179040204561287,0.1015027652576468,-0.03972375781544264,0.030889503721102076,-0.01103712031622135,0.13018940275686808,0.37292248928874056
0,0,0,-1.16070928470809,-1.0216894260580176,-0.8981162183690644,-0.9775561375976772,-1.0614093856723241,-1.1474692981699879,-1.3085558010502305,-1.3769623981637582,-1.154089291439039,-1.2247025529755837,-1.2864891568200603,-1.145262633746971,-1.2357358750906688,-1.1077493385556816,-0.9687294799056091,-0.9753494731746601,-0.9753494731746601,-1.0746493722104262,-1.1276093183628346,-1.0900960231715453,-0.9841761308667283,-0.8760495741388942,-0.8716362452928601,-0.8804629029849282,-0.7877829972182132,-0.6266964943379706,-0.5516699039553918,-0.7193764001046855,-0.6200765010689195,-0.4303033606894556,-0.2824568443473151,-0.20963691838775336,-0.08827037512181714,0.10591609410368084,0.3067225565982299,0.3552691739046044,0.6531688710119025,0.7524687700476684,0.7612954277397365,0.8650086556215366,0.9731352123493707,0.9753418767723877,0.9378285815810983,0.915761937350928,1.0260951585017792,1.0702284469621197,0.9245885950429962,0.7590887633167195,0.8495620046604174,0.9400352460041154,0.8164620383151621,0.7237821325484471,0.5295956633229492,0.36850916044270654,0.3265825364053831,0.2537626104458213,0.2316959662156511,0.22286930852358303,0.29568923448314477,0.35306250948158735,0.24714261717677027,0.19638933544737877,0.22507597294660006,0.6531688710119025,0.9025219508128259,0.90693527965886,0.8583886623524855,0.90693527965886,1.1584950238828005,1.6263078815624092,1.4563947209900987,1.401228110414673,1.2555882584955496,1.0371284806168644,0.6244822335126812,-0.1346103280051746,-0.7105497424126175,-0.9400428424063878,-0.7348230510658047,-0.5273965953022046,-0.24935687800205977,-0.0551704087765618,-0.2515635424250768,-0.867222916446826,-1.2423558683597198,-1.1033360097096474,-1.4718489683534903,-1.2202892241295498,-0.9025295472150985,-0.9268028558682857,-0.8937028895230303,-0.860602923177775,-0.7568896952959749,-0.5494632395323749,-0.3795500789600641,-0.36410342799894496,-0.5582898972244429,-0.9047362116381155,-0.6951030914514983,-0.5891831991466813,-0.5715298837625451,-0.38396340780609817,-0.370723421267996,-0.1831569453115491,0.03530283256713612,-0.16991695877344698,-0.16991695877344698,-0.2140502472337874,-0.4722299847267791,-0.18977693858060016,-0.273630186655247,-0.19419026742663423,0.0926761075655787,0.0926761075655787,0.36409583159667247,0.7701220854318046
0,0,0,-1.2401492039367028,-1.0062427750968985,-0.9223895270222516,-0.9599028222135411,-1.059202721249307,-1.065822714518358,-1.2666291770129072,-1.3416557673954859,-1.1805692645152432,-1.248975861628771,-1.2247025529755837,-1.1893959222073114,-1.2313225462446349,-1.0238960904810346,-0.8914962251000134,-0.8804629029849282,-1.0172760972119836,-1.2820758279740263,-1.2842824923970433,-1.070236043364392,-0.858396258754758,-0.7679230174110601,-0.6531764674141749,-0.6024231856847834,-0.6862764337594303,-0.7502697020269239,-0.5737365481855621,-0.5031232866490174,-0.5649098904934939,-0.3905834010751492,-0.28907683761636616,-0.2625968645401619,-0.19419026742663423,-0.0551704087765618,-0.01986377800828944,0.04192282583618719,0.5340089921689832,0.7568820988937025,0.7679154210087876,0.7723287498548216,0.9841685344644557,0.9996151854255749,0.9643085546573026,0.9356219171580813,0.9356219171580813,0.8672153200445536,0.8142553738921451,0.8429420113913664,0.909141944081877,0.9709285479263536,0.9576885613882515,0.80322205177706,0.6730288508190556,0.5053223546697619,0.36188916717365543,0.21845597967754898,0.28465591236805965,0.315549214290298,0.3795424825577916,0.5538689719761364,0.48987570370864275,0.27582925467599156,0.21624931525453198,0.4854623748626087,0.7017154883182769,0.6840621729341407,0.61786224024363,0.8539753335064515,0.8826619710056728,1.0702284469621197,1.317374862340026,1.2423482719574475,0.8451486758143834,0.4082291200570129,0.07502279218144253,-0.37293008569101305,-0.8208829635634686,-0.7811630039491622,-0.2979034953084343,-0.06841039531466393,0.36409583159667247,0.7877754008159408,0.8605953267755025,0.13460273160290212,-0.6024231856847834,-1.0327227481731027,-1.335035774126435,-1.154089291439039,-0.9665228154825921,-0.962109486636558,-0.8937028895230303,-0.8032296481793324,-0.5958031924157323,-0.3751367501140301,-0.3420367837687747,-0.41485670972833644,-0.569323219339528,-0.7745430106801111,-0.6311098231840047,-0.6818631049133962,-0.6818631049133962,-0.4567833337656599,-0.5406365818403067,-0.40603005203626835,-0.12137034146707247,0.0022028662218807854,-0.08165038185276607,-0.01103712031622135,0.013236188336965897,0.013236188336965897,-0.20743025396473636,-0.16109030108137887,0.12798273833385107,0.29127590563711075,0.3994024623649448,0.9113486085048941
0,0,0,-1.1386426404779197,-0.9709361443286261,-0.9025295472150985,-0.9952094529818134,-1.050376063557239,-0.9687294799056091,-1.2247025529755837,-1.3615157472026391,-1.3306224452804007,-1.3769623981637582,-1.3791690625867752,-1.3703424048947073,-1.2886958212430775,-1.0437560702881878,-0.8539829299087239,-0.9025295472150985,-1.0040361106738815,-0.9665228154825921,-0.8892895606769963,-0.7988163193332983,-0.7105497424126175,-0.8142629702944175,-0.8297096212555367,-0.6951030914514983,-0.5891831991466813,-0.7326163866427877,-0.5163632731871195,-0.37293008569101305,-0.5494632395323749,-0.370723421267996,-0.37734341453704706,-0.43471668953548964,-0.41706337415135347,-0.11916367704405545,0.079436121027476575,0.26479593256090644,0.6244822335126812,0.7635020921627536,0.8959019575437749,1.017268500809711,1.1695283459978856,0.9466552392731664,0.9687218835033367,0.9929951921565239,0.904728615235843,0.8385286825453323,0.8297020248532642,0.8914886286977408,0.9312085883120472,0.9378285815810983,0.9400352460041154,0.9223819306199792,0.909141944081877,0.7304021258174982,0.5075290190927789,0.315549214290298,0.37292248928874056,0.27141592582995755,0.36850916044270654,0.6884755017801748,0.9113486085048941,0.710542146010345,0.43029576428718314,0.3861624758268427,0.611242246974579,0.6200689046666471,0.4369157575562342,0.4964956969776938,0.8407353469683493,0.8385286825453323,0.807635380623094,0.5891756027444087,0.08826277871954466,-0.46560999145772797,-0.7811630039491622,-0.8054363126023495,-0.761303024142009,-0.46119666261169395,0.19638933544737877,0.5582823008221705,1.3857814594535538,2.489113670962065,2.742880079609023,1.6218945527163753,0.46560239505545553,-0.5935965279927152,-1.2291158818216177,-1.16070928470809,-0.9996227818278474,-0.8760495741388942,-0.7215830645277026,-0.45457666934264285,-0.22287690492585552,-0.15226364338931078,-0.30893681742351936,-0.6090431789538344,-0.7215830645277026,-0.6818631049133962,-0.5229832664561705,-0.5428432462633238,-0.6068365145308174,-0.6200765010689195,-0.6002165212617664,-0.37734341453704706,-0.06179040204561287,0.12356940948781703,-0.046343751084493706,0.12136274506479999,0.1699093623711745,0.14563605371798724,0.12356940948781703,0.12136274506479999,0.20521599313944686,0.4038157912109789,0.6002089248594938,1.004028514271609
0,0,0,-0.9488695000984559,-0.9268028558682857,-0.8429496077936388,-0.9797628020206942,-1.0393427414421539,-1.054789392403273,-1.2820758279740263,-1.4343356731622008,-1.3990290423939284,-1.2864891568200603,-1.2092559020144646,-1.34606909624152,-1.3416557673954859,-1.1209893250937837,-0.7723363462570941,-0.7745430106801111,-0.8407429433706218,-0.754683030872958,-0.5781498770315961,-0.5803565414546131,-0.7524763664499409,-0.9930027885587963,-1.0216894260580176,-0.7436497087578728,-0.47443664914979605,-0.45016334049660883,-0.49870995780298333,-0.5891831991466813,-0.6333164876070216,-0.4303033606894556,-0.47443664914979605,-0.5318099241482387,-0.4369233539585067,-0.10371702608293629,0.12798273833385107,0.3949891335189108,0.6531688710119025,0.6311022267817322,0.7326087902405152,0.9223819306199792,1.0812617690772048,0.8495620046604174,1.0415418094628983,1.0856750979232388,0.9267952594660132,0.9576885613882515,0.9223819306199792,0.8870752998517067,0.8385286825453323,0.80322205177706,0.8650086556215366,0.9223819306199792,0.9709285479263536,0.8914886286977408,0.710542146010345,0.6266888979356982,0.6884755017801748,0.5604889652451874,0.5340089921689832,0.7370221190865492,1.0128551719636771,0.8914886286977408,0.6840621729341407,0.5428356498610513,0.6862688373571577,0.9576885613882515,0.5847622738983748,0.24272928833073623,0.6575821998579364,0.3751291537117576,0.030889503721102076,-0.2537702068480938,-0.44575001165057476,-0.8142629702944175,-1.0724427077874092,-0.9907961241357793,-0.4192700385743705,-0.13902365685120865,0.6355155556277662,1.7587077469434307,2.976786508448827,4.876724576666484,5.2871641593476495,3.369572775745857,1.3813681306075198,-0.19860359627266827,-1.0768560366334432,-1.145262633746971,-0.9378361779833708,-0.8319162856785537,-0.5649098904934939,-0.11695701262103843,0.004409530644897808,-0.03751709339242562,-0.2140502472337874,-0.36410342799894496,-0.4192700385743705,-0.42147670299738754,-0.3596900991529109,-0.4435433472275577,-0.6068365145308174,-0.7480630376039068,-0.6884830981824472,-0.3067301530005024,0.046336154682221235,0.10370942968066382,-0.07061705973768095,0.008822859490931853,0.15666937583307236,0.23610929506168515,0.3905758046728767,0.6002089248594938,0.4920823681316598,0.5053223546697619,0.7304021258174982,0.8892819642747238
0,0,0,-0.7833696683721793,-0.8804629029849282,-0.8539829299087239,-1.0128627683659495,-1.0437560702881878,-1.0967160164405965,-1.2732491702819582,-1.4144756933550477,-1.1231959895168007,-0.9687294799056091,-1.0989226808636134,-1.3835823914328094,-1.4122690289320305,-1.2136692308604986,-0.867222916446826,-0.7877829972182132,-0.7083430779896005,-0.66420978952926,-0.5715298837625451,-0.5494632395323749,-0.659796460683226,-0.8208829635634686,-0.867222916446826,-0.7524763664499409,-0.47443664914979605,-0.40161672319023434,-0.6531764674141749,-0.666416453952277,-0.6421431452990898,-0.5207766020331536,-0.47443664914979605,-0.45016334049660883,-0.30452348857748535,-0.03972375781544264,0.11253608737273191,0.19197600660134473,0.20742265756246386,0.30451589217521285,0.7745354142778387,0.8826619710056728,0.9267952594660132,0.8760419777366217,1.001821849848592,1.004028514271609,0.9598952258112685,1.0503684671549665,1.0349218161938474,0.9797552056184218,0.9687218835033367,0.9819618700414388,0.9356219171580813,0.9025219508128259,0.9113486085048941,1.0503684671549665,0.9731352123493707,1.006235178694626,1.0878817623462558,1.094501755615307,0.9952018565795409,0.8341153536992982,0.7921887296619748,0.8429420113913664,0.9267952594660132,0.8297020248532642,0.7612954277397365,0.8892819642747238,0.5604889652451874,0.30010256332917884,0.3508558450585703,-0.1831569453115491,-0.49870995780298333,-0.7921963260642473,-0.9466628356754389,-0.8473629366396729,-0.7657163529880431,-0.6377298164530557,-0.2427368847330087,0.7723287498548216,1.9661342027070308,3.332059480554568,4.633991490134611,5.818970285294752,5.739530366066139,4.216931914184394,2.0323341353975413,0.2581759392918554,-0.6509698029911579,-0.8319162856785537,-0.7083430779896005,-0.8539829299087239,-0.5803565414546131,-0.15447030781232782,-0.2427368847330087,-0.07723705300673202,-0.0353104289694086,0.030889503721102076,0.21404265083151494,-0.01103712031622135,-0.12357700589008949,-0.16991695877344698,-0.38617007222911515,-0.7304097222197706,-0.7899896616412303,-0.5251899308791876,-0.26039020011714487,0.04854281910523826,0.046336154682221235,-0.0551704087765618,0.17873602006324257,0.2868625767910767,0.33320252967443414,0.5031156902467449,0.6002089248594938,0.5803489450523407,0.6355155556277662,0.8517686690834344
0,0,0,-0.6708297827983111,-0.858396258754758,-1.0128627683659495,-1.151882627016022,-1.0856826943255113,-1.0393427414421539,-1.1496759625930049,-1.3968223779709115,-1.143055969323954,-1.0923026875945623,-1.2379425395136858,-1.4740556327765073,-1.4784689616225413,-1.3041424722041965,-1.0812693654794772,-0.9709361443286261,-0.7502697020269239,-0.7215830645277026,-0.8385362789476047,-0.8385362789476047,-0.8451562722166558,-0.7789563395261452,-0.7083430779896005,-0.9356295135603537,-0.8230896279864857,-0.7458563731808898,-0.8275029568325196,-0.6531764674141749,-0.6289031587609877,-0.6531764674141749,-0.6553831318371919,-0.4766433135728131,-0.1919836030036172,0.0330961681441191,0.18314934890927662,0.34202918736650223,0.3089292210212469,0.3994024623649448,0.8583886623524855,0.8672153200445536,0.9775485411954047,1.0459551383089325,1.001821849848592,0.9885818633104898,0.9709285479263536,1.0128551719636771,1.1209817286915111,1.1253950575375453,1.1651150171518516,1.209248305612192,1.1143617354224602,1.1584950238828005,1.2953082181098559,1.3835747950305368,1.2202816277272772,1.3328215133011454,1.3769548017614859,1.2798615671487368,1.1408417084986644,1.0812617690772048,0.8716286488905877,0.7966020585080089,1.0150618363866941,0.818668702738179,0.6024155892825109,0.6024155892825109,0.5759356162063066,0.4964956969776938,0.3707158248657235,-0.004417127047170282,-0.46560999145772797,-0.8870828962539793,-1.0900960231715453,-0.754683030872958,-0.4391300183815237,-0.09930369723690224,0.7281954613944812,2.3920204363493163,3.7005724391984103,4.662678127633832,5.441630668958841,6.149969948747305,5.439424004535824,4.296371833413007,2.5442802815374908,0.8274953604302472,-0.13019699915914057,-0.5715298837625451,-0.7017230847205493,-0.9488695000984559,-0.962109486636558,-0.761303024142009,-0.5472565751093578,-0.14123032127422566,0.11915608064178297,0.5075290190927789,0.9731352123493707,0.6068289181285449,0.2294893017926341,0.0022028662218807854,-0.20963691838775336,-0.5847698703006472,-0.6995164202975324,-0.5891831991466813,-0.40603005203626835,-0.022070442431306462,0.18756267775531069,0.11694941621876595,0.0728161277584255,0.2868625767910767,0.32878920082840013,0.36188916717365543,0.6399288844738003,0.8252886960072302,0.7392287835095663,0
0,0,0,-0.6818631049133962,-0.5649098904934939,-0.8363296145245878,-1.1165759962477495,-1.0989226808636134,-1.0790627010564602,-1.171742606823175,-1.3703424048947073,-1.3879957202788433,-1.4740556327765073,-1.4740556327765073,-1.4299223443161668,-1.4917089481606434,-1.3306224452804007,-1.2666291770129072,-1.2909024856660944,-1.2291158818216177,-1.065822714518358,-1.0261027549040518,-1.0790627010564602,-1.1783626000922263,-1.2026359087454135,-1.2335292106676519,-1.2953158145121284,-1.1209893250937837,-1.05699605682629,-0.957696157790524,-0.7789563395261452,-0.8208829635634686,-0.6531764674141749,-0.5428432462633238,-0.43471668953548964,-0.1346103280051746,0.00661619506791483,0.13460273160290212,0.43250242871020017,0.4435357508252853,0.5295956633229492,0.6597888642809535,0.6244822335126812,0.712748810433362,0.8694219844675706,0.9510685681192005,1.0106485075406602,0.9819618700414388,0.9245885950429962,0.9907885277335069,1.211454970035209,1.2533815940725326,1.3306148488781284,1.3438548354162305,1.3085482046479582,1.387988123876571,1.4277080834908773,1.3284081844551112,1.500528009450439,1.591001250794137,1.5336279757956943,1.390194788299588,1.4144680969527752,1.182768332535988,0.9113486085048941,0.915761937350928,0.8142553738921451,0.6862688373571577,0.5384223210150172,0.5053223546697619,0.3883691402498597,0.27582925467599156,0.05957614122032337,-0.32879679723067257,-0.562703226070477,-0.7745430106801111,-0.5582898972244429,0.25155594602280434,0.9334152527350643,2.2574139065452776,4.069085397842253,5.304817474731786,6.130109968940152,6.3110564516275485,6.024190076635335,4.764184691092615,3.9918521430366574,2.8267333276836695,1.1364283796526304,-0.10151036165991927,-0.5472565751093578,-0.761303024142009,-0.9268028558682857,-1.1938092510533453,-0.9312161847143198,-0.6068365145308174,-0.23832355588697465,0.30451589217521285,0.8473553402374004,1.3438548354162305,1.3085482046479582,0.3949891335189108,-0.09268370396785118,-0.31555681069257047,-0.5009166222260003,-0.6774497760673621,-0.6289031587609877,-0.46560999145772797,-0.24715021357904277,0.19197600660134473,0.41043578448002993,0.3839558114038257,0.4060224556339959,0.40160912678796185,0.36850916044270654,0.3707158248657235,0.45015574409433634,0.4744290527475236,0
0,0,0,-0.3905834010751492,-0.21625691165680444,-0.4854699712648812,-0.7745430106801111,-0.8981162183690644,-1.0150694327889667,-1.2158758952835156,-1.451988988546337,-1.652795451040886,-1.652795451040886,-1.6020421693114946,-1.5380489010440008,-1.5248089145058987,-1.3262091164343668,-1.335035774126435,-1.451988988546337,-1.5005356058527115,-1.2158758952835156,-1.0945093520175795,-1.1849825933612772,-1.4012357068169454,-1.4166823577780647,-1.4321290087391838,-1.3769623981637582,-1.1805692645152432,-1.1982225798993795,-1.0349294125961197,-0.8495696010626899,-0.8495696010626899,-0.5075366154950514,-0.35307010588385984,-0.3310034616536896,-0.20963691838775336,-0.008830455893204327,0.15887604025608937,0.3663024960196895,0.3861624758268427,0.47001572390148955,0.48104904601657467,0.43029576428718314,0.4479490796713193,0.6642021931269875,0.8605953267755025,0.997408521002558,0.9554818969652344,0.7921887296619748,0.8672153200445536,1.19600831907409,1.1276017219605623,1.2820682315717538,1.4210880902218261,1.387988123876571,1.3593014863773496,1.286481560417788,1.2511749296495156,1.3769548017614859,1.584381257525086,1.6307212104084434,1.5777612642560348,1.4784613652202687,1.306341540224941,1.1011217488843579,0.9422419104271323,0.8738353133136046,1.0614017892700516,0.8252886960072302,0.4589824017864044,0.3508558450585703,0.22728263736961707,0.044129490259204214,-0.19860359627266827,-0.2934901664624002,-0.5538765683784089,-0.048550415507510734,1.2246949565733112,2.380987114234231,3.768979036311938,5.269510843963514,6.355189740087888,6.412563015086331,6.233823196821953,5.490177286265216,4.453045007447215,3.356332789207755,1.974960860399099,0.5980022604364769,-0.45016334049660883,-0.5207766020331536,-0.4854699712648812,-0.657589796260209,-1.1165759962477495,-1.037136077019137,-0.7370297154888218,-0.3067301530005024,0.6046222537055279,1.193801654651073,1.4674280431051836,1.3416481709932133,0.15446271141005533,-0.4391300183815237,-0.5737365481855621,-0.5472565751093578,-0.7083430779896005,-0.6266964943379706,-0.5075366154950514,-0.3067301530005024,0.21404265083151494,0.4876690392856257,0.5516623075531194,0.4633957306324385,0.4038157912109789,0.33982252294348525,0.22728263736961707,0.16549603352514045,0.3067225565982299,0
0,0,0,-0.2118435828107704,-0.15888363665836186,-0.30893681742351936,-0.5935965279927152,-0.8230896279864857,-1.0018294462508643,-1.2842824923970433,-1.562322209697188,-1.6903087462321755,-1.6152821558495967,-1.6417621289258009,-1.6108688270035627,-1.5667355385432222,-1.445368995277286,-1.3990290423939284,-1.3284157808573838,-1.3173824587422986,-1.1849825933612772,-1.1011293452866304,-1.1651226135541242,-1.3240024520113498,-1.365929076048673,-1.4056490356629796,-1.2224958885525667,-0.9952094529818134,-1.0349294125961197,-0.7679230174110601,-0.6399364808760728,-0.6377298164530557,-0.40603005203626835,-0.4435433472275577,-0.36410342799894496,-0.14564365012025973,0.07060946333540848,0.11694941621876595,0.15004938256402128,0.2294893017926341,0.45015574409433634,0.3508558450585703,0.25155594602280434,0.29568923448314477,0.609035582551562,0.6575821998579364,0.6862688373571577,0.7789487431238727,0.6928888306262089,0.7855687363929238,1.019475165232728,1.0658151181160855,1.1607016883058177,1.3262015200320942,1.4232947546448433,1.4696347075282008,1.4299147479138943,1.3284081844551112,1.3217881911860603,1.498321345027422,1.5027346738734562,1.6108612306012902,1.6704411700227497,1.4608080498361327,1.2820682315717538,1.094501755615307,0.9422419104271323,1.1540816950367665,0.6686155219730215,0.17211602679419152,0.06178280564334039,0.10370942968066382,0.05074948352825528,-0.048550415507510734,-0.10592369050595332,-0.2537702068480938,0.6222755690896641,2.2574139065452776,4.040398760343032,5.558583883378743,6.266923163167208,6.364016397779957,5.600510507416066,5.2584775218484285,4.212518585338359,2.859833294028925,1.7145744584830902,0.6487555421658684,-0.25597687127111085,-0.72820305779675365,-0.6399364808760728,-0.673036447221328,-0.7723363462570941,-1.0614093856723241,-1.363722411625656,-1.0945093520175795,-0.5075366154950514,0.23390263063866815,0.7524687700476684,0.8738353133136046,0.4479490796713193,-0.2625968645401619,-0.56049656164746,-0.7017230847205493,-0.7436497087578728,-0.7921963260642473,-0.6421431452990898,-0.7083430779896005,-0.5207766020331536,0.046336154682221235,0.3663024960196895,0.4523624085173534,0.4876690392856257,0.5957955960134599,0.7612954277397365,0.4457424152483023,0.22286930852358303,0.3707158248657235,0
0,0,0,-0.34865677703782577,-0.35748343472989386,-0.4104433808823024,-0.6531764674141749,-0.8054363126023495,-0.9863827952897453,-1.2291158818216177,-1.3747557337407412,-1.5093622635447796,-1.5733555318122732,-1.6660354375789883,-1.5954221760424434,-1.6925154106551925,-1.7609220077687202,-1.560115545274171,-1.2202892241295498,-1.068029378941375,-1.1386426404779197,-1.253389190474805,-1.3328291097034177,-1.350482425087554,-1.3019358077811796,-1.2886958212430775,-1.0724427077874092,-1.052582727980256,-1.1871892577842944,-0.7326163866427877,-0.5296032597252216,-0.38396340780609817,-0.24494354915602573,-0.3508634414608428,-0.269216857809213,-0.09930369723690224,0.0330961681441191,0.026476174875068034,0.05074948352825528,0.10812275852669787,0.22286930852358303,0.17432269121720853,0.1015027652576468,0.11915608064178297,0.2294893017926341,0.36409583159667247,0.3839558114038257,0.48987570370864275,0.6443422133198343,0.712748810433362,0.8539753335064515,0.9510685681192005,0.8892819642747238,1.1496683661907325,1.3548881575313156,1.482874694066303,1.599827908486205,1.4387414056059624,1.3107548690709752,1.3306148488781284,1.2070416411891751,1.4255014190678603,1.599827908486205,1.5137679959885413,1.4122614325297582,1.4718413719512178,1.4387414056059624,1.2666215806106347,0.5251823344769151,-0.10592369050595332,-0.34865677703782577,-0.16771029435042994,-0.1147503481980214,-0.16991695877344698,-0.1434369856972427,0.06840279891239145,1.109948406576426,2.756120066147125,4.428771698794028,5.622577151646237,6.132316633363169,5.585063856454948,4.561171564175049,3.576999231509457,2.2331405978920906,0.9885818633104898,0.0816427854504936,-0.31335014626955343,-0.7414430443348557,-0.9025295472150985,-0.8142629702944175,-0.9422495068294048,-1.0327227481731027,-1.054789392403273,-1.0878893587485283,-1.173949271246192,-0.9091495404841495,-0.5472565751093578,-0.3111434818465364,-3.7982011362372927e-6,-0.22508356934887253,-0.7237897289507196,-0.9819694664437112,-0.9157695337532006,-1.0724427077874092,-1.054789392403273,-0.6686231183752941,-0.6266964943379706,-0.49870995780298333,-0.12799033473612353,0.28024258352202563,0.48987570370864275,0.5075290190927789,0.6774421796650897,1.1562883594597835,0.8429420113913664,0.5803489450523407,0.5626956296682045,0
0,0,0,-0.35748343472989386,-0.5273965953022046,-0.6178698366459026,-0.7370297154888218,-0.7193764001046855,-0.8892895606769963,-1.1805692645152432,-1.2909024856660944,-1.44978232412332,-1.6020421693114946,-1.7101687260393286,-1.6042488337345115,-1.6196954846956306,-1.6814820885401074,-1.5777688606583073,-1.3262091164343668,-1.248975861628771,-1.2931091500891114,-1.4034423712399626,-1.4961222770066775,-1.4740556327765073,-1.3151757943192817,-1.1077493385556816,-1.0349294125961197,-1.2004292443223965,-1.3151757943192817,-0.9907961241357793,-1.0084494395199155,-0.8782562385619112,-0.6928964270284813,-0.6289031587609877,-0.39279006549816625,-0.31776347511558745,-0.25597687127111085,-0.07723705300673202,-0.10371702608293629,-0.1346103280051746,-0.12137034146707247,0.03530283256713612,-0.048550415507510734,-0.1655036299274129,-0.15447030781232782,0.11032942294971489,0.0728161277584255,-0.03310376454639157,0.019856181606016966,0.40160912678796185,0.613448911397596,0.6973021594722428,0.6465488777428513,1.0790551046541879,1.407848103683724,1.5380413046417285,1.597621244063188,1.5027346738734562,1.211454970035209,1.109948406576426,1.202628312343141,1.3791614661845029,1.4652213786821666,1.4630147142591496,1.405641439260707,1.6285145459854264,1.5689346065639667,1.2291082854193454,0.5737289517832896,0.011029523913948874,-0.2140502472337874,-0.10371702608293629,-3.7982011362372927e-6,-0.23832355588697465,-0.24935687800205977,0.18756267775531069,1.2335216142653793,2.798046690184448,3.9896454786136406,4.645024812249696,5.295990817039717,4.4905583026385045,3.2967528497862952,2.16694066520158,0.812048709469128,-0.2912835020393832,-0.7304097222197706,-0.6112498433768515,-0.7392363799118388,-0.8760495741388942,-0.9466628356754389,-1.0614093856723241,-1.1320226472088688,-1.1364359760549028,-1.1121626674017155,-1.2224958885525667,-1.246769197205754,-1.156295955862056,-0.9201828625992347,-0.5516699039553918,-0.657589796260209,-1.050376063557239,-1.365929076048673,-1.059202721249307,-1.0923026875945623,-1.063616050095341,-0.8164696347174345,-0.5958031924157323,-0.3265901328076556,-0.17874361646551506,0.06840279891239145,0.5097356835157959,0.6355155556277662,0.80322205177706,1.1143617354224602,1.0238884940787623,0.7237821325484471,0.45015574409433634,0
0,0,0,-0.2625968645401619,-0.5141566087641025,-0.6465564741451238,-0.659796460683226,-0.7193764001046855,-0.8826695674079452,-1.1099560029786986,-1.2754558347049751,-1.4828822904685754,-1.5910088471964094,-1.663828773155971,-1.6572087798869202,-1.4939156125836603,-1.456402317392371,-1.350482425087554,-1.1871892577842944,-1.253389190474805,-1.4365423375852178,-1.5799755250813243,-1.6395554645027839,-1.5976288404654606,-1.438749002008235,-1.262215848166873,-1.262215848166873,-1.2820758279740263,-1.255595854897822,-1.1055426741326646,-1.1077493385556816,-1.1761559356692093,-1.156295955862056,-1.068029378941375,-0.8252962924095026,-0.8937028895230303,-0.7215830645277026,-0.4192700385743705,-0.5185699376101365,-0.42147670299738754,-0.2979034953084343,-0.10813035492897034,-0.09709703281388522,-0.3221768039616215,-0.3883767366521322,-0.20522358954171932,-0.2515635424250768,-0.1655036299274129,-0.015450449162255395,0.28465591236805965,0.315549214290298,0.5031156902467449,0.7414354479325833,1.1276017219605623,1.4387414056059624,1.4608080498361327,1.399021445991656,1.4850813584893199,1.09229509119229,0.904728615235843,1.0481618027319495,1.2688282450336517,1.297514882532873,1.405641439260707,1.480668029643286,1.5358346402187113,1.4519813921440645,1.2048349767661581,0.9025219508128259,0.6553755354349194,0.3354091940974512,0.2824492479450426,0.3089292210212469,-0.0948903683908682,-0.24494354915602573,0.04854281910523826,0.8892819642747238,2.1316340344333073,3.0231264613321844,3.5836192247785084,3.9256522103461466,3.3144061651704315,2.290513872890533,1.1871816613820219,0.19638933544737877,-0.5803565414546131,-0.8870828962539793,-0.867222916446826,-0.8937028895230303,-0.860602923177775,-1.037136077019137,-1.1893959222073114,-1.262215848166873,-1.3902023847018603,-1.2666291770129072,-1.1342293116318858,-1.1364359760549028,-1.0172760972119836,-0.6421431452990898,-0.3795500789600641,-0.6708297827983111,-0.865016252023809,-0.9532828289444899,-0.8826695674079452,-0.9378361779833708,-0.9952094529818134,-1.037136077019137,-0.9863827952897453,-0.5538765683784089,-0.4722299847267791,-0.17433028761948102,0.46118906620942146,0.8716286488905877,1.3284081844551112,1.3570948219543326,0.8936952931207579,0.615655575820613,0.11032942294971489,0
0,0,0,-0.1434369856972427,-0.27142352223223,-0.18095028088853207,-0.31335014626955343,-0.7017230847205493,-0.8164696347174345,-1.0062427750968985,-1.1651226135541242,-1.260009183743856,-1.456402317392371,-1.5932155116194264,-1.6263154779646818,-1.4740556327765073,-1.5998355048884776,-1.4740556327765073,-1.262215848166873,-1.2997291433581624,-1.5689422029662392,-1.7896086452679414,-1.7874019808449244,-1.6086621625805455,-1.562322209697188,-1.4983289414296945,-1.4696423039304731,-1.2798691635510093,-1.2909024856660944,-1.255595854897822,-1.1893959222073114,-1.253389190474805,-1.2688358414359242,-1.0393427414421539,-0.6686231183752941,-0.8275029568325196,-0.8760495741388942,-0.860602923177775,-1.063616050095341,-0.7171697356816685,-0.5980098568387493,-0.46119666261169395,-0.28466350877033214,-0.4192700385743705,-0.4766433135728131,-0.37293008569101305,-0.26480352896317894,-0.17433028761948102,0.0816427854504936,0.2670025969839235,0.2294893017926341,0.6575821998579364,0.807635380623094,0.9775485411954047,1.301928211378907,1.3460614998392475,1.304134875801924,1.2600015873415835,0.9356219171580813,0.714955474856379,0.708335481587328,0.8451486758143834,0.8297020248532642,1.2313149498423623,1.405641439260707,1.306341540224941,1.3438548354162305,1.317374862340026,1.286481560417788,1.215868298881243,0.8274953604302472,0.7524687700476684,0.5781422806293236,0.05516281237428933,-0.03972375781544264,-0.13681699242819162,0.22066264410056602,0.9422419104271323,1.6483745257925795,2.4449803825017247,2.7450867440320397,2.2044539603928692,1.394608117145622,0.30451589217521285,-0.6002165212617664,-0.8164696347174345,-0.9223895270222516,-1.0437560702881878,-1.1364359760549028,-0.8451562722166558,-1.151882627016022,-1.3902023847018603,-1.440955666431252,-1.546875558736069,-1.3571024183566052,-1.0459627347112048,-0.9047362116381155,-1.0018294462508643,-0.56049656164746,-0.17874361646551506,-0.370723421267996,-0.47002332030376204,-0.6156631722228855,-0.7855763327951962,-0.9135628693301835,-0.8848762318309622,-0.9157695337532006,-0.9069428760611324,-0.7061364135665834,-0.6818631049133962,-0.26039020011714487,0.2294893017926341,0.4258824354411491,0.7966020585080089,0.8826619710056728,0.5935889315904428,0.44132908640226826,-0.12137034146707247,0
0,0,0,-0.30452348857748535,-0.48326330684186414,-0.21625691165680444,-0.2979034953084343,-0.6509698029911579,-0.7237897289507196,-0.8981162183690644,-1.1629159491311072,-1.3703424048947073,-1.5115689279677966,-1.4696423039304731,-1.445368995277286,-1.3857890558558263,-1.445368995277286,-1.3085558010502305,-1.2798691635510093,-1.3769623981637582,-1.562322209697188,-1.9131818529568947,-1.8889085443037075,-1.5777688606583073,-1.6241088135416648,-1.5137755923908136,-1.3173824587422986,-1.140849304900937,-1.251182526051788,-1.337242438549452,-1.2357358750906688,-1.0305160837500857,-0.858396258754758,-0.8076429770253665,-0.6752431116443451,-0.6796564404903792,-0.8451562722166558,-0.9069428760611324,-0.8363296145245878,-0.5494632395323749,-0.6620031251062429,-0.7480630376039068,-0.7061364135665834,-0.7193764001046855,-0.657589796260209,-0.46119666261169395,-0.269216857809213,-0.3398301193457577,-0.13681699242819162,-0.0353104289694086,0.0022028662218807854,0.4678090594784725,0.5538689719761364,0.6553755354349194,1.0371284806168644,1.304134875801924,1.317374862340026,1.182768332535988,0.9400352460041154,0.7480554412016344,0.7370221190865492,0.7590887633167195,0.7259887969714641,1.1805616681129707,1.290894889263822,1.213661634458226,1.2467616008034814,1.109948406576426,1.2445549363804644,1.317374862340026,1.0371284806168644,1.0371284806168644,0.8694219844675706,0.4854623748626087,0.23390263063866815,-0.3111434818465364,-0.3420367837687747,0.09929610083462978,0.4744290527475236,1.317374862340026,1.5159746604115583,1.001821849848592,0.3795424825577916,-0.22949689819490657,-0.6509698029911579,-0.7392363799118388,-0.8539829299087239,-0.9179761981762176,-0.8981162183690644,-0.8473629366396729,-1.3129691298962647,-1.4806756260455582,-1.440955666431252,-1.260009183743856,-1.1849825933612772,-1.1651226135541242,-1.1077493385556816,-1.2004292443223965,-1.140849304900937,-0.8363296145245878,-0.5251899308791876,-0.36631009242196194,-0.5340165885712557,-0.8694295808698431,-1.1011293452866304,-0.9003228827920814,-0.8098496414483835,-0.7899896616412303,-0.7392363799118388,-0.6156631722228855,-0.03972375781544264,0.2868625767910767,0.27362259025297453,0.2780359190990086,0.4722223883245066,0.36409583159667247,0.10370942968066382,-0.2339102270409406,0
0,0,0,-0.5097432799180684,-0.46119666261169395,-0.2515635424250768,-0.2824568443473151,-0.5715298837625451,-0.8429496077936388,-1.0084494395199155,-1.2269092173986007,-1.4321290087391838,-1.529222243351933,-1.2776624991279923,-1.2158758952835156,-1.257802519320839,-1.2842824923970433,-1.0967160164405965,-1.260009183743856,-1.4740556327765073,-1.546875558736069,-1.8028486318060435,-1.7101687260393286,-1.4696423039304731,-1.4762622971995243,-1.3747557337407412,-1.2158758952835156,-1.0945093520175795,-1.1673292779771411,-1.3041424722041965,-1.2247025529755837,-0.9157695337532006,-0.6134565077998685,-0.8208829635634686,-0.9003228827920814,-0.8120563058714005,-0.6884830981824472,-0.5649098904934939,-0.5384299174172897,-0.4766433135728131,-0.569323219339528,-0.7105497424126175,-0.8694295808698431,-0.9400428424063878,-0.8385362789476047,-0.5472565751093578,-0.3883767366521322,-0.40603005203626835,-0.11033701935198736,-0.048550415507510734,-0.05737707319957882,0.09708943641161275,0.27582925467599156,0.4633957306324385,0.7546754344706854,1.0834684335002218,1.2246949565733112,1.2335216142653793,1.1474617017677153,0.9731352123493707,0.7745354142778387,0.7436421123556003,0.8583886623524855,1.2335216142653793,1.3593014863773496,1.211454970035209,1.008441843117643,0.7899820652389578,0.9687218835033367,0.9223819306199792,0.807635380623094,1.0349218161938474,1.008441843117643,0.7480554412016344,0.3883691402498597,0.01544285275998292,-0.046343751084493706,-0.03089710012337455,0.004409530644897808,0.5318023277459661,0.3376158585204682,-0.11916367704405545,-0.5075366154950514,-0.7745430106801111,-0.6311098231840047,-0.6024231856847834,-0.763509688565026,-0.9091495404841495,-0.9488695000984559,-0.9952094529818134,-1.2997291433581624,-1.3173824587422986,-1.2291158818216177,-1.1871892577842944,-1.2953158145121284,-1.4784689616225413,-1.4100623645090136,-1.2776624991279923,-1.2357358750906688,-1.1099560029786986,-0.867222916446826,-0.6399364808760728,-0.6973097558745154,-0.8782562385619112,-0.9907961241357793,-0.8407429433706218,-0.569323219339528,-0.5075366154950514,-0.4854699712648812,-0.37734341453704706,0.06398947006635741,0.3574758383276214,0.31334254986728094,0.15666937583307236,0.518562341207864,0.3354091940974512,0.05736947679730635,-0.0948903683908682,0
0,0,0,-0.5560832328014259,-0.35748343472989386,-0.15667697223534482,-0.03089710012337455,-0.4766433135728131,-0.8937028895230303,-1.0349294125961197,-1.151882627016022,-1.145262633746971,-1.158502620285073,-1.2247025529755837,-1.2931091500891114,-1.3195891231653156,-1.26442251258989,-1.0967160164405965,-1.246769197205754,-1.4828822904685754,-1.5932155116194264,-1.6086621625805455,-1.3946157135478945,-1.2158758952835156,-1.1342293116318858,-1.1077493385556816,-1.1298159827858518,-1.068029378941375,-1.0238960904810346,-0.957696157790524,-0.9819694664437112,-0.7590963597189919,-0.5406365818403067,-0.9599028222135411,-1.1320226472088688,-1.1276093183628346,-0.8914962251000134,-0.4567833337656599,-0.5075366154950514,-0.6995164202975324,-0.8032296481793324,-0.7171697356816685,-0.8142629702944175,-0.9025295472150985,-0.8473629366396729,-0.6156631722228855,-0.4236833674204046,-0.273630186655247,-0.017657113585272416,0.0816427854504936,0.08605611429652764,0.12577607391083404,0.2670025969839235,0.2581759392918554,0.47884238159355763,0.7612954277397365,0.9356219171580813,0.9907885277335069,1.0591951248470346,1.0746417758081537,0.9201752661969621,0.8429420113913664,0.997408521002558,1.2379349431114133,1.2423482719574475,0.9841685344644557,0.7480554412016344,0.6840621729341407,1.094501755615307,0.9775485411954047,0.8716286488905877,1.019475165232728,0.9885818633104898,0.6333088912047492,0.3089292210212469,0.15225604698703832,0.05736947679730635,0.05736947679730635,0.16328936910212344,0.5295956633229492,0.3309958652514171,0.08605611429652764,-0.3905834010751492,-0.9665228154825921,-0.7458563731808898,-0.7767496751031282,-0.9996227818278474,-1.0128627683659495,-1.1496759625930049,-1.1011293452866304,-1.0724427077874092,-1.140849304900937,-1.1673292779771411,-1.255595854897822,-1.443162330854269,-1.6285221423876988,-1.3990290423939284,-1.2114625664374816,-1.2070492375914474,-1.2401492039367028,-1.26442251258989,-1.1342293116318858,-0.9488695000984559,-0.8429496077936388,-0.8628095876007921,-0.6487631385681408,-0.1831569453115491,0.08384944987351062,0.3839558114038257,0.3309958652514171,0.11474275179574893,0.29568923448314477,0.4435357508252853,0.44132908640226826,0.520769005630881,0.2780359190990086,0.13018940275686808,0.09708943641161275,0
0,0,0,-0.48105664241884716,-0.2912835020393832,-0.10813035492897034,-0.12357700589008949,-0.4589899981886769,-0.6862764337594303,-0.8429496077936388,-0.9996227818278474,-1.140849304900937,-1.3835823914328094,-1.4895022837376264,-1.3946157135478945,-1.4652289750844392,-1.3262091164343668,-1.0724427077874092,-1.0172760972119836,-1.2997291433581624,-1.557908880851154,-1.5799755250813243,-1.2886958212430775,-1.246769197205754,-1.1673292779771411,-1.0724427077874092,-1.1254026539398176,-0.9201828625992347,-0.7679230174110601,-0.7237897289507196,-0.761303024142009,-0.6774497760673621,-0.6090431789538344,-0.8429496077936388,-0.6906897626054642,-0.8848762318309622,-0.8782562385619112,-0.5119499443410854,-0.6355231520300387,-0.8385362789476047,-0.9488695000984559,-0.8142629702944175,-0.6906897626054642,-0.5737365481855621,-0.4766433135728131,-0.41265004530531946,-0.35748343472989386,-0.2118435828107704,-3.7982011362372927e-6,0.1610827046791064,0.2383159594847022,0.34202918736650223,0.3751291537117576,0.11253608737273191,0.3067225565982299,0.5340089921689832,0.6311022267817322,0.6686155219730215,0.9223819306199792,1.1209817286915111,1.209248305612192,1.1298083863835793,1.1761483392669367,1.1739416748439198,1.0216818296557453,0.7723287498548216,0.6840621729341407,0.7480554412016344,0.9466552392731664,0.8959019575437749,0.8892819642747238,0.9819618700414388,0.9775485411954047,0.5428356498610513,0.21624931525453198,0.04854281910523826,-0.07944371742974905,0.08384944987351062,0.17432269121720853,0.27141592582995755,0.3376158585204682,0.518562341207864,0.16328936910212344,-0.5781498770315961,-0.9819694664437112,-1.0018294462508643,-1.05699605682629,-1.1033360097096474,-1.3262091164343668,-1.1960159154763623,-1.145262633746971,-1.2820758279740263,-1.363722411625656,-1.3990290423939284,-1.4166823577780647,-1.3857890558558263,-1.2202892241295498,-1.151882627016022,-1.1761559356692093,-1.255595854897822,-1.3990290423939284,-1.2004292443223965,-1.0040361106738815,-0.9378361779833708,-0.8341229501015708,-0.40603005203626835,0.18535601333229365,0.6068289181285449,0.9621018902342856,0.7723287498548216,0.22066264410056602,-0.03089710012337455,0.16328936910212344,0.46118906620942146,0.5935889315904428,0.414849113326064,0.2493492815997873,0.2118359864084979,0
0,0,0,-0.26701019338619597,-0.23611689146395765,-0.2317035626179236,-0.3111434818465364,-0.4192700385743705,-0.25597687127111085,-0.48105664241884716,-0.8738429097158771,-0.9863827952897453,-1.4012357068169454,-1.4917089481606434,-1.1695359424001581,-1.260009183743856,-1.1165759962477495,-0.957696157790524,-0.860602923177775,-0.9731428087516432,-1.2313225462446349,-1.3438624318185028,-1.2224958885525667,-1.335035774126435,-1.3438624318185028,-1.3129691298962647,-1.2666291770129072,-0.8782562385619112,-0.7877829972182132,-0.72820305779675365,-0.6244898299149536,-0.867222916446826,-0.8716362452928601,-0.7723363462570941,-0.4965032933799663,-0.6509698029911579,-0.6333164876070216,-0.5009166222260003,-0.6928964270284813,-0.8076429770253665,-0.8782562385619112,-0.8407429433706218,-0.5869765347236642,-0.2515635424250768,-0.13681699242819162,-0.2339102270409406,-0.35748343472989386,-0.2979034953084343,-0.09709703281388522,0.12798273833385107,0.17211602679419152,0.2670025969839235,0.27582925467599156,0.06619613448937443,0.21845597967754898,0.41043578448002993,0.5825556094753577,0.6862688373571577,0.9466552392731664,1.0283018229247962,1.0216818296557453,1.0216818296557453,1.1915949902280558,1.09229509119229,0.90693527965886,0.8760419777366217,0.8782486421596387,0.9753418767723877,0.9709285479263536,0.7988087229310259,0.7304021258174982,0.8010153873540429,0.8274953604302472,0.4523624085173534,0.0816427854504936,-0.15667697223534482,-0.269216857809213,-0.05958373762259584,0.15666937583307236,0.27362259025297453,0.3707158248657235,0.518562341207864,0.1323960671798851,-0.47443664914979605,-0.957696157790524,-0.9753494731746601,-1.037136077019137,-1.1099560029786986,-1.2247025529755837,-1.2291158818216177,-1.2224958885525667,-1.3703424048947073,-1.5711488673892562,-1.5865955183503755,-1.5181889212368478,-1.4321290087391838,-1.3284157808573838,-1.2688358414359242,-1.253389190474805,-1.3129691298962647,-1.438749002008235,-1.1805692645152432,-1.0437560702881878,-1.0724427077874092,-0.9334228491373368,-0.5053299510720344,0.17652935564022557,0.7635020921627536,1.0260951585017792,0.9952018565795409,0.904728615235843,0.7833620719699067,0.5384223210150172,0.7414354479325833,0.8605953267755025,0.7767420787008557,0.6642021931269875,0.48987570370864275,0
0,0,0,-0.20522358954171932,-0.20743025396473636,-0.3023168241544683,-0.4303033606894556,-0.5318099241482387,-0.38175674338308113,-0.8186762991404516,-0.9510761645214729,-0.6995164202975324,-0.8848762318309622,-1.0040361106738815,-0.964316151059575,-1.0040361106738815,-0.9996227818278474,-0.9819694664437112,-0.9863827952897453,-0.957696157790524,-1.1761559356692093,-1.3416557673954859,-1.3394491029724689,-1.348275760664537,-1.2710425058589412,-1.257802519320839,-1.1827759289382602,-0.8870828962539793,-0.9400428424063878,-0.8561895943317409,-0.7524763664499409,-1.1342293116318858,-0.9753494731746601,-0.7966096549102814,-0.6796564404903792,-0.7127564068356345,-0.5737365481855621,-0.5560832328014259,-0.7149630712586516,-0.7326163866427877,-0.6399364808760728,-0.5649098904934939,-0.5296032597252216,-0.35307010588385984,-0.19639693184965124,-0.22287690492585552,-0.4082367164592854,-0.3994100587672173,-0.14785031454327674,0.08605611429652764,0.09929610083462978,0.019856181606016966,-0.06179040204561287,0.02426951045205101,0.34864918063555334,0.520769005630881,0.7524687700476684,1.0349218161938474,1.2577949229185665,1.2048349767661581,1.0900884267692728,1.0702284469621197,1.2511749296495156,1.1474617017677153,1.0459551383089325,0.9863751988874728,0.9201752661969621,1.1143617354224602,1.0437484738859153,0.7546754344706854,0.7436421123556003,0.6862688373571577,0.5538689719761364,0.2780359190990086,-0.0353104289694086,-0.05296374435354478,-0.0353104289694086,-0.0022104626241532597,0.22066264410056602,0.3596825027506384,0.4236757710181321,0.3751291537117576,0.05957614122032337,-0.4479566760735918,-0.8230896279864857,-0.9135628693301835,-1.0923026875945623,-1.0415494058651709,-1.0216894260580176,-1.171742606823175,-1.1695359424001581,-1.1783626000922263,-1.3107624654732475,-1.456402317392371,-1.4740556327765073,-1.5910088471964094,-1.652795451040886,-1.5976288404654606,-1.542462229890035,-1.36813574047169,-1.2423558683597198,-1.1364359760549028,-0.9709361443286261,-0.8981162183690644,-0.8760495741388942,-0.7304097222197706,-0.05958373762259584,0.4942890325546768,0.6862688373571577,0.8760419777366217,0.9576885613882515,1.004028514271609,0.9113486085048941,1.1320150508065963,1.1739416748439198,1.103328413307375,1.017268500809711,0.6928888306262089,0
0,0,0,-0.09709703281388522,-0.12137034146707247,-0.2537702068480938,-0.2868701731933492,-0.2934901664624002,-0.33321012607670664,-0.9996227818278474,-0.9268028558682857,-0.467816655880745,-0.5031232866490174,-0.9179761981762176,-0.865016252023809,-0.8054363126023495,-1.0481693991342218,-1.0459627347112048,-0.9841761308667283,-0.9797628020206942,-1.1916025866303284,-1.3747557337407412,-1.4917089481606434,-1.3725490693177242,-1.059202721249307,-1.1805692645152432,-1.1761559356692093,-1.0018294462508643,-0.9444561712524219,-0.8407429433706218,-0.9135628693301835,-1.2247025529755837,-1.0768560366334432,-0.957696157790524,-0.9179761981762176,-0.9025295472150985,-0.7348230510658047,-0.6840697693364132,-0.7502697020269239,-0.7944029904872644,-0.7436497087578728,-0.5318099241482387,-0.43251002511247266,-0.49429662895694926,-0.46340332703471093,-0.2868701731933492,-0.27142352223223,-0.46119666261169395,-0.31555681069257047,-0.09930369723690224,0.12136274506479999,0.30451589217521285,0.19638933544737877,0.18314934890927662,0.4280890998641661,0.6818555085111238,0.8341153536992982,1.1209817286915111,1.4277080834908773,1.4872880229123369,1.2776549027257198,1.2555882584955496,1.401228110414673,1.2335216142653793,1.0900884267692728,0.9687218835033367,0.8517686690834344,0.9709285479263536,0.7546754344706854,0.5980022604364769,0.7215754681254302,0.6443422133198343,0.28024258352202563,-0.017657113585272416,-0.12578367031310653,-0.1655036299274129,-0.01103712031622135,0.11253608737273191,0.2294893017926341,0.1323960671798851,0.11474275179574893,0.1610827046791064,0.11253608737273191,-0.3751367501140301,-0.7458563731808898,-0.8451562722166558,-0.9179761981762176,-0.8098496414483835,-0.754683030872958,-0.9223895270222516,-1.1099560029786986,-1.1121626674017155,-1.2886958212430775,-1.5159822568138306,-1.4872956193146094,-1.8205019471901798,-1.8977352019957756,-1.643968793348818,-1.3968223779709115,-1.1231959895168007,-0.9930027885587963,-1.0812693654794772,-0.9025295472150985,-0.770129681834077,-0.7436497087578728,-0.7679230174110601,-0.3508634414608428,-0.048550415507510734,0.13018940275686808,0.36409583159667247,0.7480554412016344,0.9356219171580813,1.0812617690772048,1.2070416411891751,1.2842748959947707,1.288688224840805,1.1805616681129707,0.7833620719699067,0
0,0,0.08826277871954466,0.046336154682221235,-0.05296374435354478,-0.2780435155012811,-0.33762345492274065,-0.22508356934887253,-0.269216857809213,-0.7921963260642473,-0.865016252023809,-0.56049656164746,-0.3949967299211833,-0.8252962924095026,-0.7017230847205493,-0.6840697693364132,-0.9290095202913027,-0.964316151059575,-0.9488695000984559,-0.9797628020206942,-1.0989226808636134,-1.0327227481731027,-1.2048425731684305,-1.3416557673954859,-1.2180825597065326,-1.2092559020144646,-1.26442251258989,-1.26442251258989,-1.2291158818216177,-1.1121626674017155,-1.1209893250937837,-1.251182526051788,-1.3151757943192817,-1.2732491702819582,-1.143055969323954,-0.9930027885587963,-0.8275029568325196,-0.7789563395261452,-0.7988163193332983,-0.7502697020269239,-0.5340165885712557,-0.37293008569101305,-0.368516756844979,-0.48105664241884716,-0.6244898299149536,-0.4722299847267791,-0.33762345492274065,-0.41706337415135347,-0.47443664914979605,-0.5141566087641025,-0.14564365012025973,0.3861624758268427,0.45015574409433634,0.3574758383276214,0.4523624085173534,0.7370221190865492,0.7171621392793961,0.997408521002558,1.3085482046479582,1.4894946873353538,1.286481560417788,1.1165683998454772,1.1143617354224602,1.105535077730392,1.006235178694626,0.8804553065826557,0.812048709469128,0.8605953267755025,0.7304021258174982,0.6509622065888854,0.7237821325484471,0.7326087902405152,0.2625892681378894,-0.11254368377500439,-0.2030169251187023,-0.14785031454327674,0.004409530644897808,0.21624931525453198,0.3023092277521958,0.22066264410056602,0.28465591236805965,0.2537626104458213,0.2294893017926341,-0.10813035492897034,-0.6289031587609877,-0.8319162856785537,-0.7149630712586516,-0.5296032597252216,-0.3596900991529109,-0.4104433808823024,-0.6928964270284813,-0.8539829299087239,-1.2180825597065326,-1.5358422366209838,-1.6219021491186478,-2.133848295258597,-1.937455161610082,-1.542462229890035,-1.2335292106676519,-0.9245961914452686,-0.9113562049071665,-0.9952094529818134,-0.8826695674079452,-0.7061364135665834,-0.5825632058776302,-0.46340332703471093,-0.26480352896317894,-0.22949689819490657,-0.12799033473612353,0.0816427854504936,0.6024155892825109,0.7701220854318046,0.8672153200445536,0.997408521002558,1.1739416748439198,1.200421647920124,1.1143617354224602,0.8208753671611961,0
0,0,0.3574758383276214,0.04854281910523826,-0.3464501126148088,-0.5913898635696982,-0.48326330684186414,-0.2625968645401619,-0.27142352223223,-0.6068365145308174,-0.8032296481793324,-0.46340332703471093,-0.3001101597314513,-0.5362232529942726,-0.5362232529942726,-0.6840697693364132,-0.860602923177775,-0.9025295472150985,-0.8429496077936388,-0.8473629366396729,-0.8363296145245878,-0.8098496414483835,-1.052582727980256,-1.3063491366272135,-1.3857890558558263,-1.1099560029786986,-1.070236043364392,-1.1209893250937837,-1.154089291439039,-1.1254026539398176,-1.2114625664374816,-1.251182526051788,-1.2842824923970433,-1.3107624654732475,-1.1342293116318858,-0.8782562385619112,-0.7215830645277026,-0.8010229837563154,-0.8694295808698431,-0.7944029904872644,-0.5097432799180684,-0.3265901328076556,-0.5296032597252216,-0.6333164876070216,-0.5715298837625451,-0.5009166222260003,-0.3398301193457577,-0.20963691838775336,-0.2030169251187023,-0.34865677703782577,-0.008830455893204327,0.4633957306324385,0.6377222200507833,0.5847622738983748,0.6862688373571577,0.7966020585080089,0.7436421123556003,0.9025219508128259,0.904728615235843,0.8716286488905877,0.8605953267755025,0.7480554412016344,0.8010153873540429,0.8959019575437749,0.8583886623524855,0.7480554412016344,0.5295956633229492,0.4876690392856257,0.706128817164311,0.7480554412016344,0.708335481587328,0.6068289181285449,0.2383159594847022,-0.022070442431306462,-0.03310376454639157,0.13018940275686808,0.04192282583618719,0.23610929506168515,0.315549214290298,0.2581759392918554,0.46118906620942146,0.36188916717365543,0.026476174875068034,-0.2780435155012811,-0.4236833674204046,-0.5097432799180684,-0.4104433808823024,-0.172123623196464,0.028682839298085055,-0.050757079930527756,-0.28466350877033214,-0.5097432799180684,-0.8804629029849282,-1.1298159827858518,-1.3394491029724689,-1.7896086452679414,-1.5888021827733925,-1.443162330854269,-1.3835823914328094,-1.1320226472088688,-1.070236043364392,-0.9775561375976772,-0.8230896279864857,-0.6509698029911579,-0.6134565077998685,-0.41265004530531946,-0.12578367031310653,-0.041930422238459664,-0.024277106854323483,0.12136274506479999,0.31996254313633204,0.36188916717365543,0.5538689719761364,0.7237821325484471,0.8672153200445536,0.8297020248532642,0.7458487767786174,0.5803489450523407,0
0,0,0.3883691402498597,0.12577607391083404,-0.3199701395386045,-0.6134565077998685,-0.5075366154950514,-0.33762345492274065,-0.3001101597314513,-0.3067301530005024,-0.3398301193457577,-0.24494354915602573,-0.2118435828107704,-0.27583685107826406,-0.3111434818465364,-0.6465564741451238,-0.8230896279864857,-0.8098496414483835,-0.6024231856847834,-0.6311098231840047,-0.6973097558745154,-0.763509688565026,-0.9444561712524219,-1.068029378941375,-1.05699605682629,-0.9930027885587963,-1.05699605682629,-0.9753494731746601,-0.8385362789476047,-0.7348230510658047,-0.9952094529818134,-1.154089291439039,-1.2048425731684305,-1.171742606823175,-0.9444561712524219,-0.6024231856847834,-0.5582898972244429,-0.7988163193332983,-0.7458563731808898,-0.8319162856785537,-0.7083430779896005,-0.41706337415135347,-0.45016334049660883,-0.5185699376101365,-0.467816655880745,-0.40382338761325137,-0.30893681742351936,-0.15005697896629377,-0.06179040204561287,-0.13019699915914057,0.08605611429652764,0.4567757373633874,0.613448911397596,0.43029576428718314,0.7370221190865492,0.9223819306199792,0.913555272927911,0.90693527965886,0.712748810433362,0.714955474856379,0.807635380623094,0.6531688710119025,0.6973021594722428,0.710542146010345,0.6553755354349194,0.6355155556277662,0.41043578448002993,0.33982252294348525,0.6266888979356982,0.8164620383151621,0.7524687700476684,0.615655575820613,0.41043578448002993,0.21404265083151494,0.29127590563711075,0.3883691402498597,0.29348257006012773,0.4236757710181321,0.29127590563711075,0.09046944314256168,-0.01103712031622135,0.10812275852669787,0.11915608064178297,-0.0353104289694086,-0.048550415507510734,0.046336154682221235,0.04854281910523826,0.09488277198859572,0.24052262390771922,0.15446271141005533,0.05957614122032337,-0.11254368377500439,-0.46560999145772797,-0.9025295472150985,-1.1099560029786986,-1.248975861628771,-1.2026359087454135,-1.2666291770129072,-1.2666291770129072,-1.140849304900937,-1.0790627010564602,-0.9378361779833708,-0.66420978952926,-0.4303033606894556,-0.4766433135728131,-0.3552767703068769,-0.07282372416069798,0.1897693421783277,0.09929610083462978,0.09929610083462978,0.15225604698703832,0.18756267775531069,0.3839558114038257,0.4347090931332172,0.5097356835157959,0.6642021931269875,0.7237821325484471,0.5626956296682045,0
0,0,0.5251823344769151,0.19859599987039578,-0.022070442431306462,-0.26701019338619597,-0.29569683088541726,-0.14564365012025973,-0.01986377800828944,0.0926761075655787,0.14563605371798724,-0.21625691165680444,-0.4920899645339322,-0.4567833337656599,-0.36410342799894496,-0.6355231520300387,-0.7855763327951962,-0.6840697693364132,-0.5472565751093578,-0.66420978952926,-0.7304097222197706,-0.7833696683721793,-0.851776265485707,-0.9996227818278474,-0.9665228154825921,-1.0349294125961197,-1.1496759625930049,-0.8937028895230303,-0.6840697693364132,-0.6708297827983111,-0.8892895606769963,-0.9841761308667283,-1.0790627010564602,-0.9819694664437112,-0.7679230174110601,-0.6178698366459026,-0.6884830981824472,-0.8098496414483835,-0.6178698366459026,-0.7105497424126175,-0.6024231856847834,-0.43251002511247266,-0.46560999145772797,-0.5185699376101365,-0.4104433808823024,-0.273630186655247,-0.23832355588697465,-0.19860359627266827,-0.0551704087765618,-0.004417127047170282,-0.046343751084493706,0.23610929506168515,0.48987570370864275,0.5693156229372556,0.9179686017739451,1.0812617690772048,1.0216818296557453,0.8054287162000769,0.7789487431238727,0.8473553402374004,0.9334152527350643,0.8848686354286898,0.9223819306199792,0.818668702738179,0.7436421123556003,0.7502621056246515,0.6046222537055279,0.5340089921689832,0.5891756027444087,0.712748810433362,0.7590887633167195,0.7414354479325833,0.609035582551562,0.3354091940974512,0.3023092277521958,0.3552691739046044,0.33982252294348525,0.3596825027506384,0.14342938929497023,0.06840279891239145,0.08826277871954466,0.14784271814100428,0.30451589217521285,0.25155594602280434,0.1015027652576468,0.2581759392918554,0.12577607391083404,0.06840279891239145,0.15225604698703832,0.14563605371798724,0.30451589217521285,0.12798273833385107,-0.3552767703068769,-0.7789563395261452,-0.8561895943317409,-0.9157695337532006,-1.1121626674017155,-1.262215848166873,-1.173949271246192,-1.0084494395199155,-0.9135628693301835,-0.9709361443286261,-0.7215830645277026,-0.4435433472275577,-0.38617007222911515,-0.34865677703782577,-0.22067024050283848,-0.12578367031310653,-0.1434369856972427,0.16549603352514045,0.2537626104458213,0.21845597967754898,0.27582925467599156,0.18535601333229365,0.14784271814100428,0.33982252294348525,0.6686155219730215,0.6046222537055279,0
0,0,0.21624931525453198,0.1015027652576468,0.22728263736961707,-0.08606371069880012,-0.172123623196464,-0.01103712031622135,0.21845597967754898,0.19638933544737877,0.028682839298085055,-0.16991695877344698,-0.3111434818465364,-0.49870995780298333,-0.5362232529942726,-0.6311098231840047,-0.8451562722166558,-0.562703226070477,-0.47443664914979605,-0.72820305779675365,-0.8407429433706218,-0.8120563058714005,-0.8539829299087239,-0.9819694664437112,-0.865016252023809,-1.0812693654794772,-1.2070492375914474,-0.9290095202913027,-0.7127564068356345,-0.7524763664499409,-0.8539829299087239,-0.8186762991404516,-1.037136077019137,-0.9996227818278474,-0.8429496077936388,-0.8252962924095026,-0.8451562722166558,-0.9422495068294048,-0.9422495068294048,-0.8870828962539793,-0.66420978952926,-0.5163632731871195,-0.5538765683784089,-0.6355231520300387,-0.4104433808823024,-0.17653695204249803,-0.1147503481980214,-0.22508356934887253,-0.03972375781544264,0.004409530644897808,-0.12357700589008949,-0.03751709339242562,0.3376158585204682,0.7348154546635323,1.0724351113851367,1.0216818296557453,1.0481618027319495,1.0658151181160855,1.1276017219605623,1.017268500809711,1.0128551719636771,1.0128551719636771,1.0150618363866941,1.006235178694626,0.9797552056184218,0.9665152190803196,0.8583886623524855,0.7745354142778387,0.7723287498548216,0.8142553738921451,0.8716286488905877,0.812048709469128,0.5626956296682045,0.19418267102436174,0.05074948352825528,0.1390160604489362,0.11253608737273191,-0.12578367031310653,-0.3111434818465364,0.0022028662218807854,0.18314934890927662,0.18314934890927662,0.2692092614069405,0.1699093623711745,0.06619613448937443,0.1323960671798851,-0.0022104626241532597,-0.1147503481980214,-0.18977693858060016,-0.26039020011714487,-0.09930369723690224,-0.3111434818465364,-0.562703226070477,-0.6222831654919365,-0.6134565077998685,-0.7326163866427877,-0.9532828289444899,-1.1276093183628346,-1.052582727980256,-0.7944029904872644,-0.6774497760673621,-0.9466628356754389,-0.6774497760673621,-0.48326330684186414,-0.3949967299211833,-0.3310034616536896,-0.05958373762259584,-0.046343751084493706,-0.15667697223534482,0.13018940275686808,0.3508558450585703,0.079436121027476575,-0.3111434818465364,-0.12799033473612353,-0.06620373089164691,0.06619613448937443,0.3552691739046044,0.322169207559349,0
0,0,-0.3398301193457577,-0.2824568443473151,-0.12137034146707247,-0.4192700385743705,-0.1919836030036172,0.013236188336965897,0.14784271814100428,0.2692092614069405,0.039716161413170165,-0.14123032127422566,-0.15667697223534482,-0.5163632731871195,-0.7524763664499409,-0.867222916446826,-0.9400428424063878,-0.6112498433768515,-0.56049656164746,-0.7988163193332983,-1.0614093856723241,-1.0327227481731027,-1.0150694327889667,-1.0062427750968985,-0.8098496414483835,-0.9797628020206942,-1.0238960904810346,-0.9047362116381155,-0.8252962924095026,-0.8561895943317409,-0.8937028895230303,-0.8473629366396729,-0.9488695000984559,-0.8363296145245878,-0.860602923177775,-0.9841761308667283,-0.9312161847143198,-1.0856826943255113,-1.0967160164405965,-0.9268028558682857,-0.7348230510658047,-0.5935965279927152,-0.47002332030376204,-0.4082367164592854,-0.28025017992429807,-0.17874361646551506,-0.10592369050595332,-0.12137034146707247,0.16770269794815748,0.05736947679730635,-0.12578367031310653,-0.0948903683908682,0.22728263736961707,0.613448911397596,0.8936952931207579,0.9598952258112685,1.1518750306137495,1.306341540224941,1.3593014863773496,1.0768484402311707,0.997408521002558,0.9863751988874728,0.9665152190803196,1.008441843117643,1.0746417758081537,0.9223819306199792,0.7215754681254302,0.7546754344706854,0.8914886286977408,1.0128551719636771,0.9885818633104898,0.6046222537055279,0.46560239505545553,0.20521599313944686,-0.07061705973768095,-0.06841039531466393,0.07502279218144253,0.09046944314256168,-0.075030388583715,0.030889503721102076,0.12136274506479999,0.11694941621876595,0.18314934890927662,0.29568923448314477,0.11915608064178297,0.00661619506791483,-0.02869043570035753,-0.13240366358215758,-0.15005697896629377,-0.14564365012025973,-0.1831569453115491,-0.6068365145308174,-0.7039297491435664,-0.5450499106863408,-0.6266964943379706,-0.6973097558745154,-0.8716362452928601,-1.0018294462508643,-0.9907961241357793,-0.8870828962539793,-0.8892895606769963,-1.0128627683659495,-0.7061364135665834,-0.5913898635696982,-0.6399364808760728,-0.6178698366459026,-0.18977693858060016,-0.15888363665836186,-0.25597687127111085,-0.28466350877033214,-0.044137086661476685,-0.07282372416069798,-0.26480352896317894,-0.15005697896629377,-0.0838570462757831,-0.041930422238459664,-0.008830455893204327,-0.024277106854323483,0
0,0,-0.16991695877344698,-0.18536360973456611,-0.21846357607982148,-0.4589899981886769,-0.08606371069880012,0.039716161413170165,0.039716161413170165,0.09708943641161275,-0.13240366358215758,-0.27583685107826406,-0.3905834010751492,-0.6443498097221068,-0.8341229501015708,-0.9091495404841495,-0.9268028558682857,-0.8539829299087239,-0.9312161847143198,-1.0724427077874092,-1.1960159154763623,-1.16070928470809,-1.1143693318247325,-1.0878893587485283,-1.0834760299024944,-1.1629159491311072,-0.955489493367507,-0.8694295808698431,-0.9268028558682857,-0.8848762318309622,-0.9907961241357793,-1.0989226808636134,-1.1209893250937837,-0.9091495404841495,-0.9179761981762176,-1.0238960904810346,-1.059202721249307,-1.2114625664374816,-1.244562532782737,-1.0481693991342218,-0.8120563058714005,-0.7193764001046855,-0.47002332030376204,-0.2515635424250768,-0.19860359627266827,-0.33321012607670664,-0.2780435155012811,-0.15226364338931078,0.0529561479512723,0.08384944987351062,0.03530283256713612,0.10591609410368084,0.23390263063866815,0.5273889988999322,0.7039221527412939,0.8010153873540429,1.0481618027319495,1.0900884267692728,0.9863751988874728,0.8341153536992982,0.8363220181223153,0.8363220181223153,0.7436421123556003,0.5362156565920002,0.6686155219730215,0.7966020585080089,0.710542146010345,0.6664088575500046,0.8407353469683493,0.9687218835033367,0.9466552392731664,0.6597888642809535,0.5318023277459661,0.32878920082840013,0.15225604698703832,0.15225604698703832,0.15446271141005533,0.1610827046791064,0.07722945660445955,-0.10151036165991927,-0.0838570462757831,-0.03751709339242562,0.13018940275686808,0.4722223883245066,0.36850916044270654,0.21845597967754898,0.315549214290298,0.41705577774908104,0.37292248928874056,0.3552691739046044,0.2581759392918554,-0.05737707319957882,-0.3067301530005024,-0.27583685107826406,-0.2780435155012811,-0.4920899645339322,-0.8694295808698431,-1.065822714518358,-0.9885894597127624,-0.8804629029849282,-0.8252962924095026,-0.9245961914452686,-0.8694295808698431,-0.7105497424126175,-0.7392363799118388,-0.6796564404903792,-0.35748343472989386,-0.45237000491962587,-0.42589003184342156,-0.42147670299738754,-0.42589003184342156,-0.08827037512181714,-0.017657113585272416,-0.0838570462757831,-0.2625968645401619,-0.3310034616536896,-0.32438346838463855,-0.3111434818465364,0
0,0,-0.22949689819490657,-0.12578367031310653,-3.7982011362372927e-6,0.12577607391083404,0.3574758383276214,0.3023092277521958,0.2008026642934128,0.01544285275998292,-0.35307010588385984,-0.5053299510720344,-0.5803565414546131,-0.7392363799118388,-0.9510761645214729,-0.8628095876007921,-0.8429496077936388,-0.8561895943317409,-0.8208829635634686,-0.9422495068294048,-1.0923026875945623,-1.1231959895168007,-1.0283094193270688,-0.9179761981762176,-0.9113562049071665,-1.0018294462508643,-0.8539829299087239,-0.8451562722166558,-0.9687294799056091,-1.1077493385556816,-1.171742606823175,-1.3438624318185028,-1.4188890222010817,-1.354895753933588,-1.3813757270097924,-1.3769623981637582,-1.363722411625656,-1.3990290423939284,-1.542462229890035,-1.4321290087391838,-1.1474692981699879,-0.9312161847143198,-0.6134565077998685,-0.28466350877033214,-0.20081026069568528,-0.45237000491962587,-0.26480352896317894,-0.21625691165680444,-0.18977693858060016,0.10370942968066382,0.19197600660134473,0.19418267102436174,0.17652935564022557,0.22066264410056602,0.28024258352202563,0.3994024623649448,0.5715222873602726,0.7259887969714641,0.7193688037024131,0.6222755690896641,0.5847622738983748,0.5649022940912215,0.7899820652389578,0.7546754344706854,0.5251823344769151,0.6730288508190556,0.6730288508190556,0.6288955623587151,0.8010153873540429,0.8429420113913664,0.8010153873540429,0.6509622065888854,0.46118906620942146,0.2670025969839235,0.11032942294971489,0.013236188336965897,-0.10592369050595332,-0.12357700589008949,-0.16991695877344698,-0.26701019338619597,-0.2537702068480938,-0.27142352223223,0.022062846029033988,0.5825556094753577,1.0636084536930686,1.0128551719636771,1.0591951248470346,1.2224882921502942,1.0216818296557453,1.008441843117643,1.006235178694626,0.7855687363929238,0.4832557104395917,0.4567757373633874,0.3839558114038257,-0.03089710012337455,-0.5847698703006472,-0.7966096549102814,-0.7811630039491622,-0.7127564068356345,-0.4788499779958301,-0.5737365481855621,-0.7502697020269239,-0.6178698366459026,-0.7149630712586516,-0.6620031251062429,-0.4920899645339322,-0.6002165212617664,-0.5296032597252216,-0.5229832664561705,-0.5450499106863408,-0.1147503481980214,-0.05958373762259584,-0.20522358954171932,-0.35307010588385984,-0.36410342799894496,-0.4391300183815237,-0.4479566760735918,0
0,0,-0.23611689146395765,-0.09268370396785118,0.12356940948781703,0.24493595275375327,0.34202918736650223,0.4369157575562342,0.4236757710181321,0.1323960671798851,-0.4369233539585067,-0.8981162183690644,-0.8826695674079452,-0.8937028895230303,-1.052582727980256,-0.867222916446826,-0.9179761981762176,-0.8628095876007921,-0.659796460683226,-0.8230896279864857,-0.9223895270222516,-0.9510761645214729,-0.8208829635634686,-0.7061364135665834,-0.7149630712586516,-0.8120563058714005,-0.8914962251000134,-1.052582727980256,-1.2732491702819582,-1.4166823577780647,-1.36813574047169,-1.5336355721979669,-1.4895022837376264,-1.3968223779709115,-1.6307288068107157,-1.6991354039242434,-1.6572087798869202,-1.648382122194852,-1.7962286385369926,-1.6991354039242434,-1.36813574047169,-1.0614093856723241,-0.9245961914452686,-0.5163632731871195,-0.3023168241544683,-0.3994100587672173,-0.30893681742351936,-0.37293008569101305,-0.40603005203626835,-0.1655036299274129,-0.006623791470187304,0.1412227248719532,0.06840279891239145,-0.17653695204249803,-0.28025017992429807,-0.13681699242819162,0.18756267775531069,0.4964956969776938,0.5273889988999322,0.41264244890304697,0.2316959662156511,0.09046944314256168,0.5516623075531194,0.4920823681316598,0.23390263063866815,0.3574758383276214,0.3861624758268427,0.511942347938813,0.6597888642809535,0.5935889315904428,0.5229756700538981,0.2978958989061618,0.011029523913948874,-0.044137086661476685,-0.08606371069880012,-0.2317035626179236,-0.4876766356878982,-0.6134565077998685,-0.5273965953022046,-0.4722299847267791,-0.47443664914979605,-0.5384299174172897,-0.172123623196464,0.3994024623649448,0.9753418767723877,1.1673216815748686,1.498321345027422,1.7256077805981753,1.491701351758371,1.3328215133011454,1.6218945527163753,1.8734542969403158,1.7851877200196349,1.4630147142591496,1.0481618027319495,0.4766357171705406,-0.11254368377500439,-0.4722299847267791,-0.5913898635696982,-0.6068365145308174,-0.6686231183752941,-0.6377298164530557,-0.5869765347236642,-0.4766433135728131,-0.5891831991466813,-0.7458563731808898,-0.7215830645277026,-0.6200765010689195,-0.5538765683784089,-0.4965032933799663,-0.47443664914979605,-0.40161672319023434,-0.3221768039616215,-0.5031232866490174,-0.48105664241884716,-0.2625968645401619,-0.3883767366521322,-0.49429662895694926,0
0,0,-0.08827037512181714,0.06840279891239145,0.17211602679419152,0.20742265756246386,0.21624931525453198,0.34864918063555334,0.3751291537117576,0.16770269794815748,-0.35307010588385984,-0.9731428087516432,-1.0194827616350006,-0.9753494731746601,-0.9466628356754389,-0.8914962251000134,-1.1143693318247325,-0.9356295135603537,-0.7083430779896005,-0.9974161174048304,-0.9245961914452686,-0.657589796260209,-0.5207766020331536,-0.6752431116443451,-0.7679230174110601,-1.0283094193270688,-1.3129691298962647,-1.438749002008235,-1.4740556327765073,-1.5093622635447796,-1.529222243351933,-1.7167887193083797,-1.7807819875758735,-1.7785753231528563,-1.8844952154576735,-1.9153885173799117,-1.7874019808449244,-1.752095350076652,-1.8668419000735372,-1.7874019808449244,-1.3813757270097924,-1.145262633746971,-1.2710425058589412,-0.9488695000984559,-0.7039297491435664,-0.5869765347236642,-0.5229832664561705,-0.43471668953548964,-0.3949967299211833,-0.2824568443473151,-0.12799033473612353,0.04192282583618719,-0.07282372416069798,-0.2824568443473151,-0.18757027415758315,-0.0838570462757831,0.06619613448937443,0.2824492479450426,0.31996254313633204,0.19859599987039578,0.13460273160290212,0.1390160604489362,0.3994024623649448,0.02426951045205101,-0.16771029435042994,0.07060946333540848,0.16549603352514045,0.2868625767910767,0.3464425162125363,0.2581759392918554,0.21404265083151494,0.15666937583307236,0.06619613448937443,-0.0022104626241532597,-0.17433028761948102,-0.2780435155012811,-0.44575001165057476,-0.6465564741451238,-0.56049656164746,-0.5913898635696982,-0.666416453952277,-0.7039297491435664,-0.3001101597314513,0.13460273160290212,0.6046222537055279,0.997408521002558,1.3637148152233836,1.5711412709869839,1.582174593102069,1.5733479354100008,2.5685535901906777,3.327646151708534,3.3960527488220613,2.471460355577929,1.8072543642498051,1.0260951585017792,0.24052262390771922,-0.3464501126148088,-0.673036447221328,-0.8385362789476047,-0.8429496077936388,-0.6620031251062429,-0.46340332703471093,-0.28907683761636616,-0.21625691165680444,-0.2868701731933492,-0.2979034953084343,-0.2912835020393832,-0.370723421267996,-0.4236833674204046,-0.5273965953022046,-0.5318099241482387,-0.41485670972833644,-0.659796460683226,-0.5538765683784089,-0.28466350877033214,-0.34424344819179176,-0.4876766356878982,0
0,0,-0.006623791470187304,0.13460273160290212,0.02426951045205101,0.04854281910523826,0.02426951045205101,-0.08827037512181714,-0.1434369856972427,-0.10151036165991927,-0.38175674338308113,-0.8054363126023495,-0.9422495068294048,-1.0062427750968985,-0.9488695000984559,-0.8937028895230303,-1.0724427077874092,-1.0437560702881878,-0.8892895606769963,-0.8473629366396729,-0.6884830981824472,-0.44575001165057476,-0.4391300183815237,-0.867222916446826,-1.1320226472088688,-1.451988988546337,-1.5689422029662392,-1.5093622635447796,-1.3879957202788433,-1.2313225462446349,-1.2798691635510093,-1.5667355385432222,-1.6969287395012265,-1.8889085443037075,-2.0124817519926608,-1.9904151077624905,-1.752095350076652,-1.6152821558495967,-1.7256153770004479,-1.8006419673830265,-1.3416557673954859,-1.0393427414421539,-1.0349294125961197,-1.0128627683659495,-1.063616050095341,-0.9488695000984559,-0.7193764001046855,-0.39720339434420027,-0.37293008569101305,-0.38175674338308113,-0.30893681742351936,-0.19639693184965124,-0.20963691838775336,-0.2780435155012811,-0.19860359627266827,-0.041930422238459664,-0.013243784739238372,0.028682839298085055,0.13460273160290212,0.12798273833385107,0.1699093623711745,0.23610929506168515,0.2890692412140937,0.030889503721102076,-0.03089710012337455,0.079436121027476575,0.15004938256402128,0.13460273160290212,-0.017657113585272416,-0.09709703281388522,-0.03972375781544264,0.08384944987351062,0.12577607391083404,0.10591609410368084,-0.13240366358215758,-0.26480352896317894,-0.43471668953548964,-0.5781498770315961,-0.5340165885712557,-0.6222831654919365,-0.659796460683226,-0.5582898972244429,-0.23611689146395765,-0.06841039531466393,0.29348257006012773,0.7281954613944812,0.9907885277335069,1.2445549363804644,1.5490746267568136,2.0389541286665924,3.6167191911237637,4.8149379728220065,4.810524643975973,3.565965909394372,2.2441739200071757,1.286481560417788,0.3354091940974512,-0.39720339434420027,-0.5031232866490174,-0.8076429770253665,-0.858396258754758,-0.5869765347236642,-0.36631009242196194,-0.10592369050595332,0.1897693421783277,0.40160912678796185,0.35306250948158735,0.30010256332917884,0.1390160604489362,-0.15226364338931078,-0.46560999145772797,-0.5229832664561705,-0.41265004530531946,-0.4788499779958301,-0.4567833337656599,-0.41706337415135347,-0.4303033606894556,-0.4766433135728131,0
0,0,-0.03972375781544264,0.01544285275998292,-0.17433028761948102,-0.23611689146395765,-0.10371702608293629,-0.2405302203099917,-0.4435433472275577,-0.34424344819179176,-0.48988330011091524,-0.7105497424126175,-0.8738429097158771,-1.0393427414421539,-0.955489493367507,-0.7833696683721793,-0.6686231183752941,-0.8628095876007921,-0.7392363799118388,-0.6244898299149536,-0.5494632395323749,-0.47002332030376204,-0.47002332030376204,-0.666416453952277,-0.9753494731746601,-1.3107624654732475,-1.3151757943192817,-1.2247025529755837,-1.3416557673954859,-1.3924090491248775,-1.4917089481606434,-1.5645288741202052,-1.4233023510471157,-1.551288887582103,-1.8359485981512988,-1.9617284702632691,-1.6770687596940732,-1.4961222770066775,-1.652795451040886,-1.9771751212243884,-1.743268692384584,-1.2401492039367028,-0.9687294799056091,-0.9930027885587963,-1.257802519320839,-1.2269092173986007,-0.8738429097158771,-0.42589003184342156,-0.38617007222911515,-0.5053299510720344,-0.6553831318371919,-0.6774497760673621,-0.31555681069257047,-0.13902365685120865,-0.1632969655043959,-0.1346103280051746,0.00661619506791483,0.06840279891239145,0.1412227248719532,0.19638933544737877,0.15887604025608937,0.03530283256713612,-0.041930422238459664,-3.7982011362372927e-6,0.10370942968066382,0.1897693421783277,0.2824492479450426,0.31996254313633204,-0.022070442431306462,-0.16109030108137887,-0.10592369050595332,0.013236188336965897,-0.07944371742974905,-0.23832355588697465,-0.26701019338619597,-0.09709703281388522,-0.3508634414608428,-0.56049656164746,-0.6068365145308174,-0.5825632058776302,-0.6134565077998685,-0.48988330011091524,-0.2317035626179236,-0.14564365012025973,0.28465591236805965,0.7414354479325833,0.9929951921565239,1.1562883594597835,1.7234011161751583,2.5354536238454224,3.6807124593912572,4.803904650706921,4.76859801993865,3.8263523113103806,2.3390604901969074,1.392401452722605,0.6288955623587151,0.00661619506791483,-0.2405302203099917,-0.7061364135665834,-0.659796460683226,-0.24715021357904277,0.09046944314256168,0.3751291537117576,0.818668702738179,1.1518750306137495,0.9510685681192005,0.8010153873540429,0.5163556767848471,0.16328936910212344,-0.14564365012025973,-0.4435433472275577,-0.4192700385743705,-0.31555681069257047,-0.2427368847330087,-0.30893681742351936,-0.41706337415135347,-0.4589899981886769,0
0,0,-0.0948903683908682,-0.0948903683908682,-0.0838570462757831,-0.0353104289694086,0.0529561479512723,-0.22729023377188956,-0.48326330684186414,-0.4303033606894556,-0.41706337415135347,-0.5803565414546131,-0.6928964270284813,-0.7944029904872644,-0.8495696010626899,-0.7855763327951962,-0.6399364808760728,-0.5781498770315961,-0.5273965953022046,-0.5185699376101365,-0.4920899645339322,-0.3111434818465364,-0.08165038185276607,-0.17874361646551506,-0.4280966962664386,-0.6156631722228855,-0.7392363799118388,-0.9378361779833708,-1.257802519320839,-1.540255565467018,-1.6572087798869202,-1.6682421020020053,-1.5534955520051201,-1.551288887582103,-1.5380489010440008,-1.6748620952710562,-1.6616221087329541,-1.6858954173861413,-1.7300287058464818,-1.7256153770004479,-1.5733555318122732,-1.3262091164343668,-1.0989226808636134,-1.037136077019137,-1.1121626674017155,-1.0812693654794772,-0.8230896279864857,-0.5031232866490174,-0.4104433808823024,-0.4788499779958301,-0.4965032933799663,-0.5053299510720344,-0.31555681069257047,-0.03089710012337455,-0.09268370396785118,-0.2537702068480938,-0.046343751084493706,0.039716161413170165,0.13018940275686808,0.20521599313944686,0.07722945660445955,-0.07061705973768095,-0.13019699915914057,-0.008830455893204327,0.20742265756246386,0.2537626104458213,0.29127590563711075,0.2625892681378894,-0.11916367704405545,-0.13902365685120865,-0.10151036165991927,-0.03751709339242562,0.14784271814100428,-0.041930422238459664,-0.1632969655043959,-0.02869043570035753,-0.31776347511558745,-0.6774497760673621,-0.7017230847205493,-0.4303033606894556,-0.5097432799180684,-0.5053299510720344,-0.35748343472989386,-0.20081026069568528,0.24714261717677027,0.8010153873540429,1.182768332535988,1.3615081508003666,2.0235074777054733,2.654613502688342,3.4048794065141292,4.33829845745033,4.203691927646291,3.652025821892036,2.851006636336857,1.6395478681005116,0.6708221863960386,0.13680939602591916,-0.16991695877344698,-0.5494632395323749,-0.30893681742351936,0.0330961681441191,0.36850916044270654,0.7943953940849918,1.4343280767599285,1.8293210084799754,1.782981055596618,1.8006343709807542,1.1452550373446984,0.5957955960134599,0.3508558450585703,-0.32879679723067257,-0.3067301530005024,-0.13902365685120865,-0.13240366358215758,-0.10592369050595332,-0.2868701731933492,-0.44575001165057476,0
0,0,0.044129490259204214,-0.08606371069880012,0.04192282583618719,0.13680939602591916,0.1015027652576468,-0.14123032127422566,-0.4722299847267791,-0.5980098568387493,-0.4920899645339322,-0.5384299174172897,-0.44575001165057476,-0.3398301193457577,-0.5980098568387493,-0.761303024142009,-0.6355231520300387,-0.4567833337656599,-0.5141566087641025,-0.41706337415135347,-0.008830455893204327,0.39719579794192783,0.3994024623649448,0.33320252967443414,0.28024258352202563,0.21404265083151494,-0.273630186655247,-0.7502697020269239,-1.1871892577842944,-1.5181889212368478,-1.4696423039304731,-1.352689089510571,-1.4034423712399626,-1.562322209697188,-1.4255090154701326,-1.5159822568138306,-1.745475356807601,-1.829328604882248,-1.6241088135416648,-1.4784689616225413,-1.34606909624152,-1.354895753933588,-1.2379425395136858,-1.2180825597065326,-1.173949271246192,-0.9974161174048304,-0.7480630376039068,-0.6068365145308174,-0.49429662895694926,-0.38617007222911515,-0.3905834010751492,-0.3552767703068769,-0.38175674338308113,-0.3596900991529109,-0.273630186655247,-0.27583685107826406,-0.16109030108137887,-0.024277106854323483,-0.0353104289694086,-0.0551704087765618,-0.07282372416069798,-0.06179040204561287,-0.11254368377500439,0.01544285275998292,0.2625892681378894,0.3089292210212469,0.2890692412140937,0.14342938929497023,-0.16109030108137887,-0.10592369050595332,-0.15667697223534482,-0.13681699242819162,0.0728161277584255,-0.03310376454639157,-0.16991695877344698,-0.2317035626179236,-0.269216857809213,-0.48105664241884716,-0.5075366154950514,-0.33762345492274065,-0.40603005203626835,-0.5406365818403067,-0.38396340780609817,-0.075030388583715,0.2670025969839235,0.8848686354286898,1.4409480700289794,1.7234011161751583,1.902140934439537,2.3258205036588055,3.047399769985372,3.839592297848483,3.9984721363057085,3.49314598343481,2.6921267978796313,1.6549945190616306,0.61786224024363,0.011029523913948874,-0.3111434818465364,-0.5141566087641025,-0.13019699915914057,0.14784271814100428,0.4678090594784725,0.9709285479263536,1.6241012171393923,2.1272207055872734,2.259620570968295,2.2331405978920906,1.6814744921378348,0.915761937350928,0.4567757373633874,0.1809426844862596,0.11032942294971489,0.028682839298085055,-0.1434369856972427,-0.15667697223534482,-0.4435433472275577,-0.43471668953548964,0
0,0,0.33982252294348525,0.00661619506791483,0.2008026642934128,0.1809426844862596,-0.022070442431306462,-0.17653695204249803,-0.5494632395323749,-0.6862764337594303,-0.6112498433768515,-0.5891831991466813,-0.56049656164746,-0.45457666934264285,-0.48988330011091524,-0.754683030872958,-0.6796564404903792,-0.6244898299149536,-0.6311098231840047,-0.13681699242819162,0.3949891335189108,0.7833620719699067,0.7193688037024131,0.6840621729341407,0.51414901236183,0.25155594602280434,-0.2030169251187023,-0.6487631385681408,-1.0923026875945623,-1.4343356731622008,-1.6241088135416648,-1.5005356058527115,-1.5314289077749499,-1.6991354039242434,-1.7741619943068223,-1.7101687260393286,-1.6682421020020053,-1.6108688270035627,-1.3902023847018603,-1.4056490356629796,-1.4012357068169454,-1.3328291097034177,-1.1871892577842944,-1.3107624654732475,-1.2136692308604986,-0.9687294799056091,-0.6487631385681408,-0.567116554916511,-0.4788499779958301,-0.31335014626955343,-0.3310034616536896,-0.32438346838463855,-0.2140502472337874,-0.10813035492897034,-3.7982011362372927e-6,-0.22287690492585552,-0.24715021357904277,-0.03972375781544264,-0.06179040204561287,-0.06399706646862989,-0.05737707319957882,-0.008830455893204327,-0.05958373762259584,0.13680939602591916,0.33320252967443414,0.2824492479450426,0.11694941621876595,-0.008830455893204327,-0.11033701935198736,-0.06620373089164691,-0.12799033473612353,-0.15226364338931078,-0.10151036165991927,-0.17433028761948102,-0.28907683761636616,-0.3949967299211833,-0.3949967299211833,-0.34865677703782577,-0.4391300183815237,-0.4236833674204046,-0.40161672319023434,-0.43251002511247266,-0.26701019338619597,0.05736947679730635,0.3773358181347746,0.8694219844675706,1.4850813584893199,1.8249076796339414,1.8403543305950605,2.094120739242018,2.8333533209527206,3.4181193930522316,3.4114993997831804,2.959133193064691,2.2463805844301925,1.407848103683724,0.6068289181285449,-0.022070442431306462,-0.39720339434420027,-0.45457666934264285,-0.11916367704405545,0.15446271141005533,0.4678090594784725,0.9621018902342856,1.6174812238703413,2.0455741219356436,2.1272207055872734,1.9396542296308266,2.0301274709745245,1.5336279757956943,1.2798615671487368,1.1209817286915111,0.5891756027444087,0.3574758383276214,0.18535601333229365,0.026476174875068034,-0.3596900991529109,-0.3464501126148088,0
0,0,0.26038260371487243,0.07722945660445955,0.26038260371487243,0.24272928833073623,-0.008830455893204327,-0.28907683761636616,-0.5053299510720344,-0.5428432462633238,-0.6708297827983111,-0.8363296145245878,-0.8341229501015708,-0.5803565414546131,-0.5340165885712557,-0.763509688565026,-0.7237897289507196,-0.6311098231840047,-0.42589003184342156,0.0926761075655787,0.5560756363991535,0.8738353133136046,0.9488619036961834,0.7833620719699067,0.5649022940912215,0.29568923448314477,-0.12137034146707247,-0.56049656164746,-1.1143693318247325,-1.5137755923908136,-1.7123753904623458,-1.6792754241170904,-1.723408712577431,-1.8028486318060435,-1.8072619606520777,-1.6086621625805455,-1.555702216428137,-1.3879957202788433,-1.2004292443223965,-1.2313225462446349,-1.1982225798993795,-1.1364359760549028,-1.063616050095341,-1.2180825597065326,-0.9775561375976772,-0.7833696683721793,-0.72820305779675365,-0.5097432799180684,-0.44133668280454075,-0.24494354915602573,0.03530283256713612,-0.06399706646862989,-0.13681699242819162,-0.01103712031622135,0.19197600660134473,-0.18977693858060016,-0.2405302203099917,-0.075030388583715,-0.03310376454639157,0.01764951718299994,0.019856181606016966,-0.017657113585272416,-0.05296374435354478,0.1610827046791064,0.32437587198236606,0.2780359190990086,-0.017657113585272416,-0.20743025396473636,-0.09047703954483416,0.079436121027476575,-0.01986377800828944,-0.13019699915914057,-0.13902365685120865,-0.0948903683908682,-0.11695701262103843,-0.370723421267996,-0.49870995780298333,-0.43471668953548964,-0.6421431452990898,-0.6311098231840047,-0.5803565414546131,-0.5450499106863408,-0.28025017992429807,0.15225604698703832,0.61786224024363,0.9510685681192005,1.2555882584955496,1.5579012844488815,1.7763610623275667,2.0919140748190013,2.8995532536432314,3.6034792045856614,3.5085926343959293,2.5950335632668824,1.6770611632918009,0.6443422133198343,-0.09047703954483416,-0.18095028088853207,-0.48988330011091524,-0.4567833337656599,-0.19639693184965124,0.10812275852669787,0.30451589217521285,0.9731352123493707,1.685887820983869,1.7432610959823116,1.8447676594410944,1.8513876527101456,1.8447676594410944,1.7454677604053286,1.9153809209776393,1.7763610623275667,1.0658151181160855,0.913555272927911,0.4457424152483023,0.09046944314256168,-0.1831569453115491,-0.41706337415135347,0
0,0,0.17652935564022557,0.09488277198859572,0.04854281910523826,0.15225604698703832,0.14784271814100428,-0.1346103280051746,-0.31776347511558745,-0.12137034146707247,-0.37293008569101305,-0.7833696683721793,-0.955489493367507,-0.6862764337594303,-0.6906897626054642,-0.770129681834077,-0.5318099241482387,-0.23611689146395765,-0.03751709339242562,0.2692092614069405,0.7039221527412939,1.019475165232728,1.1761483392669367,1.0415418094628983,0.6708221863960386,0.5340089921689832,0.1015027652576468,-0.5296032597252216,-1.0128627683659495,-1.3615157472026391,-1.6108688270035627,-1.6814820885401074,-1.6704487664250223,-1.63514213565675,-1.5733555318122732,-1.456402317392371,-1.5380489010440008,-1.4012357068169454,-1.1474692981699879,-1.0040361106738815,-1.0150694327889667,-0.9952094529818134,-0.9290095202913027,-0.8363296145245878,-0.5980098568387493,-0.6090431789538344,-0.6973097558745154,-0.5075366154950514,-0.46560999145772797,-0.3552767703068769,-0.15447030781232782,-0.09930369723690224,-0.21846357607982148,-0.12137034146707247,0.00661619506791483,-0.26701019338619597,-0.27583685107826406,-0.15667697223534482,-0.03310376454639157,0.07060946333540848,0.10591609410368084,0.01544285275998292,-0.041930422238459664,0.16770269794815748,0.2868625767910767,0.4854623748626087,0.5384223210150172,0.10370942968066382,0.008822859490931853,0.07502279218144253,0.01764951718299994,-0.08165038185276607,-0.11254368377500439,-0.1346103280051746,-0.16991695877344698,-0.3310034616536896,-0.6002165212617664,-0.7193764001046855,-0.7723363462570941,-0.9488695000984559,-0.865016252023809,-0.7193764001046855,-0.40382338761325137,-0.10371702608293629,0.3905758046728767,0.80322205177706,0.9267952594660132,1.1276017219605623,1.4497747277210475,1.9352409007847924,2.7186067709558355,3.3872260911299934,3.4070860709371464,2.394227100772333,1.2048349767661581,0.13680939602591916,-0.3111434818465364,-0.21846357607982148,-0.5538765683784089,-0.4280966962664386,-0.10371702608293629,0.19859599987039578,0.322169207559349,1.09229509119229,1.7653277402124818,1.694714478675937,1.493908016181388,1.491701351758371,1.5623146132949157,1.6726478344457667,1.6704411700227497,1.3284081844551112,0.9356219171580813,0.8650086556215366,0.3111358854442639,0.03530283256713612,-0.1831569453115491,-0.5913898635696982,0
0,0,0.27362259025297453,0.4347090931332172,0.42146910659511505,0.21624931525453198,0.2625892681378894,0.04192282583618719,-0.3464501126148088,-0.3265901328076556,-0.3795500789600641,-0.6443498097221068,-0.8694295808698431,-0.754683030872958,-0.7502697020269239,-0.673036447221328,-0.3905834010751492,0.06178280564334039,0.2780359190990086,0.5053223546697619,0.8605953267755025,1.2224882921502942,1.3129615334939921,1.1629083527288346,0.7833620719699067,0.6377222200507833,0.11474275179574893,-0.467816655880745,-0.8782562385619112,-1.0967160164405965,-1.3968223779709115,-1.6152821558495967,-1.6130754914265797,-1.5380489010440008,-1.440955666431252,-1.4100623645090136,-1.5314289077749499,-1.5248089145058987,-1.2820758279740263,-1.0150694327889667,-0.9665228154825921,-0.9930027885587963,-0.9179761981762176,-0.8275029568325196,-0.7524763664499409,-0.6906897626054642,-0.7458563731808898,-0.7524763664499409,-0.6266964943379706,-0.5185699376101365,-0.36631009242196194,-0.23611689146395765,-0.2868701731933492,-0.1655036299274129,-3.7982011362372927e-6,-0.07282372416069798,-0.33541679049972367,-0.2934901664624002,-0.12137034146707247,0.079436121027476575,0.3023092277521958,0.19859599987039578,0.11915608064178297,0.2316959662156511,0.15666937583307236,0.3552691739046044,0.41043578448002993,0.04192282583618719,-0.022070442431306462,-0.09268370396785118,-0.13681699242819162,-0.1434369856972427,-0.13019699915914057,-0.2581835356941279,-0.35307010588385984,-0.27583685107826406,-0.5472565751093578,-0.5958031924157323,-0.659796460683226,-1.1033360097096474,-0.9135628693301835,-0.6222831654919365,-0.36631009242196194,-0.19860359627266827,0.28024258352202563,0.613448911397596,0.7877754008159408,0.9929951921565239,1.317374862340026,1.6373412036774944,2.0544007796277115,2.363333798850095,2.689920133456614,2.1448740209714097,0.7966020585080089,-0.20743025396473636,-0.32438346838463855,-0.20522358954171932,-0.3199701395386045,-0.1919836030036172,-0.15447030781232782,0.08384944987351062,0.4347090931332172,0.9488619036961834,1.4122614325297582,1.4740480363742348,1.1783550036899537,1.1629083527288346,1.3328215133011454,1.5270079825266434,1.5468679623337964,1.105535077730392,0.8672153200445536,0.6553755354349194,0.05957614122032337,-0.075030388583715,-0.22729023377188956,-0.45457666934264285,0
0,0,0.41705577774908104,0.5715222873602726,0.5472489787070853,0.21624931525453198,-0.09047703954483416,-0.08827037512181714,-0.03089710012337455,-0.06179040204561287,-0.2780435155012811,-0.40161672319023434,-0.5538765683784089,-0.6156631722228855,-0.6333164876070216,-0.5582898972244429,-0.3420367837687747,-3.7982011362372927e-6,0.29127590563711075,0.5935889315904428,0.9466552392731664,1.3107548690709752,1.2644149161876177,0.9863751988874728,0.9223819306199792,1.0459551383089325,0.12356940948781703,-0.38617007222911515,-0.763509688565026,-0.9952094529818134,-1.0746493722104262,-1.3195891231653156,-1.5270155789289157,-1.5888021827733925,-1.5336355721979669,-1.5380489010440008,-1.6174888202726136,-1.6660354375789883,-1.3725490693177242,-1.1143693318247325,-0.9996227818278474,-1.1033360097096474,-1.0481693991342218,-1.0349294125961197,-1.1033360097096474,-1.0172760972119836,-1.0084494395199155,-0.867222916446826,-0.6002165212617664,-0.49429662895694926,-0.48326330684186414,-0.34424344819179176,-0.1831569453115491,-0.09268370396785118,0.01764951718299994,-0.050757079930527756,-0.4369233539585067,-0.44133668280454075,-0.19860359627266827,0.06178280564334039,0.25596927486883836,0.315549214290298,0.3663024960196895,0.42146910659511505,0.3067225565982299,0.22066264410056602,0.0728161277584255,-0.12578367031310653,0.05516281237428933,0.12136274506479999,-0.01986377800828944,-0.12799033473612353,-0.06399706646862989,-0.3464501126148088,-0.43251002511247266,-0.3994100587672173,-0.6311098231840047,-0.49429662895694926,-0.5582898972244429,-0.8628095876007921,-0.6311098231840047,-0.5825632058776302,-0.5185699376101365,-0.3310034616536896,0.2383159594847022,0.34864918063555334,0.414849113326064,0.6266888979356982,0.9356219171580813,1.1209817286915111,1.103328413307375,1.1320150508065963,1.4453613988750136,1.1430483729216814,0.34864918063555334,-0.31776347511558745,-0.3420367837687747,-0.3508634414608428,-0.37734341453704706,-0.20963691838775336,-0.28466350877033214,-0.07061705973768095,0.3751291537117576,0.5340089921689832,1.0260951585017792,1.290894889263822,1.107741742153409,0.8936952931207579,0.9996151854255749,1.198214983497107,1.297514882532873,1.0106485075406602,0.9179686017739451,0.708335481587328,0.16770269794815748,-0.18536360973456611,-0.2979034953084343,-0.30452348857748535,0
0,0,0.4964956969776938,0.48104904601657467,0.4347090931332172,0.2008026642934128,-0.08165038185276607,0.11474275179574893,0.32437587198236606,0.21404265083151494,-0.20743025396473636,-0.14564365012025973,-0.30452348857748535,-0.46340332703471093,-0.5031232866490174,-0.4391300183815237,-0.3001101597314513,-0.15667697223534482,0.004409530644897808,0.5428356498610513,0.9709285479263536,1.2776549027257198,1.3504748286852815,0.9775485411954047,1.006235178694626,1.107741742153409,0.20521599313944686,-0.09709703281388522,-0.5803565414546131,-1.059202721249307,-1.0062427750968985,-1.1893959222073114,-1.4718489683534903,-1.6770687596940732,-1.5093622635447796,-1.335035774126435,-1.4299223443161668,-1.5755621962352904,-1.2423558683597198,-1.037136077019137,-0.9930027885587963,-1.0900960231715453,-1.05699605682629,-1.1629159491311072,-1.2798691635510093,-1.3041424722041965,-1.1276093183628346,-0.7811630039491622,-0.4479566760735918,-0.31335014626955343,-0.5163632731871195,-0.4280966962664386,-0.22287690492585552,-0.15005697896629377,-0.15888363665836186,-0.2780435155012811,-0.3905834010751492,-0.22287690492585552,-0.172123623196464,-0.050757079930527756,0.026476174875068034,0.18314934890927662,0.2294893017926341,0.29127590563711075,0.28024258352202563,0.06840279891239145,-0.06841039531466393,0.013236188336965897,0.25155594602280434,0.29568923448314477,0.079436121027476575,-0.024277106854323483,0.07722945660445955,-0.3751367501140301,-0.4082367164592854,-0.36631009242196194,-0.5251899308791876,-0.5296032597252216,-0.6840697693364132,-0.7944029904872644,-0.569323219339528,-0.5384299174172897,-0.6002165212617664,-0.467816655880745,0.008822859490931853,-0.14785031454327674,0.0728161277584255,0.32878920082840013,0.4347090931332172,0.7767420787008557,0.7568820988937025,0.48104904601657467,0.29568923448314477,0.07060946333540848,-0.024277106854323483,-0.048550415507510734,-0.20081026069568528,-0.368516756844979,-0.42589003184342156,-0.32438346838463855,-0.20081026069568528,-0.07061705973768095,0.16549603352514045,0.3574758383276214,0.7171621392793961,1.2224882921502942,1.2048349767661581,0.708335481587328,0.8561819979294685,1.0371284806168644,1.1165683998454772,0.9841685344644557,0.6377222200507833,0.16328936910212344,-0.2030169251187023,-0.3618967635759279,-0.38617007222911515,-0.24715021357904277,0
0,0,0.4633957306324385,0.41264244890304697,0.4258824354411491,0.3354091940974512,0.18756267775531069,0.28465591236805965,0.3773358181347746,-0.03751709339242562,-0.38396340780609817,-0.06179040204561287,-0.3420367837687747,-0.3795500789600641,-0.368516756844979,-0.28907683761636616,-0.15226364338931078,-0.15888363665836186,-0.12357700589008949,0.4391224219792512,0.9510685681192005,1.2070416411891751,1.193801654651073,0.8914886286977408,0.8473553402374004,0.9709285479263536,0.8142553738921451,0.5273889988999322,-0.07282372416069798,-0.5715298837625451,-0.7767496751031282,-1.1474692981699879,-1.2931091500891114,-1.440955666431252,-1.4917089481606434,-1.1938092510533453,-1.1673292779771411,-1.251182526051788,-1.156295955862056,-1.1982225798993795,-1.143055969323954,-1.052582727980256,-0.9091495404841495,-1.0327227481731027,-1.158502620285073,-1.1960159154763623,-1.0349294125961197,-0.6200765010689195,-0.3265901328076556,-0.26039020011714487,-0.45237000491962587,-0.3949967299211833,-0.2780435155012811,-0.28025017992429807,-0.45237000491962587,-0.5119499443410854,-0.39720339434420027,-0.19860359627266827,-0.3001101597314513,-0.1147503481980214,-0.02869043570035753,-0.024277106854323483,0.019856181606016966,0.09046944314256168,0.14342938929497023,0.08826277871954466,0.01544285275998292,0.04192282583618719,0.15225604698703832,0.20521599313944686,0.14563605371798724,-0.03751709339242562,-0.14564365012025973,-0.34865677703782577,-0.35307010588385984,-0.3001101597314513,-0.30893681742351936,-0.49429662895694926,-0.5362232529942726,-0.5803565414546131,-0.5119499443410854,-0.40382338761325137,-0.34424344819179176,-0.15888363665836186,0.030889503721102076,-0.23832355588697465,0.028682839298085055,0.17211602679419152,0.1015027652576468,0.28465591236805965,-0.0022104626241532597,-0.2824568443473151,-0.56049656164746,-0.7502697020269239,-0.8076429770253665,-0.5362232529942726,-0.28466350877033214,-0.4479566760735918,-0.4876766356878982,-0.4567833337656599,-0.368516756844979,-0.26039020011714487,0.01764951718299994,0.2581759392918554,0.4038157912109789,0.8517686690834344,1.006235178694626,0.8650086556215366,0.9400352460041154,1.006235178694626,1.0327151517708302,0.8010153873540429,0.2670025969839235,-0.15005697896629377,-0.4104433808823024,-0.4567833337656599,-0.48326330684186414,-0.24935687800205977,0
0,0,0.44132908640226826,0.414849113326064,0.4236757710181321,0.5825556094753577,0.4347090931332172,0.26038260371487243,0.20300932871642982,0.00661619506791483,-0.01103712031622135,0.09929610083462978,-0.4369233539585067,-0.23611689146395765,-0.16109030108137887,-0.32438346838463855,-0.3111434818465364,-0.172123623196464,-0.08827037512181714,0.1699093623711745,0.7943953940849918,1.3681281440694177,1.317374862340026,0.8782486421596387,0.61786224024363,0.9312085883120472,1.1915949902280558,0.9841685344644557,0.520769005630881,0.2008026642934128,-0.07061705973768095,-0.673036447221328,-1.1849825933612772,-1.34606909624152,-1.3593090827796221,-1.1916025866303284,-1.2048425731684305,-1.1695359424001581,-1.1165759962477495,-1.1783626000922263,-1.1938092510533453,-1.0900960231715453,-0.9003228827920814,-0.8230896279864857,-0.9378361779833708,-0.9731428087516432,-0.865016252023809,-0.5251899308791876,-0.30893681742351936,-0.27583685107826406,-0.34865677703782577,-0.2537702068480938,-0.22949689819490657,-0.21625691165680444,-0.32879679723067257,-0.5053299510720344,-0.38175674338308113,-0.33541679049972367,-0.47443664914979605,-0.15888363665836186,-0.172123623196464,-0.1919836030036172,-0.07282372416069798,-0.06179040204561287,0.028682839298085055,0.08605611429652764,0.026476174875068034,0.004409530644897808,-0.07061705973768095,-0.05296374435354478,0.14563605371798724,-0.10151036165991927,-0.18536360973456611,-0.18977693858060016,-0.3023168241544683,-0.5869765347236642,-0.6244898299149536,-0.5472565751093578,-0.41485670972833644,-0.4082367164592854,-0.4479566760735918,-0.46119666261169395,-0.47002332030376204,-0.35748343472989386,-0.19419026742663423,-0.15226364338931078,0.0728161277584255,0.10370942968066382,0.044129490259204214,-0.02869043570035753,-0.5847698703006472,-0.7944029904872644,-0.7988163193332983,-0.7921963260642473,-0.7855763327951962,-0.5362232529942726,-0.34865677703782577,-0.6112498433768515,-0.659796460683226,-0.6752431116443451,-0.56049656164746,-0.32438346838463855,-0.07944371742974905,0.07060946333540848,0.15004938256402128,0.43250242871020017,0.8561819979294685,1.0746417758081537,1.0834684335002218,0.900315286389809,0.8738353133136046,0.6796488440881067,0.2316959662156511,-0.09709703281388522,-0.34424344819179176,-0.5185699376101365,-0.5759432126085791,-0.30893681742351936,0
0,0,0.6421355488968173,0.5229756700538981,0.4854623748626087,0.7635020921627536,0.5009090258237279,0.2383159594847022,0.19197600660134473,0.17652935564022557,0.27141592582995755,0.24714261717677027,-0.15888363665836186,-0.18536360973456611,-0.1632969655043959,-0.31776347511558745,-0.4722299847267791,-0.2030169251187023,0.10370942968066382,0.3905758046728767,0.8252886960072302,1.511561331565524,1.4850813584893199,1.0216818296557453,0.8407353469683493,0.807635380623094,1.0834684335002218,1.112155070999443,0.7723287498548216,0.1809426844862596,-0.20522358954171932,-0.5318099241482387,-0.9819694664437112,-1.1805692645152432,-0.8870828962539793,-0.6068365145308174,-0.9312161847143198,-0.962109486636558,-0.9201828625992347,-0.8870828962539793,-0.9466628356754389,-1.0150694327889667,-0.9356295135603537,-0.7657163529880431,-0.8076429770253665,-0.7767496751031282,-0.6973097558745154,-0.5296032597252216,-0.3023168241544683,-0.22287690492585552,-0.18536360973456611,-3.7982011362372927e-6,-0.1434369856972427,-0.22067024050283848,-0.30893681742351936,-0.4788499779958301,-0.3310034616536896,-0.27583685107826406,-0.269216857809213,-0.041930422238459664,-0.15447030781232782,-0.13902365685120865,-0.004417127047170282,-0.02869043570035753,-0.041930422238459664,-0.0551704087765618,-0.07723705300673202,-0.03310376454639157,-0.0551704087765618,-0.10371702608293629,-0.022070442431306462,-0.06399706646862989,-0.004417127047170282,0.039716161413170165,-0.09047703954483416,-0.6752431116443451,-0.7304097222197706,-0.5384299174172897,-0.37293008569101305,-0.35748343472989386,-0.40161672319023434,-0.5340165885712557,-0.6443498097221068,-0.6090431789538344,-0.5251899308791876,-0.3949967299211833,-0.26480352896317894,-0.21846357607982148,-0.16991695877344698,-0.22729023377188956,-0.5516699039553918,-0.6134565077998685,-0.56049656164746,-0.4788499779958301,-0.41706337415135347,-0.2537702068480938,-0.28025017992429807,-0.4788499779958301,-0.5229832664561705,-0.6046298501078003,-0.48326330684186414,-0.21846357607982148,-0.16109030108137887,0.01764951718299994,0.18535601333229365,0.3596825027506384,0.7568820988937025,1.1165683998454772,1.1695283459978856,0.9885818633104898,0.9267952594660132,0.8274953604302472,0.4369157575562342,-0.041930422238459664,-0.4082367164592854,-0.6266964943379706,-0.6377298164530557,-0.38617007222911515,0
0,0,0.8010153873540429,0.6950954950492259,0.5803489450523407,0.6068289181285449,0.5053223546697619,0.3773358181347746,0.28465591236805965,0.21404265083151494,0.013236188336965897,-0.08827037512181714,-0.20522358954171932,-0.2934901664624002,-0.18536360973456611,-0.14123032127422566,-0.2140502472337874,-0.15226364338931078,0.11694941621876595,0.48104904601657467,0.8826619710056728,1.3239948556090773,1.3615081508003666,1.0238884940787623,0.613448911397596,0.29348257006012773,0.6355155556277662,0.7436421123556003,0.4633957306324385,0.09046944314256168,-0.20522358954171932,-0.3552767703068769,-0.562703226070477,-1.1033360097096474,-1.037136077019137,-0.858396258754758,-0.955489493367507,-0.8098496414483835,-0.7105497424126175,-0.7789563395261452,-1.0062427750968985,-1.0393427414421539,-0.9400428424063878,-0.8252962924095026,-0.770129681834077,-0.6178698366459026,-0.5494632395323749,-0.5119499443410854,-0.35307010588385984,-0.075030388583715,-0.11033701935198736,-0.17874361646551506,-0.17874361646551506,-0.17653695204249803,-0.32438346838463855,-0.4766433135728131,-0.43471668953548964,-0.31335014626955343,-0.19639693184965124,-0.026483771277340508,0.02426951045205101,0.079436121027476575,0.008822859490931853,-0.15667697223534482,-0.22729023377188956,-0.20522358954171932,-0.22508356934887253,-0.1831569453115491,0.12577607391083404,0.11915608064178297,0.03530283256713612,0.09929610083462978,0.21404265083151494,0.05736947679730635,-0.18095028088853207,-0.5340165885712557,-0.6024231856847834,-0.44133668280454075,-0.38396340780609817,-0.6377298164530557,-0.5737365481855621,-0.673036447221328,-0.7370297154888218,-0.5207766020331536,-0.42147670299738754,-0.28907683761636616,-0.22508356934887253,-0.3111434818465364,-0.3618967635759279,-0.34865677703782577,-0.33541679049972367,-0.3221768039616215,-0.42147670299738754,-0.2824568443473151,-0.13019699915914057,-0.07061705973768095,-0.0551704087765618,-0.17874361646551506,-0.26480352896317894,-0.25597687127111085,-0.1831569453115491,-0.07061705973768095,-0.046343751084493706,0.022062846029033988,0.23610929506168515,0.4391224219792512,0.5803489450523407,0.9819618700414388,0.9885818633104898,0.915761937350928,0.9753418767723877,1.019475165232728,0.3773358181347746,-0.2934901664624002,-0.3905834010751492,-0.4589899981886769,-0.5582898972244429,-0.4788499779958301,0
0,0,0.9201752661969621,0.9797552056184218,0.7436421123556003,0.5472489787070853,0.5913822671674258,0.4854623748626087,0.3265825364053831,0.18314934890927662,0.0816427854504936,-0.06841039531466393,-0.172123623196464,-0.2581835356941279,-0.20081026069568528,0.022062846029033988,-0.006623791470187304,-0.13240366358215758,0.05074948352825528,0.4678090594784725,1.0481618027319495,1.5446612979107794,1.3791614661845029,0.9532752325422175,0.34202918736650223,-0.1655036299274129,0.004409530644897808,-0.022070442431306462,0.013236188336965897,0.08384944987351062,-0.12357700589008949,-0.13902365685120865,-0.32879679723067257,-0.8848762318309622,-0.9488695000984559,-1.0327227481731027,-1.0856826943255113,-0.9599028222135411,-0.9069428760611324,-0.7811630039491622,-0.8892895606769963,-1.0415494058651709,-0.8363296145245878,-0.7414430443348557,-0.7392363799118388,-0.66420978952926,-0.5141566087641025,-0.5185699376101365,-0.4965032933799663,-0.0838570462757831,-0.09268370396785118,-0.22508356934887253,-0.22729023377188956,-0.11695701262103843,-0.23832355588697465,-0.41265004530531946,-0.467816655880745,-0.3265901328076556,-0.20963691838775336,-0.11695701262103843,-0.008830455893204327,-0.01986377800828944,-0.17653695204249803,-0.3001101597314513,-0.30893681742351936,-0.11695701262103843,0.08384944987351062,0.13460273160290212,0.19859599987039578,0.21845597967754898,0.1699093623711745,0.044129490259204214,0.019856181606016966,-0.18977693858060016,-0.3221768039616215,-0.35748343472989386,-0.3795500789600641,-0.37734341453704706,-0.5825632058776302,-0.8230896279864857,-0.6355231520300387,-0.7502697020269239,-0.7921963260642473,-0.659796460683226,-0.49870995780298333,-0.33321012607670664,-0.1919836030036172,-0.1434369856972427,-0.12137034146707247,-0.24935687800205977,-0.2934901664624002,-0.26701019338619597,-0.5009166222260003,-0.37734341453704706,-0.2118435828107704,-0.22729023377188956,-0.08827037512181714,-0.1147503481980214,-0.07944371742974905,0.13460273160290212,0.00661619506791483,-0.2317035626179236,-0.22287690492585552,-0.048550415507510734,0.05074948352825528,0.22728263736961707,0.39278246909589376,0.5604889652451874,0.43029576428718314,0.5737289517832896,0.7171621392793961,0.5031156902467449,0.13018940275686808,-0.2625968645401619,-0.31335014626955343,-0.17433028761948102,-0.368516756844979,-0.5273965953022046,0
0,0,1.1276017219605623,1.109948406576426,0.8473553402374004,0.6244822335126812,0.5980022604364769,0.4258824354411491,0.2294893017926341,0.16549603352514045,0.15887604025608937,-0.022070442431306462,0.019856181606016966,0.09046944314256168,0.1390160604489362,0.1412227248719532,0.16328936910212344,0.06398947006635741,0.1015027652576468,0.5053223546697619,1.008441843117643,1.2953082181098559,1.1364283796526304,0.9510685681192005,0.48104904601657467,0.15446271141005533,0.1809426844862596,-0.06620373089164691,-3.7982011362372927e-6,0.12798273833385107,-0.1434369856972427,-0.2537702068480938,-0.45237000491962587,-0.7304097222197706,-0.754683030872958,-0.867222916446826,-0.9400428424063878,-1.0106561039429325,-1.1298159827858518,-0.8076429770253665,-0.7811630039491622,-1.0481693991342218,-0.8164696347174345,-0.7259963933737367,-0.7944029904872644,-0.8186762991404516,-0.5516699039553918,-0.39279006549816625,-0.30893681742351936,-0.12357700589008949,-0.12799033473612353,-0.269216857809213,-0.3905834010751492,-0.42147670299738754,-0.5053299510720344,-0.4920899645339322,-0.4369233539585067,-0.2934901664624002,-0.05958373762259584,0.08384944987351062,0.04192282583618719,-0.1632969655043959,-0.3265901328076556,-0.26701019338619597,-0.05958373762259584,0.079436121027476575,0.20521599313944686,0.22728263736961707,0.08384944987351062,-0.03972375781544264,0.14342938929497023,0.10812275852669787,-0.09709703281388522,-0.36410342799894496,-0.5053299510720344,-0.5428432462633238,-0.5406365818403067,-0.6509698029911579,-0.865016252023809,-0.8848762318309622,-0.5958031924157323,-0.666416453952277,-0.7789563395261452,-0.7723363462570941,-0.6509698029911579,-0.5958031924157323,-0.562703226070477,-0.43251002511247266,-0.21625691165680444,-0.18757027415758315,-0.28466350877033214,-0.3464501126148088,-0.370723421267996,-0.38396340780609817,-0.33541679049972367,-0.29569683088541726,-0.20081026069568528,-0.3508634414608428,-0.3795500789600641,-0.13681699242819162,0.09929610083462978,-0.28466350877033214,-0.32879679723067257,-0.05296374435354478,-0.06620373089164691,-0.09047703954483416,-0.05737707319957882,-0.08165038185276607,-0.3221768039616215,-0.06841039531466393,0.026476174875068034,-0.12137034146707247,0.039716161413170165,-0.18536360973456611,-0.5340165885712557,-0.7811630039491622,-0.5649098904934939,-0.43251002511247266,0
0,0,1.209248305612192,1.0636084536930686,0.9400352460041154,0.706128817164311,0.4766357171705406,0.33320252967443414,0.24272928833073623,0.19638933544737877,0.15225604698703832,-3.7982011362372927e-6,0.2096293219854809,0.3309958652514171,0.32878920082840013,0.2537626104458213,0.4964956969776938,0.5825556094753577,0.5847622738983748,0.6686155219730215,0.9510685681192005,0.9753418767723877,0.8628019911985195,0.9753418767723877,0.5053223546697619,0.3707158248657235,0.4523624085173534,0.2824492479450426,0.3376158585204682,0.21404265083151494,-0.015450449162255395,-0.048550415507510734,-0.38175674338308113,-0.673036447221328,-0.8120563058714005,-1.0437560702881878,-1.0834760299024944,-1.1805692645152432,-1.3041424722041965,-1.0062427750968985,-0.8076429770253665,-0.8208829635634686,-0.8385362789476047,-0.8142629702944175,-0.860602923177775,-0.9003228827920814,-0.6134565077998685,-0.18536360973456611,-0.22508356934887253,-0.2868701731933492,-0.26480352896317894,-0.41265004530531946,-0.5031232866490174,-0.5869765347236642,-0.7083430779896005,-0.5318099241482387,-0.33762345492274065,-0.20743025396473636,-0.14564365012025973,0.026476174875068034,-0.015450449162255395,-0.2427368847330087,-0.3221768039616215,-0.2934901664624002,-0.13681699242819162,0.0529561479512723,0.15004938256402128,0.17873602006324257,0.21404265083151494,0.25596927486883836,0.4391224219792512,0.15446271141005533,-0.13681699242819162,-0.3751367501140301,-0.5847698703006472,-0.8076429770253665,-0.8252962924095026,-0.8098496414483835,-0.9599028222135411,-1.0062427750968985,-0.9025295472150985,-0.7988163193332983,-0.7436497087578728,-0.8363296145245878,-0.8164696347174345,-0.761303024142009,-0.7657163529880431,-0.5869765347236642,-0.2912835020393832,-0.06620373089164691,-0.13681699242819162,-0.269216857809213,-0.3508634414608428,-0.3751367501140301,-0.34424344819179176,-0.2030169251187023,-0.07723705300673202,-0.3464501126148088,-0.6377298164530557,-0.41485670972833644,0.09488277198859572,0.019856181606016966,0.11253608737273191,0.07722945660445955,-0.19419026742663423,-0.5031232866490174,-0.5538765683784089,-0.5825632058776302,-0.5935965279927152,-0.3398301193457577,-0.3310034616536896,-0.3464501126148088,-0.03751709339242562,-0.31335014626955343,-0.6487631385681408,-0.770129681834077,-0.46560999145772797,-0.27142352223223,0
0,0,1.1452550373446984,0.9643085546573026,0.9731352123493707,0.8870752998517067,0.5980022604364769,0.37292248928874056,0.322169207559349,0.19418267102436174,0.14342938929497023,0.06840279891239145,0.03530283256713612,0.23390263063866815,0.3265825364053831,0.44132908640226826,0.8252886960072302,0.818668702738179,0.7855687363929238,0.7899820652389578,0.9179686017739451,0.9290019238890302,0.8495620046604174,0.8385286825453323,0.7635020921627536,0.8054287162000769,0.6973021594722428,0.518562341207864,0.710542146010345,0.4854623748626087,0.23390263063866815,0.18756267775531069,-0.16991695877344698,-0.7855763327951962,-1.173949271246192,-1.2269092173986007,-1.0900960231715453,-1.2136692308604986,-1.3195891231653156,-1.1386426404779197,-1.0040361106738815,-0.9334228491373368,-0.9290095202913027,-0.9003228827920814,-0.6708297827983111,-0.6311098231840047,-0.5803565414546131,-0.24935687800205977,-0.3552767703068769,-0.4854699712648812,-0.4435433472275577,-0.4435433472275577,-0.4722299847267791,-0.6090431789538344,-0.7304097222197706,-0.4920899645339322,-0.24935687800205977,-0.1434369856972427,-0.17874361646551506,-0.11916367704405545,-0.10151036165991927,-0.27142352223223,-0.44575001165057476,-0.26701019338619597,-0.1434369856972427,-0.004417127047170282,0.12798273833385107,0.1323960671798851,0.18756267775531069,0.32437587198236606,0.48104904601657467,0.06619613448937443,-0.1434369856972427,-0.29569683088541726,-0.6024231856847834,-0.9841761308667283,-0.9003228827920814,-0.657589796260209,-0.6443498097221068,-0.6818631049133962,-0.8098496414483835,-0.8252962924095026,-0.6686231183752941,-0.8981162183690644,-0.8804629029849282,-0.7083430779896005,-0.8010229837563154,-0.6333164876070216,-0.2868701731933492,-3.7982011362372927e-6,-0.048550415507510734,-0.0948903683908682,-0.2140502472337874,-0.3001101597314513,-0.32879679723067257,-0.3464501126148088,-0.3420367837687747,-0.41706337415135347,-0.6222831654919365,-0.4567833337656599,-0.24494354915602573,-0.2515635424250768,-0.07944371742974905,-0.1632969655043959,-0.42147670299738754,-0.7679230174110601,-0.7105497424126175,-0.7877829972182132,-0.7988163193332983,-0.562703226070477,-0.40603005203626835,-0.29569683088541726,-0.1434369856972427,-0.09047703954483416,-0.37734341453704706,-0.4788499779958301,-0.34424344819179176,-0.41485670972833644,0
0,0,1.004028514271609,0.909141944081877,0.9996151854255749,0.9885818633104898,0.6531688710119025,0.4457424152483023,0.3773358181347746,0.22286930852358303,0.1412227248719532,0.05516281237428933,-0.048550415507510734,0.09046944314256168,0.2118359864084979,0.39719579794192783,0.6928888306262089,0.7966020585080089,0.8142553738921451,0.8407353469683493,0.8517686690834344,0.8407353469683493,0.9267952594660132,0.9775485411954047,1.1165683998454772,1.2622082517646007,0.9466552392731664,0.6553755354349194,0.812048709469128,0.6730288508190556,0.37292248928874056,0.10591609410368084,-0.14564365012025973,-0.6222831654919365,-1.1276093183628346,-1.2732491702819582,-0.9775561375976772,-0.8870828962539793,-1.0481693991342218,-1.2026359087454135,-1.2335292106676519,-1.0724427077874092,-0.8981162183690644,-0.763509688565026,-0.7855763327951962,-0.6134565077998685,-0.5538765683784089,-0.49870995780298333,-0.42589003184342156,-0.5031232866490174,-0.4479566760735918,-0.30893681742351936,-0.3001101597314513,-0.467816655880745,-0.5649098904934939,-0.45237000491962587,-0.3067301530005024,-0.2030169251187023,-0.21625691165680444,-0.27583685107826406,-0.20743025396473636,-0.3001101597314513,-0.35307010588385984,-0.12357700589008949,-0.044137086661476685,0.008822859490931853,0.0529561479512723,0.05736947679730635,0.10812275852669787,0.17873602006324257,0.20742265756246386,0.0022028662218807854,-0.10592369050595332,-0.26039020011714487,-0.5450499106863408,-0.9025295472150985,-0.7502697020269239,-0.6399364808760728,-0.6244898299149536,-0.46119666261169395,-0.6333164876070216,-0.7855763327951962,-0.7436497087578728,-0.8032296481793324,-0.9863827952897453,-0.8804629029849282,-0.7745430106801111,-0.6222831654919365,-0.26701019338619597,-0.08827037512181714,-0.21625691165680444,-0.13681699242819162,-0.1434369856972427,-0.3111434818465364,-0.5053299510720344,-0.4854699712648812,-0.4920899645339322,-0.47002332030376204,-0.31335014626955343,0.06398947006635741,-0.2317035626179236,-0.5075366154950514,-0.2339102270409406,-0.40382338761325137,-0.5119499443410854,-0.5141566087641025,-0.5009166222260003,-0.7392363799118388,-0.8054363126023495,-0.7083430779896005,-0.6487631385681408,-0.5362232529942726,-0.25597687127111085,-0.004417127047170282,-0.2140502472337874,-0.3023168241544683,-0.4567833337656599,-0.5958031924157323,0
0,0,0.9201752661969621,0.8561819979294685,0.9267952594660132,0.9444485748501493,0.6266888979356982,0.4854623748626087,0.41264244890304697,0.34864918063555334,0.26038260371487243,0.1897693421783277,0.11474275179574893,0.1610827046791064,0.34864918063555334,0.5295956633229492,0.6531688710119025,0.7281954613944812,0.7237821325484471,0.8407353469683493,0.8760419777366217,0.807635380623094,1.0569884604240176,1.1143617354224602,0.9643085546573026,0.6642021931269875,0.5737289517832896,0.5759356162063066,0.6950954950492259,0.7017154883182769,0.419262442172098,0.11694941621876595,-0.1831569453115491,-0.5494632395323749,-0.9863827952897453,-1.365929076048673,-1.4630223106614222,-1.2247025529755837,-1.0437560702881878,-1.2247025529755837,-1.34606909624152,-0.9223895270222516,-0.7215830645277026,-0.7215830645277026,-0.8539829299087239,-0.6090431789538344,-0.4567833337656599,-0.45237000491962587,-0.5141566087641025,-0.5825632058776302,-0.44575001165057476,-0.20743025396473636,-0.075030388583715,-0.18757027415758315,-0.38396340780609817,-0.46560999145772797,-0.4280966962664386,-0.32438346838463855,-0.38175674338308113,-0.42147670299738754,-0.2868701731933492,-0.2537702068480938,-0.17874361646551506,-0.01986377800828944,-0.01986377800828944,-0.06841039531466393,-0.006623791470187304,0.05736947679730635,0.05516281237428933,0.03530283256713612,0.05957614122032337,0.028682839298085055,-0.11033701935198736,-0.2339102270409406,-0.3883767366521322,-0.5649098904934939,-0.5891831991466813,-0.6774497760673621,-0.6620031251062429,-0.4435433472275577,-0.5009166222260003,-0.8341229501015708,-0.8473629366396729,-0.5913898635696982,-1.052582727980256,-1.0305160837500857,-0.7127564068356345,-0.48326330684186414,-0.3994100587672173,-0.44133668280454075,-0.569323219339528,-0.5141566087641025,-0.3618967635759279,-0.3994100587672173,-0.5141566087641025,-0.46340332703471093,-0.48988330011091524,-0.673036447221328,-0.7304097222197706,-0.28025017992429807,-0.2824568443473151,-0.4192700385743705,-0.1919836030036172,-0.22067024050283848,-0.3464501126148088,-0.43471668953548964,-0.47002332030376204,-0.6266964943379706,-0.5980098568387493,-0.562703226070477,-0.6553831318371919,-0.6840697693364132,-0.4082367164592854,-0.2515635424250768,-0.41265004530531946,0.10370942968066382,-0.006623791470187304,-0.39720339434420027,0
0,0,1.1342217152296132,1.0327151517708302,0.8959019575437749,0.7833620719699067,0.5671089585142386,0.6443422133198343,0.511942347938813,0.4082291200570129,0.3861624758268427,0.41264244890304697,0.22286930852358303,0.09929610083462978,0.28024258352202563,0.5825556094753577,0.6973021594722428,0.6730288508190556,0.6664088575500046,0.9731352123493707,0.9223819306199792,0.7657087565857705,0.9775485411954047,0.8914886286977408,0.7237821325484471,0.4744290527475236,0.32878920082840013,0.3508558450585703,0.4479490796713193,0.4369157575562342,0.09929610083462978,-0.006623791470187304,-0.30893681742351936,-0.7127564068356345,-0.8959095539460473,-0.9312161847143198,-1.143055969323954,-1.3129691298962647,-1.068029378941375,-1.2313225462446349,-1.3438624318185028,-0.9400428424063878,-0.8186762991404516,-0.7193764001046855,-0.754683030872958,-0.673036447221328,-0.5251899308791876,-0.5582898972244429,-0.6531764674141749,-0.6686231183752941,-0.5781498770315961,-0.45237000491962587,-0.3221768039616215,-0.2427368847330087,-0.40161672319023434,-0.5009166222260003,-0.46119666261169395,-0.27142352223223,-0.3795500789600641,-0.4192700385743705,-0.30893681742351936,-0.19419026742663423,-0.17433028761948102,-0.05958373762259584,0.04854281910523826,-0.05737707319957882,0.0529561479512723,0.13680939602591916,0.10370942968066382,0.1015027652576468,0.10812275852669787,0.05516281237428933,-0.11916367704405545,-0.22287690492585552,-0.30452348857748535,-0.3994100587672173,-0.5031232866490174,-0.6620031251062429,-0.7436497087578728,-0.6708297827983111,-0.5715298837625451,-0.7966096549102814,-0.7524763664499409,-0.5273965953022046,-0.8451562722166558,-0.8208829635634686,-0.6200765010689195,-0.4788499779958301,-0.6289031587609877,-0.7370297154888218,-0.8848762318309622,-0.8098496414483835,-0.3508634414608428,-0.21625691165680444,-0.26480352896317894,-0.3067301530005024,-0.3420367837687747,-0.5075366154950514,-0.7833696683721793,-0.7149630712586516,-0.17433028761948102,-0.23832355588697465,-0.41485670972833644,-0.4876766356878982,-0.45237000491962587,-0.5494632395323749,-0.6112498433768515,-0.6421431452990898,-0.770129681834077,-0.7149630712586516,-0.6686231183752941,-0.7017230847205493,-0.6090431789538344,-0.5318099241482387,-0.46119666261169395,-0.02869043570035753,-0.07282372416069798,-0.2934901664624002,0
0,0,1.2246949565733112,1.2335216142653793,0.8694219844675706,0.6862688373571577,0.6642021931269875,0.812048709469128,0.5406289854380343,0.36850916044270654,0.33320252967443414,0.3111358854442639,0.06398947006635741,0.03750949699015314,0.21624931525453198,0.5273889988999322,0.706128817164311,0.7480554412016344,0.712748810433362,0.8914886286977408,0.8230820315842131,0.6024155892825109,0.5516623075531194,0.6818555085111238,0.5957955960134599,0.4347090931332172,0.18756267775531069,-0.004417127047170282,-0.03751709339242562,-0.041930422238459664,-0.2317035626179236,-0.23611689146395765,-0.5141566087641025,-0.8782562385619112,-0.9444561712524219,-0.7480630376039068,-0.8760495741388942,-1.2048425731684305,-1.244562532782737,-1.173949271246192,-1.0900960231715453,-0.9113562049071665,-0.8782562385619112,-0.5980098568387493,-0.6333164876070216,-0.7899896616412303,-0.6553831318371919,-0.5516699039553918,-0.6399364808760728,-0.7326163866427877,-0.7657163529880431,-0.6068365145308174,-0.44133668280454075,-0.34865677703782577,-0.4766433135728131,-0.47002332030376204,-0.3618967635759279,-0.2427368847330087,-0.41706337415135347,-0.39720339434420027,-0.31335014626955343,-0.24935687800205977,-0.2979034953084343,-0.1147503481980214,0.05736947679730635,0.026476174875068034,0.15004938256402128,0.17432269121720853,0.15004938256402128,0.16770269794815748,0.08605611429652764,0.05074948352825528,-0.08165038185276607,-0.22067024050283848,-0.28025017992429807,-0.36410342799894496,-0.4589899981886769,-0.5737365481855621,-0.770129681834077,-0.763509688565026,-0.6244898299149536,-0.657589796260209,-0.7679230174110601,-0.8010229837563154,-0.8760495741388942,-0.8142629702944175,-0.6377298164530557,-0.5759432126085791,-0.6906897626054642,-0.56049656164746,-0.6774497760673621,-0.6620031251062429,-0.2934901664624002,-0.01986377800828944,0.06178280564334039,-0.10151036165991927,-0.34424344819179176,-0.3596900991529109,-0.7017230847205493,-0.867222916446826,-0.39720339434420027,-0.6487631385681408,-0.7767496751031282,-0.7193764001046855,-0.5516699039553918,-0.6951030914514983,-0.7348230510658047,-0.66420978952926,-0.6818631049133962,-0.6884830981824472,-0.6024231856847834,-0.5450499106863408,-0.5759432126085791,-0.36410342799894496,-0.3265901328076556,-0.36410342799894496,-0.5891831991466813,-0.6421431452990898,0
0,0,1.1673216815748686,1.1761483392669367,0.8319086892762813,0.9709285479263536,0.9598952258112685,0.8716286488905877,0.5472489787070853,0.32878920082840013,0.32437587198236606,0.3508558450585703,0.046336154682221235,0.1015027652576468,0.34864918063555334,0.511942347938813,0.4678090594784725,0.6421355488968173,0.6399288844738003,0.511942347938813,0.5847622738983748,0.5825556094753577,0.5957955960134599,0.7568820988937025,0.6487555421658684,0.4391224219792512,0.2383159594847022,-0.004417127047170282,-0.42589003184342156,-0.4082367164592854,-0.4303033606894556,-0.6752431116443451,-0.8098496414483835,-0.9290095202913027,-0.9599028222135411,-0.8341229501015708,-0.7966096549102814,-1.063616050095341,-1.2732491702819582,-1.0062427750968985,-0.9466628356754389,-0.8429496077936388,-0.7105497424126175,-0.49429662895694926,-0.5075366154950514,-0.5582898972244429,-0.48326330684186414,-0.2780435155012811,-0.3751367501140301,-0.5538765683784089,-0.6840697693364132,-0.6156631722228855,-0.4920899645339322,-0.3994100587672173,-0.44575001165057476,-0.45457666934264285,-0.38175674338308113,-0.33762345492274065,-0.47443664914979605,-0.4192700385743705,-0.40382338761325137,-0.34865677703782577,-0.27142352223223,-0.17653695204249803,-0.015450449162255395,0.03530283256713612,0.011029523913948874,0.01764951718299994,0.06840279891239145,0.10370942968066382,-0.07944371742974905,0.06398947006635741,0.0529561479512723,-0.10813035492897034,-0.18095028088853207,-0.35748343472989386,-0.45237000491962587,-0.47002332030376204,-0.5538765683784089,-0.6134565077998685,-0.569323219339528,-0.5715298837625451,-0.9356295135603537,-1.0261027549040518,-1.0437560702881878,-0.9974161174048304,-0.7392363799118388,-0.6421431452990898,-0.5958031924157323,-0.5009166222260003,-0.48988330011091524,-0.4280966962664386,-0.3464501126148088,-0.31335014626955343,-0.20522358954171932,-0.23611689146395765,-0.36410342799894496,-0.3001101597314513,-0.39720339434420027,-0.46340332703471093,-0.4567833337656599,-0.761303024142009,-0.9091495404841495,-0.7811630039491622,-0.5318099241482387,-0.6178698366459026,-0.7877829972182132,-0.7436497087578728,-0.5803565414546131,-0.5582898972244429,-0.5075366154950514,-0.49870995780298333,-0.5141566087641025,-0.24715021357904277,-0.19860359627266827,-0.38617007222911515,-0.6112498433768515,-0.7414430443348557,0
0,0,1.2246949565733112,1.2600015873415835,1.0525751315779834,1.215868298881243,1.0812617690772048,0.8297020248532642,0.61786224024363,0.45015574409433634,0.30010256332917884,0.2868625767910767,0.15446271141005533,0.0728161277584255,0.2692092614069405,0.46560239505545553,0.3905758046728767,0.4744290527475236,0.4678090594784725,0.3707158248657235,0.48987570370864275,0.7679154210087876,0.8782486421596387,1.006235178694626,1.098915084461341,0.8760419777366217,0.6355155556277662,0.2890692412140937,-0.4082367164592854,-0.35748343472989386,-0.3949967299211833,-0.6509698029911579,-0.7171697356816685,-0.8870828962539793,-0.9797628020206942,-1.0062427750968985,-0.8230896279864857,-0.9753494731746601,-1.16070928470809,-0.9952094529818134,-0.9422495068294048,-0.865016252023809,-0.7039297491435664,-0.5185699376101365,-0.42589003184342156,-0.21846357607982148,-0.06841039531466393,-0.12137034146707247,-0.5649098904934939,-0.6951030914514983,-0.6443498097221068,-0.5737365481855621,-0.6024231856847834,-0.39279006549816625,-0.2934901664624002,-0.4766433135728131,-0.5472565751093578,-0.47002332030376204,-0.3949967299211833,-0.2581835356941279,-0.27142352223223,-0.2979034953084343,-0.22729023377188956,-0.2934901664624002,-0.17653695204249803,-0.13902365685120865,-0.1434369856972427,0.008822859490931853,-0.05296374435354478,-0.017657113585272416,0.030889503721102076,0.079436121027476575,0.0529561479512723,0.00661619506791483,-0.004417127047170282,-0.2118435828107704,-0.34865677703782577,-0.3949967299211833,-0.3994100587672173,-0.4766433135728131,-0.46340332703471093,-0.5075366154950514,-0.7480630376039068,-0.8120563058714005,-1.0150694327889667,-1.1099560029786986,-0.8186762991404516,-0.7966096549102814,-0.6509698029911579,-0.47002332030376204,-0.33762345492274065,-0.2140502472337874,-0.31776347511558745,-0.48326330684186414,-0.4303033606894556,-0.3199701395386045,-0.3221768039616215,-0.40603005203626835,-0.46340332703471093,-0.47002332030376204,-0.5031232866490174,-0.657589796260209,-0.851776265485707,-0.8959095539460473,-0.7966096549102814,-0.7436497087578728,-0.9157695337532006,-0.9223895270222516,-0.7127564068356345,-0.49870995780298333,-0.4303033606894556,-0.4722299847267791,-0.4391300183815237,-0.27583685107826406,-0.08165038185276607,-0.17433028761948102,-0.4766433135728131,-0.7877829972182132,0
0,0,1.1342217152296132,1.198214983497107,1.1695283459978856,1.0790551046541879,0.8716286488905877,0.8804553065826557,0.8230820315842131,0.5803489450523407,0.19418267102436174,0.019856181606016966,0.02426951045205101,0.013236188336965897,0.06840279891239145,0.32437587198236606,0.4391224219792512,0.2118359864084979,0.28024258352202563,0.3994024623649448,0.5737289517832896,0.9488619036961834,1.09229509119229,1.1695283459978856,1.2180749633042602,0.8870752998517067,0.7590887633167195,0.6024155892825109,0.3309958652514171,0.4545690729403704,0.1610827046791064,-0.21625691165680444,-0.42589003184342156,-0.7767496751031282,-0.9003228827920814,-0.9885894597127624,-1.037136077019137,-0.8760495741388942,-1.0856826943255113,-1.1011293452866304,-0.7745430106801111,-0.8010229837563154,-0.7877829972182132,-0.657589796260209,-0.49429662895694926,-0.25597687127111085,-0.20522358954171932,-0.3398301193457577,-0.6752431116443451,-0.7480630376039068,-0.6090431789538344,-0.45457666934264285,-0.6289031587609877,-0.5207766020331536,-0.3905834010751492,-0.5340165885712557,-0.754683030872958,-0.5340165885712557,-0.2824568443473151,-0.1434369856972427,-0.1147503481980214,-0.26701019338619597,-0.35307010588385984,-0.27142352223223,-0.0838570462757831,-0.1655036299274129,-0.10592369050595332,0.2316959662156511,0.013236188336965897,-0.08827037512181714,-0.048550415507510734,-0.004417127047170282,0.03750949699015314,0.00661619506791483,-0.017657113585272416,-0.13902365685120865,-0.2537702068480938,-0.34865677703782577,-0.45457666934264285,-0.6289031587609877,-0.5560832328014259,-0.5053299510720344,-0.5538765683784089,-0.5472565751093578,-0.6024231856847834,-0.7657163529880431,-0.8054363126023495,-0.8539829299087239,-0.6686231183752941,-0.4236833674204046,-0.2405302203099917,-0.11695701262103843,-0.33762345492274065,-0.5185699376101365,-0.48326330684186414,-0.26480352896317894,-0.026483771277340508,-0.14123032127422566,-0.4876766356878982,-0.569323219339528,-0.5406365818403067,-0.5935965279927152,-0.8010229837563154,-0.9201828625992347,-0.8804629029849282,-0.8385362789476047,-0.9753494731746601,-1.1651226135541242,-0.9488695000984559,-0.5825632058776302,-0.3949967299211833,-0.46340332703471093,-0.2979034953084343,-0.046343751084493706,0.00661619506791483,-0.1919836030036172,-0.4303033606894556,-0.7921963260642473,0
0,0,1.1386350440756474,1.0702284469621197,1.103328413307375,1.096708420038324,0.8650086556215366,0.9356219171580813,0.8672153200445536,0.6266888979356982,0.41264244890304697,0.22286930852358303,0.11032942294971489,0.0022028662218807854,-0.18757027415758315,0.028682839298085055,0.18314934890927662,0.14342938929497023,0.3376158585204682,0.5384223210150172,0.6730288508190556,0.7899820652389578,1.1342217152296132,1.2224882921502942,1.0768484402311707,0.6708221863960386,0.51414901236183,0.4435357508252853,0.4457424152483023,0.5582823008221705,0.4457424152483023,0.21845597967754898,-0.044137086661476685,-0.2934901664624002,-0.5825632058776302,-0.9334228491373368,-1.1121626674017155,-0.754683030872958,-0.9665228154825921,-1.0172760972119836,-0.770129681834077,-0.7326163866427877,-0.8561895943317409,-0.8230896279864857,-0.6355231520300387,-0.5053299510720344,-0.44575001165057476,-0.4920899645339322,-0.5472565751093578,-0.49429662895694926,-0.4854699712648812,-0.49870995780298333,-0.5958031924157323,-0.5582898972244429,-0.5296032597252216,-0.4435433472275577,-0.45237000491962587,-0.36631009242196194,-0.19860359627266827,-0.0948903683908682,-0.08606371069880012,-0.15888363665836186,-0.25597687127111085,-0.2515635424250768,-0.0948903683908682,-0.12357700589008949,-0.048550415507510734,0.09708943641161275,0.019856181606016966,-0.0022104626241532597,-0.0551704087765618,0.011029523913948874,0.24714261717677027,0.05736947679730635,-0.08165038185276607,-0.13681699242819162,-0.19639693184965124,-0.27142352223223,-0.4104433808823024,-0.5450499106863408,-0.5207766020331536,-0.5031232866490174,-0.5803565414546131,-0.6906897626054642,-0.36410342799894496,-0.6112498433768515,-0.8076429770253665,-0.7966096549102814,-0.6355231520300387,-0.3905834010751492,-0.2140502472337874,-0.14785031454327674,-0.32438346838463855,-0.36631009242196194,-0.3552767703068769,-0.3265901328076556,-0.15447030781232782,-0.3199701395386045,-0.6399364808760728,-0.7259963933737367,-0.7348230510658047,-0.8208829635634686,-0.9334228491373368,-0.9312161847143198,-0.8892895606769963,-0.8032296481793324,-0.8363296145245878,-1.059202721249307,-0.8076429770253665,-0.5913898635696982,-0.44133668280454075,-0.46119666261169395,-0.24715021357904277,-0.0838570462757831,-0.1147503481980214,-0.3310034616536896,-0.40382338761325137,-0.6024231856847834,0
0,0,1.2577949229185665,1.096708420038324,1.0437484738859153,1.0106485075406602,0.8981086219667919,0.9113486085048941,0.6862688373571577,0.5759356162063066,0.5781422806293236,0.27362259025297453,0.19418267102436174,0.030889503721102076,-0.1831569453115491,0.05736947679730635,0.29127590563711075,0.39278246909589376,0.520769005630881,0.6509622065888854,0.7348154546635323,0.8892819642747238,1.2379349431114133,1.1474617017677153,0.8561819979294685,0.5803489450523407,0.5671089585142386,0.4236757710181321,0.47001572390148955,0.5318023277459661,0.4920823681316598,0.43029576428718314,0.22066264410056602,-0.11254368377500439,-0.56049656164746,-0.7745430106801111,-0.9290095202913027,-0.7657163529880431,-0.5318099241482387,-0.6333164876070216,-0.6686231183752941,-0.6333164876070216,-0.7745430106801111,-0.9334228491373368,-0.9069428760611324,-0.7524763664499409,-0.5649098904934939,-0.5163632731871195,-0.4920899645339322,-0.42589003184342156,-0.4280966962664386,-0.46119666261169395,-0.4391300183815237,-0.2581835356941279,-0.45237000491962587,-0.47443664914979605,-0.40603005203626835,-0.3751367501140301,-0.2317035626179236,-0.09709703281388522,-0.16109030108137887,-0.4104433808823024,-0.4280966962664386,-0.3618967635759279,-0.3023168241544683,-0.24935687800205977,-0.12578367031310653,-0.046343751084493706,0.0022028662218807854,0.1412227248719532,0.16328936910212344,0.079436121027476575,0.09046944314256168,0.06398947006635741,-0.050757079930527756,-0.15447030781232782,-0.19639693184965124,-0.12578367031310653,-0.38617007222911515,-0.5340165885712557,-0.48988330011091524,-0.5582898972244429,-0.5251899308791876,-0.49870995780298333,-0.35307010588385984,-0.6178698366459026,-0.7767496751031282,-0.7017230847205493,-0.5318099241482387,-0.22729023377188956,-0.1919836030036172,-0.2537702068480938,-0.2780435155012811,-0.06841039531466393,-0.11916367704405545,-0.25597687127111085,-0.27142352223223,-0.6244898299149536,-0.8892895606769963,-1.0216894260580176,-1.2092559020144646,-1.2335292106676519,-1.145262633746971,-0.9996227818278474,-1.0327227481731027,-0.9819694664437112,-1.0062427750968985,-1.068029378941375,-0.6774497760673621,-0.6752431116443451,-0.6553831318371919,-0.5185699376101365,-0.5141566087641025,-0.3883767366521322,-0.33762345492274065,-0.3905834010751492,-0.4766433135728131,-0.8076429770253665,0
0,0,1.0150618363866941,0.8981086219667919,0.812048709469128,0.8429420113913664,0.9113486085048941,0.9554818969652344,0.7657087565857705,0.714955474856379,0.6266888979356982,0.25596927486883836,0.29348257006012773,0.15666937583307236,-0.01986377800828944,0.11032942294971489,0.3994024623649448,0.6200689046666471,0.6928888306262089,0.6906821662031918,0.7966020585080089,0.9267952594660132,1.103328413307375,0.9753418767723877,0.7326087902405152,0.613448911397596,0.6355155556277662,0.48104904601657467,0.6024155892825109,0.7392287835095663,0.7436421123556003,0.6928888306262089,0.2978958989061618,-0.17653695204249803,-0.6200765010689195,-0.39720339434420027,-0.45457666934264285,-0.41706337415135347,-0.16109030108137887,-0.368516756844979,-0.569323219339528,-0.6862764337594303,-0.7679230174110601,-0.867222916446826,-0.8716362452928601,-0.7921963260642473,-0.5913898635696982,-0.5097432799180684,-0.4766433135728131,-0.4589899981886769,-0.45237000491962587,-0.40161672319023434,-0.40161672319023434,-0.41706337415135347,-0.5296032597252216,-0.5582898972244429,-0.567116554916511,-0.5715298837625451,-0.5384299174172897,-0.2515635424250768,-0.17653695204249803,-0.4303033606894556,-0.569323219339528,-0.40603005203626835,-0.2934901664624002,-0.26480352896317894,-0.07061705973768095,-0.07061705973768095,-0.06620373089164691,0.0330961681441191,0.317755878713315,0.2670025969839235,0.14563605371798724,0.1809426844862596,0.11032942294971489,-0.03089710012337455,-0.16109030108137887,-0.18757027415758315,-0.4788499779958301,-0.5582898972244429,-0.56049656164746,-0.7105497424126175,-0.5009166222260003,-0.5141566087641025,-0.5737365481855621,-0.6178698366459026,-0.8275029568325196,-0.8804629029849282,-0.6465564741451238,-0.14785031454327674,-0.16991695877344698,-0.40161672319023434,-0.4303033606894556,0.08384944987351062,-0.11254368377500439,-0.3023168241544683,-0.3618967635759279,-0.7304097222197706,-1.1298159827858518,-1.350482425087554,-1.4718489683534903,-1.4475756597003029,-1.3416557673954859,-1.2092559020144646,-1.1695359424001581,-1.1805692645152432,-1.154089291439039,-1.1143693318247325,-0.867222916446826,-0.9135628693301835,-0.7855763327951962,-0.5958031924157323,-0.6774497760673621,-0.7171697356816685,-0.5494632395323749,-0.4920899645339322,-0.673036447221328,-1.1055426741326646,0
0,0,0.9378285815810983,0.8628019911985195,0.7811554075468897,0.6906821662031918,0.7966020585080089,0.8694219844675706,0.710542146010345,0.7348154546635323,0.5494556431301023,0.34864918063555334,0.48987570370864275,0.3861624758268427,0.2118359864084979,0.1610827046791064,0.2978958989061618,0.4942890325546768,0.615655575820613,0.6619955287039705,0.807635380623094,0.7414354479325833,0.7039221527412939,0.6995088238952599,0.7414354479325833,0.712748810433362,0.6862688373571577,0.6288955623587151,0.7370221190865492,0.7237821325484471,0.7568820988937025,0.7612954277397365,0.16770269794815748,-0.18757027415758315,-0.368516756844979,-0.273630186655247,-0.31776347511558745,-0.22287690492585552,-0.13681699242819162,-0.41265004530531946,-0.6553831318371919,-0.6134565077998685,-0.5847698703006472,-0.7215830645277026,-0.6620031251062429,-0.7458563731808898,-0.8826695674079452,-0.7348230510658047,-0.5582898972244429,-0.5516699039553918,-0.6178698366459026,-0.6134565077998685,-0.6465564741451238,-0.5980098568387493,-0.562703226070477,-0.666416453952277,-0.7392363799118388,-0.6509698029911579,-0.4369233539585067,-0.2427368847330087,-0.15447030781232782,-0.16991695877344698,-0.32438346838463855,-0.26701019338619597,-0.3067301530005024,-0.2912835020393832,-0.041930422238459664,0.008822859490931853,0.1390160604489362,0.2316959662156511,0.31334254986728094,0.2890692412140937,0.28465591236805965,0.23610929506168515,0.10370942968066382,-0.044137086661476685,-0.2625968645401619,-0.4104433808823024,-0.5141566087641025,-0.41485670972833644,-0.4280966962664386,-0.569323219339528,-0.46340332703471093,-0.6355231520300387,-0.7679230174110601,-0.7237897289507196,-0.8275029568325196,-0.8186762991404516,-0.6002165212617664,-0.14123032127422566,0.011029523913948874,-0.16109030108137887,-0.2030169251187023,0.10370942968066382,-0.26701019338619597,-0.5649098904934939,-0.7259963933737367,-0.8473629366396729,-1.1276093183628346,-1.2997291433581624,-1.3328291097034177,-1.255595854897822,-1.2202892241295498,-1.1298159827858518,-1.0878893587485283,-1.173949271246192,-1.050376063557239,-0.9797628020206942,-0.9731428087516432,-1.0437560702881878,-0.9952094529818134,-0.6951030914514983,-0.5207766020331536,-0.8716362452928601,-0.7436497087578728,-0.7370297154888218,-0.957696157790524,-1.2842824923970433,0
0,0,0.9532752325422175,1.0591951248470346,1.2269016209963282,0.9554818969652344,0.8429420113913664,0.8252886960072302,0.6973021594722428,0.6288955623587151,0.2868625767910767,0.13018940275686808,0.29348257006012773,0.34202918736650223,0.30451589217521285,0.23610929506168515,0.27362259025297453,0.4920823681316598,0.6862688373571577,0.708335481587328,0.6928888306262089,0.4876690392856257,0.5075290190927789,0.6465488777428513,0.812048709469128,0.7568820988937025,0.6884755017801748,0.7568820988937025,1.008441843117643,0.8694219844675706,0.9356219171580813,0.818668702738179,0.06619613448937443,-0.09268370396785118,-0.2317035626179236,-0.3067301530005024,-0.2934901664624002,-0.2912835020393832,-0.3023168241544683,-0.4479566760735918,-0.6487631385681408,-0.46340332703471093,-0.467816655880745,-0.7944029904872644,-1.068029378941375,-1.0724427077874092,-0.9599028222135411,-0.7723363462570941,-0.6134565077998685,-0.6266964943379706,-0.7568896952959749,-0.8341229501015708,-0.7679230174110601,-0.6487631385681408,-0.5847698703006472,-0.7502697020269239,-0.6774497760673621,-0.5582898972244429,-0.3751367501140301,-0.2868701731933492,-0.3883767366521322,-0.3310034616536896,-0.20081026069568528,-0.13019699915914057,-0.24935687800205977,-0.3552767703068769,-0.35307010588385984,-0.273630186655247,0.030889503721102076,0.1323960671798851,0.08605611429652764,0.06619613448937443,0.1323960671798851,0.19197600660134473,0.10591609410368084,-0.11033701935198736,-0.4391300183815237,-0.5781498770315961,-0.4788499779958301,-0.4104433808823024,-0.47443664914979605,-0.4766433135728131,-0.4280966962664386,-0.4082367164592854,-0.48326330684186414,-0.6200765010689195,-0.7899896616412303,-0.6928964270284813,-0.4192700385743705,-0.20743025396473636,-0.14785031454327674,-0.14785031454327674,-0.07944371742974905,-0.03751709339242562,-0.28025017992429807,-0.33762345492274065,-0.5847698703006472,-0.8252962924095026,-0.9819694664437112,-0.9885894597127624,-1.0128627683659495,-1.0327227481731027,-1.0084494395199155,-1.0040361106738815,-0.9356295135603537,-0.9069428760611324,-0.9334228491373368,-1.0305160837500857,-1.1496759625930049,-1.2357358750906688,-1.3085558010502305,-1.156295955862056,-1.1938092510533453,-1.4652289750844392,-1.1231959895168007,-1.1651226135541242,-1.253389190474805,-1.3394491029724689,0
0,0,0.9907885277335069,0.9334152527350643,0.9356219171580813,0.9201752661969621,0.9576885613882515,0.9466552392731664,0.812048709469128,0.4567757373633874,0.12136274506479999,0.11915608064178297,0.1412227248719532,0.0816427854504936,0.16328936910212344,0.2493492815997873,0.3354091940974512,0.5163556767848471,0.812048709469128,0.7193688037024131,0.4589824017864044,0.34864918063555334,0.5891756027444087,0.7524687700476684,0.8274953604302472,0.7304021258174982,0.6619955287039705,0.8473553402374004,1.1915949902280558,1.215868298881243,1.387988123876571,1.3085482046479582,0.7524687700476684,0.3111358854442639,-0.07282372416069798,-0.26039020011714487,-0.25597687127111085,-0.47443664914979605,-0.47443664914979605,-0.5494632395323749,-0.6796564404903792,-0.4567833337656599,-0.5980098568387493,-0.7657163529880431,-0.8539829299087239,-0.9885894597127624,-0.8208829635634686,-0.6156631722228855,-0.66420978952926,-0.7237897289507196,-0.865016252023809,-0.9245961914452686,-0.7348230510658047,-0.6951030914514983,-0.5825632058776302,-0.5582898972244429,-0.5384299174172897,-0.42147670299738754,-0.42147670299738754,-0.39279006549816625,-0.3001101597314513,-0.3508634414608428,-0.2537702068480938,-0.0948903683908682,-0.06620373089164691,-0.14785031454327674,-0.2339102270409406,-0.2339102270409406,0.013236188336965897,-0.06179040204561287,-0.006623791470187304,0.2294893017926341,0.15225604698703832,0.08605611429652764,0.004409530644897808,-0.20743025396473636,-0.4479566760735918,-0.567116554916511,-0.4854699712648812,-0.39720339434420027,-0.5847698703006472,-0.4876766356878982,-0.2581835356941279,-0.16109030108137887,-0.4369233539585067,-0.6222831654919365,-0.8275029568325196,-0.9488695000984559,-0.6244898299149536,-0.3067301530005024,-0.18977693858060016,-0.17653695204249803,-0.14123032127422566,-0.2427368847330087,-0.4192700385743705,-0.3552767703068769,-0.6068365145308174,-0.8539829299087239,-1.0238960904810346,-1.1077493385556816,-1.1342293116318858,-1.0062427750968985,-0.8716362452928601,-1.0349294125961197,-1.0150694327889667,-0.9091495404841495,-0.8738429097158771,-1.1474692981699879,-1.2688358414359242,-1.3769623981637582,-1.354895753933588,-1.2247025529755837,-1.3835823914328094,-1.6130754914265797,-1.443162330854269,-1.6792754241170904,-1.5027422702757285,-1.2732491702819582,0
0,0,1.019475165232728,1.09229509119229,0.9554818969652344,0.9378285815810983,1.1452550373446984,1.0393351450398813,0.8208753671611961,0.47001572390148955,0.11915608064178297,0.2008026642934128,0.19859599987039578,0.05736947679730635,0.09708943641161275,0.27582925467599156,0.3751291537117576,0.4876690392856257,0.7259887969714641,0.6509622065888854,0.5538689719761364,0.5362156565920002,0.7304021258174982,0.8385286825453323,0.7745354142778387,0.6730288508190556,0.7436421123556003,0.9290019238890302,1.306341540224941,1.674854498868784,1.7278144450211923,1.5601079488718987,1.1187750642684942,0.5406289854380343,0.12136274506479999,-0.10592369050595332,-0.273630186655247,-0.5141566087641025,-0.4722299847267791,-0.6200765010689195,-0.7568896952959749,-0.657589796260209,-0.9312161847143198,-0.770129681834077,-0.6068365145308174,-0.8341229501015708,-0.8098496414483835,-0.7105497424126175,-0.6884830981824472,-0.770129681834077,-0.9003228827920814,-0.8826695674079452,-0.8120563058714005,-0.9245961914452686,-0.5958031924157323,-0.49429662895694926,-0.5141566087641025,-0.20081026069568528,-0.24494354915602573,-0.38175674338308113,-0.41706337415135347,-0.4766433135728131,-0.41265004530531946,-0.21846357607982148,0.013236188336965897,-0.11916367704405545,-0.16109030108137887,-0.08827037512181714,0.15004938256402128,0.10591609410368084,0.13460273160290212,0.2294893017926341,0.12577607391083404,-0.044137086661476685,-0.19860359627266827,-0.2537702068480938,-0.269216857809213,-0.4236833674204046,-0.4854699712648812,-0.3795500789600641,-0.44575001165057476,-0.368516756844979,-0.2581835356941279,-0.22949689819490657,-0.562703226070477,-0.6620031251062429,-0.7039297491435664,-0.7392363799118388,-0.6222831654919365,-0.370723421267996,-0.15888363665836186,-0.14785031454327674,-0.18977693858060016,-0.2625968645401619,-0.37734341453704706,-0.4589899981886769,-0.8010229837563154,-0.962109486636558,-1.1209893250937837,-1.2997291433581624,-1.257802519320839,-1.0768560366334432,-0.9422495068294048,-1.1254026539398176,-0.9599028222135411,-0.7304097222197706,-0.7237897289507196,-1.1033360097096474,-0.955489493367507,-0.9444561712524219,-1.0216894260580176,-1.0305160837500857,-1.0945093520175795,-1.2335292106676519,-1.2732491702819582,-1.257802519320839,-1.1651226135541242,-1.145262633746971,0
0,0,1.0856750979232388,1.1298083863835793,1.0636084536930686,0.9753418767723877,0.9819618700414388,0.9400352460041154,0.7966020585080089,0.5251823344769151,0.1699093623711745,-0.048550415507510734,-0.044137086661476685,0.046336154682221235,0.15666937583307236,0.3111358854442639,0.3265825364053831,0.3707158248657235,0.5075290190927789,0.5251823344769151,0.6774421796650897,0.7259887969714641,0.6421355488968173,0.7701220854318046,0.7304021258174982,0.613448911397596,0.6995088238952599,0.9554818969652344,1.1695283459978856,1.5159746604115583,1.7498810892513625,1.5579012844488815,1.1298083863835793,0.5428356498610513,0.07502279218144253,-0.17653695204249803,-0.3420367837687747,-0.4567833337656599,-0.39279006549816625,-0.5097432799180684,-0.4567833337656599,-0.4280966962664386,-0.851776265485707,-0.6333164876070216,-0.6156631722228855,-0.9201828625992347,-0.8937028895230303,-0.8120563058714005,-0.761303024142009,-0.8054363126023495,-0.8826695674079452,-0.7039297491435664,-0.6553831318371919,-0.8451562722166558,-0.6686231183752941,-0.6289031587609877,-0.673036447221328,-0.467816655880745,-0.5913898635696982,-0.5891831991466813,-0.5825632058776302,-0.5229832664561705,-0.3111434818465364,-0.15005697896629377,-0.10592369050595332,-0.27142352223223,-0.18095028088853207,-0.11695701262103843,-0.01986377800828944,0.10812275852669787,0.17652935564022557,0.13460273160290212,0.0816427854504936,0.04854281910523826,-0.14123032127422566,-0.18536360973456611,-0.1346103280051746,-0.269216857809213,-0.6002165212617664,-0.6289031587609877,-0.3905834010751492,-0.2824568443473151,-0.33762345492274065,-0.40382338761325137,-0.49429662895694926,-0.5538765683784089,-0.8164696347174345,-0.8539829299087239,-0.6796564404903792,-0.49870995780298333,-0.2427368847330087,-0.09268370396785118,-0.13681699242819162,-0.09268370396785118,-0.25597687127111085,-0.45457666934264285,-0.7458563731808898,-0.9378361779833708,-1.1254026539398176,-1.3041424722041965,-1.253389190474805,-1.3151757943192817,-1.2997291433581624,-1.1805692645152432,-0.7833696683721793,-0.4589899981886769,-0.39720339434420027,-0.5428432462633238,-0.3508634414608428,-0.41706337415135347,-0.5097432799180684,-0.6068365145308174,-0.6774497760673621,-0.8076429770253665,-0.8142629702944175,-0.7237897289507196,-0.858396258754758,0,0
0,0,1.0327151517708302,0.9532752325422175,1.0327151517708302,1.0371284806168644,1.019475165232728,0.9621018902342856,0.7745354142778387,0.5935889315904428,0.414849113326064,0.24714261717677027,0.07722945660445955,0.12798273833385107,0.24493595275375327,0.2890692412140937,0.25596927486883836,0.3949891335189108,0.4832557104395917,0.47001572390148955,0.6752355152420726,0.7304021258174982,0.6619955287039705,0.6862688373571577,0.812048709469128,0.6222755690896641,0.5450423142840684,1.017268500809711,0.8385286825453323,1.1761483392669367,1.597621244063188,1.387988123876571,1.0591951248470346,0.5913822671674258,0.14563605371798724,-0.06179040204561287,-0.2581835356941279,-0.3994100587672173,-0.467816655880745,-0.5803565414546131,-0.3795500789600641,-0.34865677703782577,-0.6068365145308174,-0.44575001165057476,-0.5075366154950514,-0.6995164202975324,-0.7877829972182132,-0.8297096212555367,-0.8319162856785537,-0.8716362452928601,-0.9356295135603537,-0.7679230174110601,-0.6399364808760728,-0.7193764001046855,-0.860602923177775,-0.5538765683784089,-0.5296032597252216,-0.6686231183752941,-0.9378361779833708,-0.7348230510658047,-0.49429662895694926,-0.4369233539585067,-0.5516699039553918,-0.43251002511247266,-0.3552767703068769,-0.41706337415135347,-0.22508356934887253,0.06398947006635741,0.12798273833385107,0.14563605371798724,0.23390263063866815,0.019856181606016966,-0.07282372416069798,-0.03310376454639157,-0.2140502472337874,-0.12357700589008949,-0.07944371742974905,-0.1655036299274129,-0.3310034616536896,-0.4479566760735918,-0.3552767703068769,-0.2427368847330087,-0.33541679049972367,-0.4082367164592854,-0.46119666261169395,-0.5384299174172897,-0.8319162856785537,-0.9532828289444899,-0.7436497087578728,-0.3883767366521322,-0.1919836030036172,-0.12137034146707247,-0.0948903683908682,0.04192282583618719,-0.28025017992429807,-0.4589899981886769,-0.5560832328014259,-0.7899896616412303,-0.9223895270222516,-1.0923026875945623,-1.262215848166873,-1.438749002008235,-1.4188890222010817,-1.0945093520175795,-0.5715298837625451,-0.2625968645401619,0.004409530644897808,-0.01986377800828944,-0.10592369050595332,-0.13902365685120865,0.00661619506791483,-0.015450449162255395,-0.24494354915602573,-0.3310034616536896,-0.3795500789600641,-0.41485670972833644,-0.7061364135665834,0,0
0,0,0.997408521002558,0.9400352460041154,0.8628019911985195,0.9554818969652344,1.0216818296557453,0.9841685344644557,0.7855687363929238,0.7193688037024131,0.5406289854380343,0.33320252967443414,0.12356940948781703,0.14784271814100428,0.17652935564022557,0.22066264410056602,0.26479593256090644,0.43029576428718314,0.4942890325546768,0.520769005630881,0.7701220854318046,0.9488619036961834,0.8959019575437749,0.8363220181223153,1.1011217488843579,1.1143617354224602,1.1364283796526304,1.3637148152233836,1.1651150171518516,1.3416481709932133,1.5314213113726773,1.3482681642622645,0.90693527965886,0.3994024623649448,0.13018940275686808,0.11915608064178297,-0.0353104289694086,-0.3067301530005024,-0.5318099241482387,-0.6289031587609877,-0.4854699712648812,-0.5318099241482387,-0.7149630712586516,-0.72820305779675365,-0.66420978952926,-0.666416453952277,-0.6951030914514983,-0.7502697020269239,-0.7723363462570941,-0.8186762991404516,-0.8716362452928601,-0.8230896279864857,-0.7215830645277026,-0.6752431116443451,-0.6244898299149536,-0.26039020011714487,-0.5163632731871195,-0.7833696683721793,-0.9841761308667283,-0.7568896952959749,-0.42589003184342156,-0.4589899981886769,-0.7855763327951962,-0.7944029904872644,-0.42147670299738754,-0.3023168241544683,-0.3795500789600641,-0.03310376454639157,0.11915608064178297,0.22066264410056602,0.40160912678796185,0.1323960671798851,-0.013243784739238372,-0.09047703954483416,-0.2405302203099917,-0.017657113585272416,0.0022028662218807854,-0.09709703281388522,-0.16771029435042994,-0.39279006549816625,-0.35307010588385984,-0.2339102270409406,-0.20522358954171932,-0.27142352223223,-0.3751367501140301,-0.47443664914979605,-0.5119499443410854,-0.5516699039553918,-0.5207766020331536,-0.3310034616536896,-0.10813035492897034,-0.1434369856972427,-0.19860359627266827,-0.1655036299274129,-0.1831569453115491,-0.35748343472989386,-0.4876766356878982,-0.6200765010689195,-0.6068365145308174,-0.7921963260642473,-1.0923026875945623,-1.3438624318185028,-1.2776624991279923,-0.9422495068294048,-0.4082367164592854,0.0022028662218807854,0.10370942968066382,0.09488277198859572,-0.11254368377500439,-0.22287690492585552,0.028682839298085055,0.09488277198859572,-0.0022104626241532597,-0.015450449162255395,-0.1655036299274129,-0.21625691165680444,-0.31555681069257047,0,0
0,0,1.017268500809711,0.9687218835033367,0.8583886623524855,0.9025219508128259,0.8914886286977408,0.8010153873540429,0.7193688037024131,0.7833620719699067,0.6818555085111238,0.27141592582995755,-0.041930422238459664,0.0816427854504936,0.08826277871954466,0.16770269794815748,0.2780359190990086,0.322169207559349,0.32437587198236606,0.5075290190927789,0.904728615235843,1.2820682315717538,1.2842748959947707,1.2291082854193454,1.4431547344519964,1.9308275719387584,1.9197942498236733,2.1360473632793413,2.383193778657248,2.239760591161142,2.058814108473746,1.6814744921378348,1.09229509119229,0.3574758383276214,0.03750949699015314,-0.026483771277340508,-0.18095028088853207,-0.3310034616536896,-0.569323219339528,-0.673036447221328,-0.6333164876070216,-0.6222831654919365,-0.562703226070477,-0.5935965279927152,-0.6995164202975324,-0.761303024142009,-0.7657163529880431,-0.761303024142009,-0.8319162856785537,-0.7988163193332983,-0.7767496751031282,-0.754683030872958,-0.7789563395261452,-0.7304097222197706,-0.5935965279927152,-0.35748343472989386,-0.6708297827983111,-0.6884830981824472,-0.6620031251062429,-0.6068365145308174,-0.26701019338619597,-0.45237000491962587,-0.8164696347174345,-0.964316151059575,-0.6443498097221068,-0.49429662895694926,-0.43251002511247266,-0.16771029435042994,0.00661619506791483,0.2294893017926341,0.32878920082840013,0.0529561479512723,-0.004417127047170282,-0.09268370396785118,-0.10592369050595332,0.11253608737273191,0.19859599987039578,0.06398947006635741,-0.1434369856972427,-0.4567833337656599,-0.2405302203099917,-0.12799033473612353,-0.18095028088853207,-0.22729023377188956,-0.2405302203099917,-0.3795500789600641,-0.5119499443410854,-0.5097432799180684,-0.3751367501140301,-0.2030169251187023,0.019856181606016966,-0.044137086661476685,-0.19419026742663423,-0.21846357607982148,-0.13240366358215758,-0.40603005203626835,-0.5847698703006472,-0.659796460683226,-0.5362232529942726,-0.569323219339528,-0.851776265485707,-1.0878893587485283,-0.9665228154825921,-0.8407429433706218,-0.45016334049660883,-0.08165038185276607,-0.0948903683908682,0.08826277871954466,0.04854281910523826,-0.10813035492897034,-0.075030388583715,0.07722945660445955,0.09046944314256168,0.05957614122032337,0.03750949699015314,-0.10813035492897034,-0.26480352896317894,0,0
0,0,0.9709285479263536,1.0547817960010004,1.004028514271609,0.9665152190803196,0.909141944081877,0.7833620719699067,0.7833620719699067,0.8848686354286898,0.9223819306199792,0.4082291200570129,-0.022070442431306462,-0.03089710012337455,0.06840279891239145,0.18535601333229365,0.24272928833073623,0.20300932871642982,0.25596927486883836,0.520769005630881,1.0106485075406602,1.5446612979107794,1.6594078479076646,1.4696347075282008,1.5402479690647455,2.2154872825079543,2.5266269661533545,3.151112997867172,3.647612493046002,2.873073280567027,2.6148935430740354,2.0080608267443543,1.3372348421471794,0.6531688710119025,0.11915608064178297,-0.20963691838775336,-0.3949967299211833,-0.3994100587672173,-0.6024231856847834,-0.66420978952926,-0.569323219339528,-0.6686231183752941,-0.4589899981886769,-0.40382338761325137,-0.5560832328014259,-0.5759432126085791,-0.5980098568387493,-0.66420978952926,-0.8010229837563154,-0.7921963260642473,-0.7745430106801111,-0.8186762991404516,-0.8870828962539793,-0.7568896952959749,-0.7083430779896005,-0.7017230847205493,-0.761303024142009,-0.6686231183752941,-0.659796460683226,-0.5340165885712557,-0.14564365012025973,-0.36410342799894496,-0.6509698029911579,-0.7524763664499409,-0.5207766020331536,-0.41265004530531946,-0.22067024050283848,0.08826277871954466,0.2493492815997873,0.18756267775531069,0.10370942968066382,-0.05958373762259584,-0.03089710012337455,-0.1632969655043959,-0.16991695877344698,-3.7982011362372927e-6,0.18756267775531069,0.06178280564334039,-0.19639693184965124,-0.40603005203626835,-0.17874361646551506,-0.07282372416069798,-0.12578367031310653,-0.18977693858060016,-0.041930422238459664,-0.17433028761948102,-0.43471668953548964,-0.5406365818403067,-0.22949689819490657,-0.08606371069880012,0.05074948352825528,0.11253608737273191,-0.0948903683908682,-0.11254368377500439,-0.14123032127422566,-0.4567833337656599,-0.36410342799894496,-0.5406365818403067,-0.7061364135665834,-0.66420978952926,-0.6951030914514983,-0.9113562049071665,-1.0283094193270688,-0.8870828962539793,-0.45457666934264285,-0.2030169251187023,-0.17433028761948102,0.06619613448937443,0.046336154682221235,-0.07061705973768095,-0.11916367704405545,0.1015027652576468,0.12798273833385107,0.12136274506479999,0.14342938929497023,-0.01103712031622135,-0.26701019338619597,0,0
0,0,0.9775485411954047,1.1231883931145281,1.094501755615307,0.9841685344644557,0.9245885950429962,0.9290019238890302,0.9510685681192005,0.9598952258112685,0.7458487767786174,0.18535601333229365,-0.06841039531466393,-0.09930369723690224,0.0816427854504936,0.27141592582995755,0.3111358854442639,0.26038260371487243,0.27141592582995755,0.5031156902467449,1.0106485075406602,1.498321345027422,1.6329278748314604,1.6572011834846476,1.58879458637112,1.9771675248221159,2.8134933411455676,2.7340534219169546,2.570760254613695,2.2000406315468353,2.2309339334690734,1.6682345055997327,1.1651150171518516,0.7635020921627536,-0.08165038185276607,-0.31776347511558745,-0.48326330684186414,-0.5097432799180684,-0.4280966962664386,-0.3994100587672173,-0.46340332703471093,-0.6531764674141749,-0.5141566087641025,-0.5318099241482387,-0.5362232529942726,-0.3994100587672173,-0.48988330011091524,-0.5538765683784089,-0.6840697693364132,-0.8208829635634686,-0.8186762991404516,-0.8230896279864857,-0.8164696347174345,-0.6752431116443451,-0.6818631049133962,-0.6818631049133962,-0.7039297491435664,-0.6973097558745154,-0.66420978952926,-0.4788499779958301,-0.16771029435042994,-0.2868701731933492,-0.40382338761325137,-0.38175674338308113,-0.1919836030036172,-0.05296374435354478,0.004409530644897808,0.12356940948781703,0.21404265083151494,-0.05958373762259584,-0.05296374435354478,-0.024277106854323483,0.004409530644897808,-0.22067024050283848,-0.15447030781232782,-0.08606371069880012,-0.07282372416069798,-0.2118435828107704,-0.2868701731933492,-0.3310034616536896,-0.2339102270409406,-0.048550415507510734,0.046336154682221235,0.0330961681441191,-0.017657113585272416,-0.1346103280051746,-0.32438346838463855,-0.45016334049660883,-0.17874361646551506,-0.3552767703068769,-0.2140502472337874,0.03750949699015314,-0.03972375781544264,0.08384944987351062,0.13018940275686808,-0.026483771277340508,-0.15226364338931078,-0.5296032597252216,-0.9312161847143198,-1.1187826606707667,-0.9179761981762176,-0.8098496414483835,-0.8473629366396729,-0.763509688565026,-0.2934901664624002,0.08826277871954466,0.17873602006324257,0.1390160604489362,0.07502279218144253,0.03750949699015314,0.039716161413170165,0.19418267102436174,0.19418267102436174,0.11694941621876595,0.14342938929497023,0.15887604025608937,-0.13240366358215758,0,0
0,0,0.9598952258112685,0.9267952594660132,1.019475165232728,0.9510685681192005,0.9444485748501493,1.1231883931145281,0.9952018565795409,0.8605953267755025,0.61786224024363,0.13460273160290212,-0.07282372416069798,-0.19419026742663423,-0.2118435828107704,0.06619613448937443,0.08384944987351062,0.11032942294971489,0.22066264410056602,0.47884238159355763,1.0216818296557453,1.4144680969527752,1.5512812911798306,1.7300211094442093,1.5380413046417285,1.498321345027422,1.780774391173601,1.3659214796464008,1.2732415738796856,0.9753418767723877,0.615655575820613,0.2493492815997873,0.3751291537117576,0.2625892681378894,-0.4280966962664386,-0.26701019338619597,-0.37734341453704706,-0.5362232529942726,-0.4303033606894556,-0.370723421267996,-0.4104433808823024,-0.5450499106863408,-0.5781498770315961,-0.5715298837625451,-0.43471668953548964,-0.2979034953084343,-0.45016334049660883,-0.5031232866490174,-0.7392363799118388,-0.9356295135603537,-0.7899896616412303,-0.7480630376039068,-0.6355231520300387,-0.5141566087641025,-0.6002165212617664,-0.5781498770315961,-0.5913898635696982,-0.6311098231840047,-0.4766433135728131,-0.3310034616536896,-0.18757027415758315,-0.1632969655043959,-0.2317035626179236,-0.12357700589008949,0.03750949699015314,0.08605611429652764,0.0529561479512723,0.04854281910523826,0.019856181606016966,-0.21846357607982148,0.046336154682221235,0.18535601333229365,0.05516281237428933,-0.27142352223223,-0.044137086661476685,-0.02869043570035753,-0.15226364338931078,-0.20743025396473636,-0.20522358954171932,-0.26701019338619597,-0.31555681069257047,-0.17874361646551506,-0.1346103280051746,-0.1147503481980214,-0.09930369723690224,-0.07061705973768095,-0.0353104289694086,-0.05958373762259584,-0.09709703281388522,-0.2979034953084343,-0.1831569453115491,-0.08827037512181714,-0.11254368377500439,0.044129490259204214,0.01544285275998292,-0.12799033473612353,-0.3221768039616215,-0.49870995780298333,-0.6531764674141749,-0.8782562385619112,-1.037136077019137,-0.9599028222135411,-0.7017230847205493,-0.5185699376101365,-0.16771029435042994,0.317755878713315,0.36850916044270654,0.2316959662156511,0.1897693421783277,0.24052262390771922,0.15887604025608937,0.0728161277584255,0.09488277198859572,-0.03972375781544264,0.04192282583618719,0.18756267775531069,-0.20081026069568528,0,0
0,0,0.5957955960134599,0.7767420787008557,0.9819618700414388,0.9863751988874728,0.9598952258112685,0.9885818633104898,0.904728615235843,0.7966020585080089,0.611242246974579,0.2625892681378894,-0.14785031454327674,-0.27583685107826406,-0.3265901328076556,-0.2317035626179236,-0.2118435828107704,-0.16991695877344698,0.06398947006635741,0.5318023277459661,1.105535077730392,1.4343280767599285,1.4872880229123369,1.4453613988750136,1.410054768106741,1.4519813921440645,1.297514882532873,0.6995088238952599,0.7281954613944812,0.2978958989061618,-0.10813035492897034,-0.048550415507510734,-0.20963691838775336,-0.3398301193457577,-0.6421431452990898,-0.47443664914979605,-0.33541679049972367,-0.3905834010751492,-0.44133668280454075,-0.4589899981886769,-0.4192700385743705,-0.4567833337656599,-0.5450499106863408,-0.562703226070477,-0.3949967299211833,-0.2824568443473151,-0.31335014626955343,-0.3265901328076556,-0.6752431116443451,-0.8870828962539793,-0.7436497087578728,-0.7083430779896005,-0.6818631049133962,-0.6068365145308174,-0.5715298837625451,-0.4920899645339322,-0.39279006549816625,-0.45016334049660883,-0.5251899308791876,-0.36410342799894496,-0.2625968645401619,-0.20522358954171932,-0.2780435155012811,-0.2868701731933492,-0.1147503481980214,0.046336154682221235,0.03750949699015314,-0.11695701262103843,-0.004417127047170282,0.10370942968066382,0.1610827046791064,0.2537626104458213,0.08826277871954466,-0.20081026069568528,-3.7982011362372927e-6,0.01764951718299994,-0.05737707319957882,-0.12137034146707247,-0.1434369856972427,-0.18977693858060016,-0.3265901328076556,-0.3751367501140301,-0.19860359627266827,-0.20743025396473636,-0.16109030108137887,0.05516281237428933,0.21845597967754898,0.17652935564022557,0.028682839298085055,-0.09268370396785118,0.0330961681441191,-0.075030388583715,-0.20963691838775336,-0.15447030781232782,-0.32438346838463855,-0.5450499106863408,-0.6840697693364132,-0.5516699039553918,-0.4920899645339322,-0.7855763327951962,-1.1386426404779197,-1.2313225462446349,-0.7193764001046855,-0.5185699376101365,-0.3618967635759279,0.20300932871642982,0.3464425162125363,0.32437587198236606,0.29348257006012773,0.08605611429652764,-0.02869043570035753,-0.09709703281388522,-0.09930369723690224,-0.2427368847330087,-0.5075366154950514,-0.44575001165057476,-0.35748343472989386,0,0
0,0,0.4369157575562342,0.6862688373571577,0.9665152190803196,1.2622082517646007,1.4740480363742348,1.3239948556090773,0.9731352123493707,0.7921887296619748,0.6708221863960386,0.4060224556339959,-0.024277106854323483,-0.15667697223534482,-0.35307010588385984,-0.39720339434420027,-0.19860359627266827,0.039716161413170165,0.2383159594847022,0.5494556431301023,1.0305084873478132,1.5203879892575922,1.5534879556028476,1.399021445991656,1.394608117145622,1.4740480363742348,1.3284081844551112,1.0459551383089325,0.9488619036961834,0.5649022940912215,0.15666937583307236,-0.0022104626241532597,-0.5538765683784089,-0.4788499779958301,-0.43471668953548964,-0.4589899981886769,-0.31555681069257047,-0.3023168241544683,-0.3795500789600641,-0.44133668280454075,-0.4854699712648812,-0.5406365818403067,-0.5759432126085791,-0.5737365481855621,-0.45237000491962587,-0.3905834010751492,-0.3420367837687747,-0.3199701395386045,-0.6620031251062429,-0.8142629702944175,-0.7524763664499409,-0.5715298837625451,-0.5913898635696982,-0.562703226070477,-0.48326330684186414,-0.40161672319023434,-0.13019699915914057,-0.18536360973456611,-0.3949967299211833,-0.3751367501140301,-0.4303033606894556,-0.4192700385743705,-0.3751367501140301,-0.33321012607670664,-0.1655036299274129,-0.01986377800828944,-0.026483771277340508,-0.28907683761636616,-3.7982011362372927e-6,0.04192282583618719,-0.06179040204561287,0.20742265756246386,0.22507597294660006,0.21624931525453198,0.2824492479450426,0.20300932871642982,0.0529561479512723,-0.07944371742974905,-0.20081026069568528,-0.19639693184965124,-0.3905834010751492,-0.4192700385743705,-0.13019699915914057,-0.17874361646551506,-0.4479566760735918,-0.3905834010751492,0.10812275852669787,0.17652935564022557,0.06619613448937443,-0.10592369050595332,-0.20963691838775336,-0.32438346838463855,-0.3265901328076556,-0.3221768039616215,-0.56049656164746,-0.7061364135665834,-0.6973097558745154,-0.5980098568387493,-0.5759432126085791,-0.763509688565026,-0.9819694664437112,-0.9356295135603537,-0.6002165212617664,-0.7326163866427877,-0.5318099241482387,-0.01103712031622135,0.19418267102436174,0.07502279218144253,-0.07723705300673202,-0.1831569453115491,-0.13019699915914057,-0.16771029435042994,-0.16771029435042994,-0.19639693184965124,-0.5428432462633238,-0.5163632731871195,-0.368516756844979,0,0
0,0,0.42146910659511505,0.6068289181285449,0.7789487431238727,0.9598952258112685,1.2820682315717538,1.1739416748439198,0.9267952594660132,0.7921887296619748,0.5340089921689832,0.26479593256090644,-0.0022104626241532597,-0.09709703281388522,-0.2515635424250768,-0.23611689146395765,-0.06399706646862989,0.11474275179574893,0.38174914698080864,0.5693156229372556,0.8274953604302472,1.4475680632980306,1.7454677604053286,1.6682345055997327,1.5292146469496604,1.5027346738734562,1.2445549363804644,1.0569884604240176,1.0349218161938474,1.0680217825391027,0.5472489787070853,0.0728161277584255,-0.2625968645401619,-0.3618967635759279,-0.33762345492274065,-0.35748343472989386,-0.35307010588385984,-0.3023168241544683,-0.3310034616536896,-0.42589003184342156,-0.5362232529942726,-0.6090431789538344,-0.6112498433768515,-0.5450499106863408,-0.44133668280454075,-0.45016334049660883,-0.44575001165057476,-0.48326330684186414,-0.7568896952959749,-0.7458563731808898,-0.5803565414546131,-0.46119666261169395,-0.5825632058776302,-0.5053299510720344,-0.2625968645401619,-0.07944371742974905,-0.08165038185276607,-0.26480352896317894,-0.3994100587672173,-0.43471668953548964,-0.5075366154950514,-0.42147670299738754,-0.2515635424250768,-0.13681699242819162,-0.10592369050595332,-0.09930369723690224,-0.10371702608293629,-0.19419026742663423,0.03530283256713612,-0.12578367031310653,-0.22729023377188956,0.15887604025608937,0.16770269794815748,0.2868625767910767,0.39278246909589376,0.3354091940974512,0.11694941621876595,-0.01986377800828944,-0.09047703954483416,-0.1346103280051746,-0.2824568443473151,-0.2405302203099917,-0.02869043570035753,-0.03089710012337455,-0.24935687800205977,-0.1831569453115491,0.08605611429652764,-0.0022104626241532597,-0.017657113585272416,-0.09268370396785118,-0.17874361646551506,-0.25597687127111085,-0.26480352896317894,-0.2427368847330087,-0.31335014626955343,-0.5075366154950514,-0.5009166222260003,-0.5163632731871195,-0.6244898299149536,-0.5296032597252216,-0.6796564404903792,-0.754683030872958,-0.66420978952926,-0.9135628693301835,-0.4369233539585067,0.05516281237428933,-0.024277106854323483,-0.09930369723690224,-0.1919836030036172,-0.17653695204249803,0.019856181606016966,-0.008830455893204327,-0.017657113585272416,-0.046343751084493706,-0.24715021357904277,-0.19639693184965124,-0.28907683761636616,0,0
0,0,0.4347090931332172,0.6399288844738003,0.7281954613944812,0.7568820988937025,0.8517686690834344,0.5803489450523407,0.5935889315904428,0.706128817164311,0.48104904601657467,0.30010256332917884,0.011029523913948874,-0.15005697896629377,-0.03751709339242562,0.0330961681441191,0.08826277871954466,0.20521599313944686,0.5825556094753577,0.9907885277335069,1.2401416075344305,1.5027346738734562,1.8690409680942819,1.880074290209367,1.7476744248283456,1.6594078479076646,1.306341540224941,1.3085482046479582,1.306341540224941,1.3239948556090773,0.7546754344706854,0.23610929506168515,-0.06399706646862989,-0.19639693184965124,-0.2780435155012811,-0.2427368847330087,-0.2581835356941279,-0.26039020011714487,-0.2868701731933492,-0.44133668280454075,-0.5781498770315961,-0.5825632058776302,-0.5163632731871195,-0.4766433135728131,-0.44133668280454075,-0.46560999145772797,-0.6024231856847834,-0.6620031251062429,-0.7436497087578728,-0.7944029904872644,-0.5825632058776302,-0.5273965953022046,-0.7105497424126175,-0.6973097558745154,-0.34865677703782577,-0.18757027415758315,-0.3111434818465364,-0.39279006549816625,-0.5958031924157323,-0.5803565414546131,-0.4567833337656599,-0.2979034953084343,-0.07061705973768095,0.11474275179574893,0.02426951045205101,-0.30452348857748535,-0.13681699242819162,0.044129490259204214,0.079436121027476575,0.0330961681441191,0.17873602006324257,0.4038157912109789,0.3464425162125363,0.3464425162125363,0.39719579794192783,0.40160912678796185,0.3663024960196895,0.23390263063866815,0.0330961681441191,-0.07061705973768095,0.01764951718299994,0.0816427854504936,0.15666937583307236,0.14342938929497023,-0.026483771277340508,0.2294893017926341,0.17432269121720853,-0.22067024050283848,0.05074948352825528,0.18535601333229365,0.15446271141005533,0.0816427854504936,-3.7982011362372927e-6,-0.07282372416069798,-0.19860359627266827,-0.35748343472989386,-0.23832355588697465,-0.2030169251187023,-0.16109030108137887,-0.06179040204561287,-0.40603005203626835,-0.5538765683784089,-0.6200765010689195,-0.7899896616412303,-0.40603005203626835,-0.05737707319957882,0.0022028662218807854,0.030889503721102076,0.07060946333540848,0.1699093623711745,0.2868625767910767,0.21845597967754898,0.20742265756246386,0.1699093623711745,0.07722945660445955,-0.03310376454639157,-0.09709703281388522,0,0
0,0,0.41043578448002993,0.6024155892825109,0.6333088912047492,0.6730288508190556,0.6818555085111238,0.4391224219792512,0.5781422806293236,0.7348154546635323,0.6443422133198343,0.5715222873602726,0.16770269794815748,-0.16771029435042994,-0.14564365012025973,0.079436121027476575,0.23610929506168515,0.3949891335189108,0.7701220854318046,1.2423482719574475,1.3659214796464008,1.5137679959885413,1.8293210084799754,1.8204943507879072,1.6660278411767158,1.396814781568639,1.0834684335002218,1.4409480700289794,1.3328215133011454,1.0437484738859153,0.900315286389809,0.5075290190927789,0.22507597294660006,0.022062846029033988,-0.3067301530005024,-0.22287690492585552,-0.3618967635759279,-0.4854699712648812,-0.26701019338619597,-0.45237000491962587,-0.66420978952926,-0.7149630712586516,-0.5582898972244429,-0.6156631722228855,-0.5163632731871195,-0.42147670299738754,-0.6884830981824472,-0.6156631722228855,-0.4965032933799663,-0.5450499106863408,-0.5825632058776302,-0.6200765010689195,-0.6443498097221068,-0.5428432462633238,-0.3199701395386045,-0.32438346838463855,-0.3552767703068769,-0.044137086661476685,-0.48326330684186414,-0.4965032933799663,-0.2824568443473151,-0.13019699915914057,-0.03310376454639157,0.15004938256402128,0.24493595275375327,0.008822859490931853,0.19859599987039578,0.31996254313633204,0.2625892681378894,0.315549214290298,0.41705577774908104,0.6200689046666471,0.6531688710119025,0.4589824017864044,0.47001572390148955,0.3574758383276214,0.24493595275375327,0.3354091940974512,0.12136274506479999,-0.006623791470187304,0.12136274506479999,0.12356940948781703,0.17211602679419152,0.19418267102436174,0.09708943641161275,0.39278246909589376,0.5097356835157959,0.32878920082840013,0.34202918736650223,0.5671089585142386,0.5582823008221705,0.3861624758268427,0.22066264410056602,0.21404265083151494,0.15446271141005533,-0.006623791470187304,0.030889503721102076,0.039716161413170165,0.11253608737273191,0.19859599987039578,-0.026483771277340508,-0.1632969655043959,-0.0838570462757831,-0.024277106854323483,-0.05296374435354478,0.16328936910212344,0.2493492815997873,0.29348257006012773,0.39278246909589376,0.35306250948158735,0.3707158248657235,0.3751291537117576,0.35306250948158735,0.34202918736650223,0.3861624758268427,0.38174914698080864,0.20521599313944686,0,0
0,0,0.6509622065888854,0.7215754681254302,0.5494556431301023,0.5737289517832896,0.6002089248594938,0.5295956633229492,0.609035582551562,0.8517686690834344,0.9267952594660132,0.7701220854318046,0.41705577774908104,0.14784271814100428,0.01764951718299994,0.1412227248719532,0.41264244890304697,0.38174914698080864,0.518562341207864,1.112155070999443,1.2202816277272772,1.5159746604115583,1.8072543642498051,1.6483745257925795,1.6064479017552562,1.19600831907409,0.807635380623094,1.0812617690772048,0.7877754008159408,0.7612954277397365,0.9753418767723877,0.7767420787008557,0.5318023277459661,0.2780359190990086,-0.004417127047170282,-0.046343751084493706,-0.41485670972833644,-0.56049656164746,-0.21625691165680444,-0.2868701731933492,-0.4236833674204046,-0.43471668953548964,-0.35748343472989386,-0.7348230510658047,-0.562703226070477,-0.35307010588385984,-0.4788499779958301,-0.28907683761636616,-0.09268370396785118,-0.05296374435354478,-0.3023168241544683,-0.3398301193457577,-0.32879679723067257,-0.273630186655247,-0.21625691165680444,-0.06620373089164691,-0.017657113585272416,0.046336154682221235,-0.21625691165680444,-0.17433028761948102,-0.044137086661476685,0.06619613448937443,0.2118359864084979,0.36188916717365543,0.5384223210150172,0.5715222873602726,0.5891756027444087,0.609035582551562,0.5538689719761364,0.5803489450523407,0.7370221190865492,0.904728615235843,0.9422419104271323,0.7039221527412939,0.8208753671611961,0.47001572390148955,0.2581759392918554,0.4457424152483023,0.31996254313633204,0.19859599987039578,0.2670025969839235,0.36409583159667247,0.18756267775531069,0.24714261717677027,0.3861624758268427,0.5450423142840684,0.7877754008159408,0.7480554412016344,0.609035582551562,0.7701220854318046,0.7877754008159408,0.7723287498548216,0.6774421796650897,0.6024155892825109,0.7723287498548216,0.7657087565857705,0.511942347938813,0.2581759392918554,0.2118359864084979,0.3376158585204682,0.47001572390148955,0.3067225565982299,0.20742265756246386,0.2096293219854809,0.18535601333229365,0.4722223883245066,0.3839558114038257,0.22507597294660006,0.22507597294660006,0.17652935564022557,0.28465591236805965,0.3376158585204682,0.19197600660134473,0.07722945660445955,0.27362259025297453,0.419262442172098,0.21845597967754898,0,0
0,0,0.9885818633104898,1.0459551383089325,0.818668702738179,0.9554818969652344,0.9025219508128259,0.7855687363929238,0.6928888306262089,0.9223819306199792,1.0106485075406602,0.8319086892762813,0.51414901236183,0.5516623075531194,0.51414901236183,0.47884238159355763,0.5781422806293236,0.5803489450523407,0.6531688710119025,0.9488619036961834,0.9929951921565239,1.3504748286852815,1.4586013854131157,1.2688282450336517,1.3659214796464008,1.0636084536930686,0.7877754008159408,0.8672153200445536,0.7657087565857705,0.8782486421596387,1.0238884940787623,0.9444485748501493,0.710542146010345,0.4435357508252853,0.18756267775531069,0.028682839298085055,-0.19639693184965124,-0.3464501126148088,-0.2030169251187023,-0.05958373762259584,-0.14785031454327674,-0.10813035492897034,-0.0353104289694086,-0.3398301193457577,0.01764951718299994,0.004409530644897808,-0.1346103280051746,0.09929610083462978,0.11694941621876595,0.13680939602591916,0.09708943641161275,0.19638933544737877,0.06398947006635741,-0.02869043570035753,-0.004417127047170282,0.36188916717365543,0.13460273160290212,0.10812275852669787,0.18756267775531069,0.14784271814100428,0.24493595275375327,0.4038157912109789,0.5693156229372556,0.5494556431301023,0.7590887633167195,0.8672153200445536,0.7326087902405152,0.8848686354286898,0.7414354479325833,0.7281954613944812,1.0569884604240176,1.0856750979232388,1.0503684671549665,0.90693527965886,0.8782486421596387,0.6024155892825109,0.5891756027444087,0.7811554075468897,0.6531688710119025,0.42146910659511505,0.3795424825577916,0.5384223210150172,0.29127590563711075,0.20742265756246386,0.2824492479450426,0.46560239505545553,0.7988087229310259,0.8628019911985195,0.7767420787008557,0.7723287498548216,0.8385286825453323,0.9996151854255749,0.9863751988874728,0.7966020585080089,0.7745354142778387,0.7657087565857705,0.6443422133198343,0.40160912678796185,0.2294893017926341,0.2316959662156511,0.36188916717365543,0.38174914698080864,0.15004938256402128,0.11915608064178297,0.20521599313944686,0.3574758383276214,0.2008026642934128,0.09929610083462978,0.0529561479512723,-0.01103712031622135,0.08826277871954466,0.10370942968066382,0.019856181606016966,-0.07282372416069798,0.044129490259204214,0.05736947679730635,-0.11254368377500439,0,0
0,0.9598952258112685,1.0260951585017792,0.8914886286977408,0.8363220181223153,1.2246949565733112,1.1673216815748686,1.105535077730392,1.0569884604240176,0.9775485411954047,0.8936952931207579,0.7701220854318046,0.5737289517832896,0.7304021258174982,0.6906821662031918,0.8208753671611961,1.0371284806168644,1.098915084461341,1.1342217152296132,1.1607016883058177,1.0768484402311707,1.2291082854193454,1.112155070999443,0.8694219844675706,0.7833620719699067,0.6818555085111238,0.7039221527412939,0.7237821325484471,0.7326087902405152,0.9422419104271323,0.9444485748501493,0.807635380623094,0.6774421796650897,0.4038157912109789,0.2008026642934128,0.08826277871954466,0.22066264410056602,-0.1655036299274129,-0.22508356934887253,-0.050757079930527756,-0.0838570462757831,-0.22067024050283848,-0.17874361646551506,-0.10592369050595332,0.15004938256402128,0.019856181606016966,0.05957614122032337,0.29348257006012773,-0.08827037512181714,0.0529561479512723,0.2824492479450426,0.4854623748626087,0.29568923448314477,0.1809426844862596,0.08384944987351062,0.11253608737273191,-0.22729023377188956,0.07722945660445955,0.3067225565982299,0.022062846029033988,0.24493595275375327,0.3994024623649448,0.5649022940912215,0.5516623075531194,0.6399288844738003,0.6818555085111238,0.6973021594722428,0.8981086219667919,0.7017154883182769,0.6002089248594938,0.6862688373571577,0.7458487767786174,0.9290019238890302,0.7921887296619748,0.6046222537055279,0.6862688373571577,0.6862688373571577,0.708335481587328,0.6597888642809535,0.5163556767848471,0.21404265083151494,0.17211602679419152,0.33320252967443414,0.2978958989061618,0.2670025969839235,0.3508558450585703,0.5935889315904428,0.8495620046604174,0.8341153536992982,0.7502621056246515,0.7679154210087876,0.8936952931207579,0.7568820988937025,0.5340089921689832,0.46118906620942146,0.49870236140071084,0.5295956633229492,0.48104904601657467,0.29568923448314477,0.01544285275998292,0.07060946333540848,0.20742265756246386,0.008822859490931853,-0.004417127047170282,0.13018940275686808,0.19638933544737877,-0.05737707319957882,0.011029523913948874,0.0728161277584255,0.14342938929497023,0.25596927486883836,0.15004938256402128,-0.0022104626241532597,-0.0948903683908682,-0.13681699242819162,-0.044137086661476685,-0.046343751084493706,0,0
0,0.9907885277335069,1.301928211378907,1.0415418094628983,0.9885818633104898,1.2776549027257198,1.1253950575375453,1.0878817623462558,1.0856750979232388,1.0216818296557453,0.8981086219667919,0.8936952931207579,0.9819618700414388,1.0900884267692728,0.8451486758143834,0.9907885277335069,1.3438548354162305,1.4365347411829454,1.198214983497107,1.198214983497107,1.1629083527288346,1.0327151517708302,0.8517686690834344,0.6950954950492259,0.5582823008221705,0.47884238159355763,0.5075290190927789,0.4236757710181321,0.27582925467599156,0.34864918063555334,0.39278246909589376,0.3839558114038257,0.3552691739046044,0.17211602679419152,0.19638933544737877,0.15887604025608937,0.05074948352825528,-0.33762345492274065,-0.38175674338308113,-0.29569683088541726,-0.33762345492274065,-0.6200765010689195,-0.3464501126148088,-0.07944371742974905,-0.07061705973768095,-0.3111434818465364,-0.27583685107826406,-0.10592369050595332,-0.20522358954171932,0.02426951045205101,0.2008026642934128,0.21845597967754898,0.13680939602591916,0.31334254986728094,0.15887604025608937,-0.22949689819490657,-0.6906897626054642,-0.43251002511247266,-0.368516756844979,-0.40603005203626835,0.05736947679730635,0.17873602006324257,0.19638933544737877,0.2978958989061618,0.36188916717365543,0.3552691739046044,0.4920823681316598,0.6509622065888854,0.5251823344769151,0.51414901236183,0.5626956296682045,0.5957955960134599,0.712748810433362,0.4633957306324385,0.41705577774908104,0.7590887633167195,0.6024155892825109,0.5538689719761364,0.5384223210150172,0.5273889988999322,0.39278246909589376,0.3552691739046044,0.42146910659511505,0.419262442172098,0.4038157912109789,0.3905758046728767,0.47884238159355763,0.712748810433362,0.7326087902405152,0.6818555085111238,0.613448911397596,0.5604889652451874,0.4038157912109789,0.29568923448314477,0.2118359864084979,0.16549603352514045,0.1897693421783277,0.17211602679419152,0.16770269794815748,0.12136274506479999,-0.01986377800828944,0.05957614122032337,0.14784271814100428,0.08384944987351062,0.0816427854504936,0.0529561479512723,-0.1346103280051746,0.026476174875068034,-0.03310376454639157,0.00661619506791483,0.1809426844862596,0.10370942968066382,-3.7982011362372927e-6,-0.11695701262103843,-0.15447030781232782,-0.03089710012337455,0.05074948352825528,0,0
0,0.915761937350928,1.1320150508065963,1.0371284806168644,1.1496683661907325,1.2732415738796856,1.1783550036899537,1.2224882921502942,1.1474617017677153,1.1276017219605623,1.2246949565733112,1.3394415065701963,1.1452550373446984,0.997408521002558,0.8738353133136046,0.7943953940849918,0.9378285815810983,1.1320150508065963,1.09229509119229,1.1298083863835793,1.0437484738859153,0.7502621056246515,0.4589824017864044,0.46118906620942146,0.4060224556339959,0.3023092277521958,0.22066264410056602,0.00661619506791483,-0.13902365685120865,-0.12799033473612353,-0.03751709339242562,-0.013243784739238372,-0.048550415507510734,-0.0948903683908682,-0.07944371742974905,-0.22508356934887253,-0.33762345492274065,-0.4854699712648812,-0.5737365481855621,-0.5031232866490174,-0.43251002511247266,-0.5318099241482387,-0.28907683761636616,-0.11916367704405545,-0.10813035492897034,-0.2118435828107704,-0.31555681069257047,-0.26039020011714487,-0.1434369856972427,0.03530283256713612,0.27582925467599156,0.2978958989061618,0.1809426844862596,0.28024258352202563,0.2118359864084979,-0.046343751084493706,-0.33541679049972367,-0.3596900991529109,-0.3618967635759279,-0.3508634414608428,-0.03089710012337455,0.37292248928874056,0.33320252967443414,0.24272928833073623,0.22728263736961707,0.16549603352514045,0.32878920082840013,0.4876690392856257,0.4832557104395917,0.4523624085173534,0.6597888642809535,0.6597888642809535,0.4942890325546768,0.4766357171705406,0.5560756363991535,0.6928888306262089,0.511942347938813,0.5450423142840684,0.6266888979356982,0.6642021931269875,0.5803489450523407,0.5494556431301023,0.5913822671674258,0.5318023277459661,0.4567757373633874,0.4766357171705406,0.47884238159355763,0.5560756363991535,0.61786224024363,0.6024155892825109,0.5582823008221705,0.4567757373633874,0.24714261717677027,0.23390263063866815,0.13680939602591916,0.004409530644897808,0.2118359864084979,0.14784271814100428,0.20742265756246386,0.4369157575562342,0.1699093623711745,0.08605611429652764,0.09046944314256168,0.044129490259204214,0.03530283256713612,0.10591609410368084,0.2316959662156511,0.37292248928874056,0.1015027652576468,-0.01986377800828944,-0.017657113585272416,-0.10371702608293629,0.011029523913948874,0.07502279218144253,0.0529561479512723,0.04192282583618719,0.2096293219854809,0,0
0,0.7855687363929238,0.706128817164311,0.6355155556277662,0.8826619710056728,1.0349218161938474,1.0569884604240176,1.1584950238828005,1.1364283796526304,1.019475165232728,1.008441843117643,1.198214983497107,1.0746417758081537,0.8672153200445536,0.8605953267755025,0.7326087902405152,0.7701220854318046,0.8363220181223153,0.8605953267755025,0.8385286825453323,0.7370221190865492,0.5340089921689832,0.30010256332917884,0.2868625767910767,0.32878920082840013,0.2383159594847022,0.12356940948781703,-0.11695701262103843,-0.2317035626179236,-0.273630186655247,-0.22287690492585552,-0.11916367704405545,-0.05296374435354478,-0.09930369723690224,-0.2515635424250768,-0.5891831991466813,-0.5384299174172897,-0.3751367501140301,-0.5097432799180684,-0.5273965953022046,-0.39720339434420027,-0.27583685107826406,-0.17874361646551506,-0.07944371742974905,-0.16991695877344698,-0.31776347511558745,-0.41485670972833644,-0.19860359627266827,-0.09709703281388522,-0.02869043570035753,0.15004938256402128,0.3376158585204682,0.19638933544737877,0.0022028662218807854,0.02426951045205101,-0.2140502472337874,-0.33762345492274065,-0.24494354915602573,-0.0022104626241532597,0.15887604025608937,0.16770269794815748,0.17211602679419152,0.20300932871642982,0.27362259025297453,0.31996254313633204,0.39719579794192783,0.6752355152420726,0.6244822335126812,0.4832557104395917,0.4523624085173534,0.8473553402374004,0.8385286825453323,0.6288955623587151,0.7855687363929238,0.6774421796650897,0.6024155892825109,0.5582823008221705,0.6730288508190556,0.7392287835095663,0.7833620719699067,0.7657087565857705,0.7590887633167195,1.0680217825391027,0.9576885613882515,0.5273889988999322,0.5295956633229492,0.4678090594784725,0.518562341207864,0.6973021594722428,0.7348154546635323,0.6862688373571577,0.5295956633229492,0.3023092277521958,0.3089292210212469,0.20521599313944686,0.1323960671798851,0.28465591236805965,0.1897693421783277,0.25155594602280434,0.3883691402498597,0.3508558450585703,0.3067225565982299,0.17432269121720853,0.06398947006635741,0.1015027652576468,0.2118359864084979,0.2294893017926341,0.2824492479450426,0.2383159594847022,0.028682839298085055,-0.1434369856972427,-0.1919836030036172,0.12356940948781703,0.29127590563711075,0.28024258352202563,0.18535601333229365,0.3994024623649448,0,0
0,0.7789487431238727,0.6333088912047492,0.41264244890304697,0.5715222873602726,0.7568820988937025,0.80322205177706,0.7767420787008557,0.9488619036961834,1.0415418094628983,0.997408521002558,1.004028514271609,1.1298083863835793,0.8892819642747238,0.8407353469683493,0.9819618700414388,0.9488619036961834,0.7635020921627536,0.5781422806293236,0.5295956633229492,0.5957955960134599,0.5516623075531194,0.36850916044270654,0.20742265756246386,0.4545690729403704,0.4832557104395917,0.23610929506168515,-0.17433028761948102,-0.18095028088853207,-0.1831569453115491,-0.2317035626179236,-0.2780435155012811,-0.273630186655247,-0.32438346838463855,-0.46119666261169395,-0.7039297491435664,-0.6090431789538344,-0.46340332703471093,-0.5053299510720344,-0.6266964943379706,-0.46119666261169395,-0.39279006549816625,-0.41265004530531946,-0.15888363665836186,-0.25597687127111085,-0.4788499779958301,-0.5318099241482387,-0.01103712031622135,0.05516281237428933,0.01764951718299994,0.0926761075655787,0.33320252967443414,0.0926761075655787,-0.1434369856972427,0.026476174875068034,-0.12137034146707247,-0.28466350877033214,-0.26701019338619597,-0.18977693858060016,0.06398947006635741,0.1412227248719532,0.09929610083462978,0.17211602679419152,0.4082291200570129,0.4942890325546768,0.4766357171705406,0.5781422806293236,0.44132908640226826,0.43250242871020017,0.4722223883245066,0.4766357171705406,0.4744290527475236,0.6222755690896641,0.9025219508128259,0.6973021594722428,0.5935889315904428,0.6002089248594938,0.712748810433362,0.7877754008159408,0.8628019911985195,0.9466552392731664,0.9996151854255749,1.1187750642684942,1.0834684335002218,0.7590887633167195,0.5869689383213917,0.47884238159355763,0.511942347938813,0.6046222537055279,0.6355155556277662,0.6973021594722428,0.6465488777428513,0.5229756700538981,0.4744290527475236,0.3508558450585703,0.3067225565982299,0.29568923448314477,0.18314934890927662,0.22286930852358303,0.28465591236805965,0.2824492479450426,0.25596927486883836,0.26038260371487243,0.23610929506168515,0.22286930852358303,0.2316959662156511,0.19418267102436174,0.19638933544737877,0.3265825364053831,0.12798273833385107,0.08826277871954466,0.0926761075655787,0.24714261717677027,0.35306250948158735,0.45015574409433634,0.4060224556339959,0.34423585178951926,0,0
0,0.5472489787070853,0.3111358854442639,0.2493492815997873,0.4082291200570129,0.5340089921689832,0.7370221190865492,0.8385286825453323,0.909141944081877,1.0150618363866941,1.0128551719636771,0.9665152190803196,1.0415418094628983,0.6266888979356982,0.7546754344706854,1.0856750979232388,1.1584950238828005,1.0415418094628983,0.6686155219730215,0.46118906620942146,0.6355155556277662,0.5957955960134599,0.47001572390148955,0.33982252294348525,0.49870236140071084,0.19638933544737877,-0.0022104626241532597,-0.20963691838775336,-0.14123032127422566,-0.09709703281388522,-0.18536360973456611,-0.39279006549816625,-0.5494632395323749,-0.6686231183752941,-0.7833696683721793,-0.851776265485707,-0.8275029568325196,-0.6200765010689195,-0.6002165212617664,-0.8186762991404516,-0.8120563058714005,-0.8981162183690644,-0.7833696683721793,-0.35748343472989386,-0.3221768039616215,-0.5075366154950514,-0.5251899308791876,-0.11916367704405545,-0.22067024050283848,-0.07944371742974905,0.06840279891239145,0.13018940275686808,0.022062846029033988,-0.01986377800828944,0.10591609410368084,0.10370942968066382,-0.24715021357904277,-0.5340165885712557,-0.5450499106863408,-0.13240366358215758,0.14784271814100428,0.21845597967754898,0.29568923448314477,0.46118906620942146,0.3795424825577916,0.2625892681378894,0.20300932871642982,0.08384944987351062,0.317755878713315,0.3994024623649448,0.22507597294660006,0.3552691739046044,0.5229756700538981,0.6995088238952599,0.6311022267817322,0.5869689383213917,0.518562341207864,0.6222755690896641,0.8010153873540429,0.8694219844675706,0.9378285815810983,0.9466552392731664,0.8760419777366217,1.1915949902280558,1.0834684335002218,0.8341153536992982,0.7723287498548216,0.6288955623587151,0.5163556767848471,0.45015574409433634,0.511942347938813,0.5362156565920002,0.5075290190927789,0.4479490796713193,0.36188916717365543,0.3354091940974512,0.2625892681378894,0.06619613448937443,-0.08606371069880012,-3.7982011362372927e-6,-0.0022104626241532597,-0.12137034146707247,0.004409530644897808,0.15887604025608937,0.2316959662156511,0.24493595275375327,0.3574758383276214,0.2581759392918554,0.2692092614069405,0.39719579794192783,0.6068289181285449,0.5273889988999322,0.32437587198236606,0.14342938929497023,0.24052262390771922,0.18535601333229365,0.17652935564022557,0,0
0,0.8230820315842131,0.3508558450585703,0.29348257006012773,0.414849113326064,0.2868625767910767,0.4744290527475236,0.5472489787070853,0.6708221863960386,0.8760419777366217,0.9621018902342856,0.9753418767723877,0.8826619710056728,0.5582823008221705,0.7414354479325833,0.8495620046604174,0.8760419777366217,0.9797552056184218,0.46560239505545553,0.26479593256090644,0.48104904601657467,0.3574758383276214,0.20742265756246386,0.19197600660134473,0.2581759392918554,-0.18095028088853207,-0.26701019338619597,-0.16771029435042994,-0.14564365012025973,-0.45457666934264285,-0.47002332030376204,-0.5913898635696982,-0.7679230174110601,-0.7017230847205493,-0.7877829972182132,-0.8804629029849282,-0.9223895270222516,-0.7568896952959749,-0.6928964270284813,-0.7370297154888218,-0.7105497424126175,-0.9025295472150985,-0.858396258754758,-0.56049656164746,-0.368516756844979,-0.370723421267996,-0.37293008569101305,-0.30893681742351936,-0.5516699039553918,-0.28907683761636616,-0.12578367031310653,-0.1346103280051746,-0.0353104289694086,-0.06399706646862989,0.0728161277584255,0.1390160604489362,-0.2824568443473151,-0.46119666261169395,-0.44133668280454075,-0.16109030108137887,0.15446271141005533,0.2008026642934128,0.04854281910523826,0.02426951045205101,0.1412227248719532,0.01544285275998292,-0.0353104289694086,0.09929610083462978,0.32437587198236606,0.44132908640226826,0.3707158248657235,0.4876690392856257,0.4082291200570129,0.3751291537117576,0.3773358181347746,0.41043578448002993,0.4369157575562342,0.5472489787070853,0.8870752998517067,1.1452550373446984,1.0547817960010004,0.9488619036961834,0.8495620046604174,1.2180749633042602,1.107741742153409,1.0128551719636771,1.006235178694626,0.7657087565857705,0.518562341207864,0.5472489787070853,0.7017154883182769,0.7237821325484471,0.7304021258174982,0.5009090258237279,0.19859599987039578,-0.048550415507510734,-0.07723705300673202,-0.07723705300673202,-0.18977693858060016,-0.19860359627266827,-0.12578367031310653,-0.03089710012337455,0.20742265756246386,0.4876690392856257,0.4457424152483023,0.42146910659511505,0.615655575820613,0.41705577774908104,0.51414901236183,0.7635020921627536,0.9907885277335069,0.9532752325422175,0.611242246974579,0.31996254313633204,0.39278246909589376,0.15004938256402128,0.23610929506168515,0,0
0,0.7811554075468897,0.47001572390148955,0.34423585178951926,0.3574758383276214,0.40160912678796185,0.4942890325546768,0.32437587198236606,0.46118906620942146,0.7789487431238727,0.5781422806293236,0.6973021594722428,0.7370221190865492,0.6686155219730215,0.8054287162000769,0.5494556431301023,0.32437587198236606,0.36409583159667247,0.1390160604489362,-0.004417127047170282,-0.015450449162255395,0.04854281910523826,0.03530283256713612,0.00661619506791483,-3.7982011362372927e-6,-0.17653695204249803,-0.35307010588385984,-0.45457666934264285,-0.4920899645339322,-0.7348230510658047,-0.7215830645277026,-0.8914962251000134,-1.0194827616350006,-0.7723363462570941,-0.8826695674079452,-0.860602923177775,-0.8275029568325196,-0.8495696010626899,-0.6796564404903792,-0.5538765683784089,-0.5428432462633238,-0.7193764001046855,-0.673036447221328,-0.6134565077998685,-0.5516699039553918,-0.44575001165057476,-0.38396340780609817,-0.36631009242196194,-0.46119666261169395,-0.40382338761325137,-0.2625968645401619,-0.22508356934887253,-0.16991695877344698,-0.3464501126148088,-0.22729023377188956,-0.15226364338931078,-0.30893681742351936,-0.08165038185276607,-0.006623791470187304,-0.06620373089164691,-0.269216857809213,0.09046944314256168,0.20521599313944686,0.08384944987351062,0.16328936910212344,0.05957614122032337,-0.0022104626241532597,0.1390160604489362,0.4457424152483023,0.6884755017801748,0.7193688037024131,0.6200689046666471,0.6465488777428513,0.6377222200507833,0.4766357171705406,0.4060224556339959,0.7171621392793961,0.6068289181285449,0.8870752998517067,1.3284081844551112,1.0547817960010004,1.29972154695589,1.3681281440694177,1.3350281777241624,1.2357282786883963,1.317374862340026,1.2710349094566686,0.9665152190803196,0.47884238159355763,0.812048709469128,1.0547817960010004,0.8848686354286898,1.0459551383089325,0.7590887633167195,0.3265825364053831,0.0816427854504936,-0.06620373089164691,-0.07061705973768095,0.0022028662218807854,-0.06179040204561287,0.2383159594847022,0.3464425162125363,0.4964956969776938,0.8959019575437749,0.8760419777366217,0.7943953940849918,0.8274953604302472,0.7701220854318046,0.9245885950429962,0.9312085883120472,0.8252886960072302,1.0128551719636771,0.6553755354349194,0.43029576428718314,0.5450423142840684,0.43029576428718314,0.35306250948158735,0,0
0,0.30010256332917884,0.2670025969839235,0.49870236140071084,0.4942890325546768,0.5450423142840684,0.6399288844738003,0.5649022940912215,0.6288955623587151,0.6288955623587151,0.3994024623649448,0.613448911397596,0.710542146010345,0.6443422133198343,0.4832557104395917,0.22286930852358303,-0.044137086661476685,-0.15226364338931078,0.07060946333540848,0.4567757373633874,0.317755878713315,0.019856181606016966,-0.13681699242819162,-0.20522358954171932,-0.07944371742974905,-0.015450449162255395,-0.2537702068480938,-0.6553831318371919,-0.5913898635696982,-0.48326330684186414,-0.5847698703006472,-0.7370297154888218,-0.7480630376039068,-0.6399364808760728,-0.8892895606769963,-0.761303024142009,-0.7039297491435664,-0.7833696683721793,-0.6465564741451238,-0.4303033606894556,-0.5428432462633238,-0.9003228827920814,-0.8561895943317409,-0.7988163193332983,-0.7215830645277026,-0.5803565414546131,-0.44575001165057476,-0.13681699242819162,-0.046343751084493706,-0.2515635424250768,-0.14785031454327674,-0.22067024050283848,-0.2979034953084343,-0.2030169251187023,0.3023092277521958,0.20300932871642982,0.019856181606016966,0.3949891335189108,0.40160912678796185,0.31996254313633204,0.18314934890927662,0.3751291537117576,0.7326087902405152,0.7657087565857705,0.518562341207864,0.3751291537117576,0.3795424825577916,0.4457424152483023,0.6906821662031918,0.8628019911985195,0.9621018902342856,0.9687218835033367,1.001821849848592,1.1474617017677153,0.9797552056184218,0.9400352460041154,1.2313149498423623,1.3460614998392475,1.5446612979107794,1.6086545661782732,1.1364283796526304,1.7167811229061072,1.688094485406886,1.6329278748314604,1.8249076796339414,1.8491809882871286,1.7101611296370562,1.390194788299588,1.0481618027319495,1.2754482383027028,1.3747481373384687,0.9731352123493707,0.6840621729341407,0.2096293219854809,0.14563605371798724,0.20742265756246386,0.030889503721102076,-0.1655036299274129,-0.10813035492897034,0.12356940948781703,0.49870236140071084,0.5825556094753577,0.613448911397596,0.7679154210087876,0.8804553065826557,1.0481618027319495,1.109948406576426,1.1474617017677153,1.2224882921502942,0.9687218835033367,0.7546754344706854,0.8495620046604174,0.6421355488968173,0.4280890998641661,0.34864918063555334,0.29568923448314477,0.1015027652576468,0,0
0,0.3464425162125363,0.3265825364053831,0.5450423142840684,0.520769005630881,0.5075290190927789,0.5671089585142386,0.6531688710119025,0.6752355152420726,0.615655575820613,0.5516623075531194,0.7988087229310259,0.8959019575437749,0.8870752998517067,0.6355155556277662,0.2316959662156511,0.026476174875068034,-0.15005697896629377,-0.13681699242819162,0.26479593256090644,0.1323960671798851,-0.05296374435354478,-0.29569683088541726,-0.4236833674204046,-0.15226364338931078,0.08384944987351062,-0.006623791470187304,-0.4920899645339322,-0.10592369050595332,0.09929610083462978,-0.24494354915602573,-0.5251899308791876,-0.48988330011091524,-0.46119666261169395,-0.5781498770315961,-0.38396340780609817,-0.5538765683784089,-0.7171697356816685,-0.657589796260209,-0.4303033606894556,-0.6112498433768515,-0.955489493367507,-1.0238960904810346,-0.9201828625992347,-0.7899896616412303,-0.56049656164746,-0.21846357607982148,0.02426951045205101,-0.03089710012337455,-0.19419026742663423,-0.03310376454639157,-0.08165038185276607,-0.041930422238459664,0.15225604698703832,0.611242246974579,0.4545690729403704,0.3707158248657235,0.4942890325546768,0.414849113326064,0.31334254986728094,0.48104904601657467,0.7568820988937025,1.0503684671549665,0.9598952258112685,0.90693527965886,0.9576885613882515,1.0106485075406602,0.8914886286977408,0.9929951921565239,1.301928211378907,1.2820682315717538,1.4740480363742348,1.6064479017552562,1.6814744921378348,1.4740480363742348,1.7366411027132604,2.213280618084937,2.5884135699978312,2.570760254613695,2.570760254613695,2.489113670962065,2.7252267642248866,2.451600375770776,2.5067669863462014,2.8223199988376355,2.5531069392295587,2.5222136373073205,2.497940328654133,2.2618272353913116,1.8535943171331626,2.016887484436422,1.8712476325172989,1.2555882584955496,0.32878920082840013,0.1390160604489362,0.1323960671798851,-0.0838570462757831,-0.08827037512181714,0.22066264410056602,0.42146910659511505,0.5450423142840684,0.708335481587328,0.6995088238952599,0.7767420787008557,0.9731352123493707,1.2577949229185665,1.306341540224941,1.2379349431114133,1.198214983497107,0.9863751988874728,0.8010153873540429,0.7723287498548216,0.8054287162000769,0.6443422133198343,0.4391224219792512,0.27582925467599156,0.08605611429652764,0,0
0,0.13018940275686808,0.14342938929497023,0.33320252967443414,0.4280890998641661,0.4369157575562342,0.5163556767848471,0.6200689046666471,0.6487555421658684,0.7789487431238727,0.7833620719699067,0.7767420787008557,0.8252886960072302,0.8892819642747238,0.7701220854318046,0.4236757710181321,0.2493492815997873,0.07060946333540848,0.0529561479512723,0.1699093623711745,-0.10813035492897034,0.05074948352825528,0.05516281237428933,-0.2118435828107704,0.06840279891239145,0.2581759392918554,0.3751291537117576,0.2824492479450426,0.5737289517832896,0.5406289854380343,0.11915608064178297,-0.36410342799894496,-0.5009166222260003,-0.7524763664499409,-0.867222916446826,-0.6090431789538344,-0.7524763664499409,-0.770129681834077,-0.6973097558745154,-0.6796564404903792,-0.9003228827920814,-1.0459627347112048,-1.052582727980256,-0.8914962251000134,-0.7855763327951962,-0.6112498433768515,-0.3398301193457577,-0.12357700589008949,-0.2780435155012811,-0.45237000491962587,-0.3795500789600641,-0.27142352223223,-0.026483771277340508,0.19859599987039578,0.25596927486883836,-0.17433028761948102,-0.2912835020393832,-0.0838570462757831,0.1610827046791064,0.18535601333229365,0.5494556431301023,1.5049413382964731,2.5575202680755926,2.16694066520158,1.8315276729029923,1.688094485406886,1.5689346065639667,1.392401452722605,1.8227010152109244,2.193420638277784,1.9374475652078096,2.365540463273112,2.8487999719138397,3.069466414215542,2.809080012299533,3.15993965555924,3.4335660440133506,3.6409924997769507,3.4114993997831804,3.638785835353934,3.7248457478515977,3.6829191238142744,3.557139251702304,3.5880325536245423,3.576999231509457,3.3254394872855166,3.451219359397487,3.674092466122206,3.5880325536245423,3.0165064680631333,3.1202196959449333,2.6259268651891206,1.703541136368005,0.6597888642809535,0.20300932871642982,0.039716161413170165,-0.06399706646862989,-0.046343751084493706,0.46560239505545553,0.609035582551562,0.6686155219730215,1.2180749633042602,1.1673216815748686,1.0790551046541879,1.1430483729216814,1.3129615334939921,1.301928211378907,1.3129615334939921,1.304134875801924,1.1518750306137495,0.9996151854255749,1.006235178694626,1.0658151181160855,0.8451486758143834,0.613448911397596,0.46118906620942146,0.3861624758268427,0,0
0,-0.19860359627266827,-0.21846357607982148,0.030889503721102076,0.3596825027506384,0.3265825364053831,0.5406289854380343,0.5869689383213917,0.6024155892825109,0.8848686354286898,0.90693527965886,0.818668702738179,0.7546754344706854,0.708335481587328,0.5450423142840684,0.38174914698080864,0.2493492815997873,0.07060946333540848,0.1897693421783277,0.36850916044270654,0.32437587198236606,0.35306250948158735,0.35306250948158735,0.27362259025297453,0.4523624085173534,0.40160912678796185,0.7348154546635323,0.9709285479263536,0.8517686690834344,0.6443422133198343,0.32437587198236606,-0.11695701262103843,-0.370723421267996,-0.8385362789476047,-1.0614093856723241,-1.0194827616350006,-1.145262633746971,-1.052582727980256,-1.0128627683659495,-1.037136077019137,-1.0459627347112048,-1.052582727980256,-0.8870828962539793,-0.6928964270284813,-0.7039297491435664,-0.5803565414546131,-0.46340332703471093,-0.34424344819179176,-0.35307010588385984,-0.567116554916511,-0.5781498770315961,-0.34424344819179176,-0.14564365012025973,-0.09047703954483416,-0.17874361646551506,-0.5075366154950514,-0.6995164202975324,-0.4854699712648812,-0.015450449162255395,0.5494556431301023,1.200421647920124,2.297133866159584,3.440186037282402,3.4181193930522316,2.8443866430678058,2.2221072757770055,1.8315276729029923,1.8293210084799754,2.469253691154912,2.9127932401813332,2.954719864218657,3.546105929587219,3.7976656738111596,3.9786121564985555,4.016125451689844,4.400085061294806,4.1529386459169,3.985232149767606,4.044812089189066,4.150731981493883,4.258858538221717,4.225758571876462,4.122045343994662,3.685125788237291,3.9786121564985555,4.119838679571645,4.13087200168673,4.113218686302593,4.088945377649407,3.8726922641937382,3.6961591103523763,3.054019763254423,1.7653277402124818,0.5494556431301023,0.06840279891239145,-0.06620373089164691,-0.1147503481980214,-0.06620373089164691,0.36409583159667247,0.8870752998517067,1.0812617690772048,1.2732415738796856,1.3195815267630433,1.3151681979170091,1.2776549027257198,1.304134875801924,1.306341540224941,1.301928211378907,1.3460614998392475,1.3239948556090773,1.2313149498423623,1.1673216815748686,1.105535077730392,0.9356219171580813,0.7767420787008557,0.7304021258174982,0.609035582551562,0,0
0,-0.38617007222911515,-0.26480352896317894,-0.12137034146707247,0.07502279218144253,0.16770269794815748,0.5649022940912215,0.5980022604364769,0.5891756027444087,0.8230820315842131,0.80322205177706,0.7679154210087876,0.7855687363929238,0.8694219844675706,0.5472489787070853,0.317755878713315,0.16328936910212344,-0.041930422238459664,0.01544285275998292,0.2824492479450426,0.4942890325546768,0.4832557104395917,0.6619955287039705,0.7811554075468897,0.7966020585080089,0.6399288844738003,0.9378285815810983,1.0900884267692728,0.8274953604302472,0.4457424152483023,0.2294893017926341,0.02426951045205101,-0.30893681742351936,-0.9069428760611324,-1.0967160164405965,-1.1474692981699879,-1.1629159491311072,-1.0945093520175795,-1.158502620285073,-1.16070928470809,-0.9841761308667283,-1.0967160164405965,-0.9753494731746601,-0.8076429770253665,-0.7811630039491622,-0.567116554916511,-0.4766433135728131,-0.4104433808823024,-0.30452348857748535,-0.4788499779958301,-0.4788499779958301,-0.2868701731933492,-0.20522358954171932,-0.38617007222911515,-0.39279006549816625,-0.4788499779958301,-0.7370297154888218,-0.4920899645339322,-0.12799033473612353,0.4523624085173534,1.4563947209900987,2.771566717108244,3.755739049773836,4.0668787334192364,3.166559648828291,2.058814108473746,1.7565010825204137,2.1206007123182222,2.5178003084612866,2.8841066026821123,3.168766313251308,3.6012725401626446,3.9079988949620104,4.199278598800258,4.318438477643177,4.102185364187508,3.9013789016929596,3.9719921632295043,4.051432082458117,3.8417989622715,3.9300655391921806,3.8042856670802103,3.6807124593912572,3.6012725401626446,4.265478531490769,4.530278262252811,4.406705054563858,4.48614497379247,4.614131510327458,4.408911718986874,3.9079988949620104,3.3121995007474143,1.9131742565546221,0.5847622738983748,-0.07061705973768095,-0.075030388583715,-0.14123032127422566,-0.06399706646862989,0.22728263736961707,0.9334152527350643,1.0238884940787623,0.9731352123493707,1.0260951585017792,1.1430483729216814,1.019475165232728,1.0327151517708302,1.1739416748439198,1.0812617690772048,1.1673216815748686,1.2180749633042602,1.1231883931145281,1.0834684335002218,1.0525751315779834,0.9334152527350643,0.7657087565857705,0.8164620383151621,0.6642021931269875,0,0
0,-0.37293008569101305,-0.32438346838463855,-0.3067301530005024,-0.15226364338931078,0.0022028662218807854,0.16549603352514045,0.21845597967754898,0.317755878713315,0.45015574409433634,0.43029576428718314,0.5384223210150172,0.5825556094753577,0.609035582551562,0.4545690729403704,0.32437587198236606,0.19418267102436174,0.13018940275686808,0.15666937583307236,0.2096293219854809,0.3861624758268427,0.5318023277459661,0.8495620046604174,0.9952018565795409,0.915761937350928,0.6862688373571577,0.7237821325484471,0.8738353133136046,0.9179686017739451,0.8451486758143834,0.3751291537117576,0.10370942968066382,-0.2780435155012811,-0.8959095539460473,-0.962109486636558,-1.0437560702881878,-1.0967160164405965,-1.0834760299024944,-1.1298159827858518,-1.050376063557239,-0.9819694664437112,-1.0790627010564602,-1.0283094193270688,-0.9444561712524219,-0.9179761981762176,-0.8164696347174345,-0.7723363462570941,-0.6156631722228855,-0.3751367501140301,-0.28025017992429807,-0.269216857809213,-0.28466350877033214,-0.3199701395386045,-0.45016334049660883,-0.3618967635759279,-0.34865677703782577,-0.5251899308791876,-0.36410342799894496,-0.3265901328076556,0.1610827046791064,1.3372348421471794,2.9944398238329635,3.6454058286229847,3.777805694004006,3.327646151708534,2.0521941152046947,1.79622104213472,2.18900730943175,2.400847094041384,2.78922003249238,2.9966464882559802,3.250412896902938,3.5902392180475595,3.6211325199697977,3.965372169960453,4.042605424766049,3.6917457815063424,3.7071924324674614,3.5262459497800656,3.155526326713206,3.0606397565234738,3.0959463872917463,3.3055795074783636,3.6299591776618656,4.005092129574759,4.159558639185951,4.192658605531206,4.380225081487653,4.759771362246581,4.6273714968655595,4.016125451689844,3.082706400753644,1.9551008805919456,0.7480554412016344,0.08384944987351062,0.10370942968066382,-0.16109030108137887,0.0330961681441191,0.4523624085173534,0.9665152190803196,0.812048709469128,0.6928888306262089,0.8230820315842131,1.1871816613820219,0.9576885613882515,0.904728615235843,0.9267952594660132,0.7193688037024131,0.8363220181223153,1.0658151181160855,1.107741742153409,0.9819618700414388,1.0415418094628983,0.9643085546573026,0.8010153873540429,0.8010153873540429,0.6399288844738003,0,0
0,-0.38175674338308113,-0.3199701395386045,-0.2868701731933492,-0.07061705973768095,0.04192282583618719,0.05074948352825528,0.06619613448937443,-0.01986377800828944,-0.05737707319957882,-0.07723705300673202,0.3089292210212469,0.5516623075531194,0.5494556431301023,0.4523624085173534,0.47884238159355763,0.4082291200570129,0.30451589217521285,0.25596927486883836,0.12577607391083404,0.2581759392918554,0.5759356162063066,0.9576885613882515,1.0128551719636771,0.8429420113913664,0.6024155892825109,0.41705577774908104,0.7789487431238727,1.1011217488843579,1.006235178694626,0.3751291537117576,0.2096293219854809,-0.10151036165991927,-0.3596900991529109,-0.29569683088541726,-0.5980098568387493,-0.8363296145245878,-0.9753494731746601,-1.065822714518358,-0.8892895606769963,-0.9179761981762176,-1.0437560702881878,-0.9863827952897453,-0.9091495404841495,-0.9069428760611324,-0.964316151059575,-0.9201828625992347,-0.6024231856847834,-0.36410342799894496,-0.19419026742663423,-0.2427368847330087,-0.47443664914979605,-0.5384299174172897,-0.43471668953548964,-0.40382338761325137,-0.4435433472275577,-0.5163632731871195,-0.44575001165057476,-0.5185699376101365,-0.11033701935198736,1.0283018229247962,2.771566717108244,3.332059480554568,3.7027791036214275,3.5130059632419637,2.394227100772333,1.8668343036712647,2.1206007123182222,2.5222136373073205,2.747293408455057,2.782600039223329,3.071673078638559,3.3452994670926697,2.954719864218657,3.57479256708644,3.8020790026571936,3.5063859699729125,3.4490126949744697,3.2084862728656143,2.9304465555654695,2.747293408455057,2.8532133007598737,3.276892869979142,3.5372792718951507,3.559345916125321,4.013918787266828,3.9830254853445894,4.1154253507256104,4.530278262252811,4.4706983228313515,4.163971968031985,3.3099928363243976,2.1183940478952055,1.0503684671549665,0.5671089585142386,0.3596825027506384,-0.0353104289694086,0.17652935564022557,0.6487555421658684,0.9907885277335069,0.8319086892762813,0.8341153536992982,0.8429420113913664,0.9731352123493707,0.8716286488905877,0.9290019238890302,0.7767420787008557,0.5494556431301023,0.6575821998579364,0.9643085546573026,1.1011217488843579,0.9841685344644557,1.1143617354224602,1.1011217488843579,0.997408521002558,0.8650086556215366,0.6553755354349194,0,0
0,-0.27583685107826406,-0.13902365685120865,0.11915608064178297,0.32437587198236606,0.2780359190990086,0.2383159594847022,0.17432269121720853,-0.22729023377188956,-0.0022104626241532597,0.2625892681378894,0.4435357508252853,0.6046222537055279,0.61786224024363,0.4678090594784725,0.3751291537117576,0.5649022940912215,0.5737289517832896,0.41705577774908104,0.23390263063866815,0.4082291200570129,0.6840621729341407,0.8738353133136046,0.7701220854318046,0.6774421796650897,0.7458487767786174,0.8650086556215366,0.9510685681192005,1.1629083527288346,0.9223819306199792,0.4038157912109789,0.4942890325546768,0.14784271814100428,-0.03310376454639157,-0.006623791470187304,-0.33762345492274065,-0.45457666934264285,-0.56049656164746,-0.6178698366459026,-0.39720339434420027,-0.7127564068356345,-0.9312161847143198,-0.8120563058714005,-0.8848762318309622,-0.9400428424063878,-1.0349294125961197,-0.9797628020206942,-0.33541679049972367,-0.14123032127422566,-0.2934901664624002,-0.5318099241482387,-0.7083430779896005,-0.6509698029911579,-0.5163632731871195,-0.5428432462633238,-0.34424344819179176,-0.4280966962664386,-0.5450499106863408,-0.5406365818403067,0.0022028662218807854,1.2335216142653793,2.694333462302648,3.3364728094006018,4.009505458420794,3.7027791036214275,2.6413735161502396,1.7123677940600732,2.16694066520158,2.6965401267256652,2.8443866430678058,2.868659951720993,3.250412896902938,3.462252681512572,3.2415862392108696,3.7226390834285805,3.6145125267007465,3.5306592786260995,3.7049857680444447,3.2415862392108696,2.954719864218657,2.8532133007598737,3.0363664478702868,3.4114993997831804,3.652025821892036,3.8064923315032275,4.225758571876462,3.9830254853445894,4.073498726688287,4.461871665139284,4.700191422825122,4.625164832442543,3.6233391843928144,2.239760591161142,1.2379349431114133,0.7326087902405152,0.3089292210212469,0.008822859490931853,0.25596927486883836,0.5913822671674258,0.7590887633167195,0.6862688373571577,0.812048709469128,0.6575821998579364,0.520769005630881,0.4457424152483023,0.6399288844738003,0.4766357171705406,0.3949891335189108,0.5759356162063066,0.7590887633167195,0.8495620046604174,0.8826619710056728,0.9731352123493707,1.0327151517708302,1.1253950575375453,1.0503684671549665,0.7237821325484471,0,0
0,-0.08165038185276607,-0.12799033473612353,-0.07061705973768095,0.18314934890927662,0.2581759392918554,0.4457424152483023,0.4369157575562342,-0.09709703281388522,-0.08165038185276607,0.3354091940974512,0.5604889652451874,0.48987570370864275,0.5163556767848471,0.4854623748626087,0.4722223883245066,0.714955474856379,0.7745354142778387,0.6421355488968173,0.4369157575562342,0.5715222873602726,0.6973021594722428,0.6686155219730215,0.4832557104395917,0.5913822671674258,0.915761937350928,0.900315286389809,0.7348154546635323,0.9996151854255749,0.809842045046111,0.6421355488968173,0.7215754681254302,0.30451589217521285,0.019856181606016966,-0.19860359627266827,-0.5980098568387493,-0.5406365818403067,-0.45016334049660883,-0.36410342799894496,-0.1655036299274129,-0.48988330011091524,-0.8230896279864857,-0.8870828962539793,-0.8186762991404516,-0.8076429770253665,-1.0128627683659495,-1.070236043364392,-0.5891831991466813,-0.31555681069257047,-0.3420367837687747,-0.6266964943379706,-0.7657163529880431,-0.5340165885712557,-0.4303033606894556,-0.4766433135728131,-0.28466350877033214,-0.40382338761325137,-0.6090431789538344,-0.5340165885712557,-0.06399706646862989,1.2291082854193454,2.6369601873042057,3.6233391843928144,4.556758235329015,3.9366855324612318,2.773773381531261,1.9264142430927245,2.4074670873104353,2.9127932401813332,3.2151062661346654,3.3254394872855166,3.6454058286229847,3.8219389824643466,3.9830254853445894,4.375811752641619,4.216931914184394,4.190451941108189,4.148525317070866,3.559345916125321,3.168766313251308,2.881899938259095,2.9127932401813332,3.3916394199760274,3.8726922641937382,4.2235519074534444,4.517038275714709,4.472904987254369,4.7950779930148535,4.914237871857773,4.980437804548283,5.040017743969743,3.755739049773836,2.363333798850095,1.4166747613757922,0.7921887296619748,0.2890692412140937,0.11253608737273191,0.4082291200570129,0.520769005630881,0.6774421796650897,0.7833620719699067,0.8429420113913664,0.4722223883245066,0.4744290527475236,0.5715222873602726,0.5935889315904428,0.3839558114038257,0.3905758046728767,0.5693156229372556,0.6862688373571577,0.6774421796650897,0.7171621392793961,0.7414354479325833,0.714955474856379,0.7966020585080089,0.7502621056246515,0.6333088912047492,0,0
0,-0.4435433472275577,-0.5031232866490174,-0.47002332030376204,-0.28466350877033214,-0.14564365012025973,-0.15005697896629377,-0.10151036165991927,-0.1147503481980214,-0.048550415507510734,0.3552691739046044,0.5229756700538981,0.414849113326064,0.43250242871020017,0.5053223546697619,0.5582823008221705,0.6355155556277662,0.5031156902467449,0.47884238159355763,0.5318023277459661,0.6553755354349194,0.609035582551562,0.61786224024363,0.5273889988999322,0.518562341207864,0.8164620383151621,0.6465488777428513,0.4523624085173534,0.7392287835095663,0.6862688373571577,0.5913822671674258,0.5538689719761364,0.29568923448314477,-0.12137034146707247,-0.20963691838775336,-0.28907683761636616,-0.46560999145772797,-0.4722299847267791,-0.47002332030376204,-0.5251899308791876,-0.5980098568387493,-0.8164696347174345,-0.8694295808698431,-0.7259963933737367,-0.6090431789538344,-0.7944029904872644,-0.7966096549102814,-0.5428432462633238,-0.44575001165057476,-0.3199701395386045,-0.5119499443410854,-0.9290095202913027,-0.8429496077936388,-0.6024231856847834,-0.467816655880745,-0.3949967299211833,-0.4303033606894556,-0.9599028222135411,-0.9201828625992347,-0.08827037512181714,1.1452550373446984,2.6060668853819675,3.6961591103523763,4.144111988224832,3.755739049773836,3.047399769985372,2.458220369039827,2.6281335296121373,3.073879743061576,3.4754926680506744,3.7954590093881424,4.1065986930335425,4.064672068996219,4.104392028610525,4.267685195913785,4.457458336293249,4.408911718986874,4.353745108411449,4.016125451689844,3.5416926007411846,2.9944398238329635,2.9525131997956398,3.4159127286292144,3.9896454786136406,4.2743051891828365,4.378018417064636,4.517038275714709,5.048844401661811,5.088564361276117,5.068704381468964,5.165797616081713,4.0271587738049295,2.769360052685227,1.690301149829903,0.8782486421596387,0.4854623748626087,0.4435357508252853,0.4589824017864044,0.3861624758268427,0.7281954613944812,1.0459551383089325,1.1629083527288346,0.7546754344706854,0.5362156565920002,0.6266888979356982,0.6862688373571577,0.5891756027444087,0.61786224024363,0.7370221190865492,0.7612954277397365,0.5494556431301023,0.6222755690896641,0.6244822335126812,0.6465488777428513,0.8782486421596387,0.7546754344706854,0.6597888642809535,0,0
0,-0.6862764337594303,-0.7127564068356345,-0.763509688565026,-0.6112498433768515,-0.3001101597314513,-0.10371702608293629,-0.13902365685120865,-0.048550415507510734,0.29348257006012773,0.706128817164311,0.5538689719761364,0.4060224556339959,0.4567757373633874,0.5163556767848471,0.41705577774908104,0.3949891335189108,0.4545690729403704,0.51414901236183,0.6465488777428513,0.6796488440881067,0.511942347938813,0.7039221527412939,0.5251823344769151,0.39719579794192783,0.6002089248594938,0.5759356162063066,0.8385286825453323,1.001821849848592,0.5913822671674258,0.4280890998641661,0.2890692412140937,0.16770269794815748,-0.0948903683908682,-0.075030388583715,-0.15447030781232782,-0.4236833674204046,-0.5891831991466813,-0.5560832328014259,-0.6156631722228855,-0.7171697356816685,-0.8142629702944175,-0.8208829635634686,-0.7436497087578728,-0.6620031251062429,-0.6355231520300387,-0.5869765347236642,-0.48988330011091524,-0.5450499106863408,-0.6002165212617664,-0.7259963933737367,-0.9378361779833708,-0.9841761308667283,-0.7017230847205493,-0.5450499106863408,-0.45237000491962587,-0.40603005203626835,-1.0393427414421539,-0.9290095202913027,-0.03972375781544264,1.0415418094628983,2.462633697885861,3.757945714196853,4.181625283416121,3.658645815161087,3.3761927690149083,2.7495000728780736,2.3523004767350097,3.0187131324861505,3.6123058622777298,4.077912055534322,4.371398423795585,4.002885465151743,4.117632015148628,4.236791893991547,4.351538443988432,4.161765303608968,4.10880535745656,3.850625619963568,3.2459995680569036,2.572966919036712,2.866453287297976,3.373986104591891,3.8263523113103806,4.3912584036027384,4.453045007447215,4.4993849603305724,4.841417945898211,4.89437789205062,4.810524643975973,4.69357142955607,4.1352853305327635,2.967959850756759,1.8712476325172989,0.9201752661969621,0.19197600660134473,0.3751291537117576,0.45015574409433634,0.4060224556339959,0.7701220854318046,0.9444485748501493,1.1364283796526304,1.094501755615307,0.710542146010345,0.818668702738179,0.8517686690834344,0.7635020921627536,0.7590887633167195,0.8760419777366217,0.8274953604302472,0.5649022940912215,0.7414354479325833,0.6531688710119025,0.6288955623587151,0.8385286825453323,0.7811554075468897,0.6950954950492259,0,0
0,-0.8076429770253665,-0.6399364808760728,-0.562703226070477,-0.33541679049972367,-0.1434369856972427,0.01544285275998292,0.06178280564334039,-0.16771029435042994,-0.10813035492897034,0.3376158585204682,0.31334254986728094,0.3751291537117576,0.5075290190927789,0.5009090258237279,0.2868625767910767,0.3861624758268427,0.5406289854380343,0.5560756363991535,0.7480554412016344,0.807635380623094,0.7414354479325833,0.8142553738921451,0.520769005630881,0.3949891335189108,0.5009090258237279,0.36850916044270654,0.5251823344769151,0.5472489787070853,0.28024258352202563,0.4060224556339959,0.2824492479450426,0.10812275852669787,-0.08827037512181714,-0.13902365685120865,-0.2537702068480938,-0.43471668953548964,-0.567116554916511,-0.38396340780609817,-0.6156631722228855,-0.8208829635634686,-0.8120563058714005,-0.8010229837563154,-0.6686231183752941,-0.4920899645339322,-0.3552767703068769,-0.41485670972833644,-0.41706337415135347,-0.42589003184342156,-0.5649098904934939,-0.6333164876070216,-0.8032296481793324,-0.8628095876007921,-0.6355231520300387,-0.6289031587609877,-0.6355231520300387,-0.7348230510658047,-1.1783626000922263,-0.8142629702944175,-0.11916367704405545,0.8914886286977408,2.3081671882746693,3.6056858690086786,4.1065986930335425,3.5152126276649804,3.177592970943376,2.851006636336857,2.643580180573257,3.051813098831406,3.665265808430138,3.8373856334254657,3.793252344965125,3.649819157469019,4.124252008417678,4.044812089189066,4.033778767073981,4.1154253507256104,3.8086989959262447,3.347506131515687,2.7958400257614313,2.2353472623151074,2.689920133456614,3.0496064344083886,3.435772708436368,4.197071934377241,4.333885128604296,4.417738376678943,4.497178295907555,4.424358369947994,4.3603651016805,4.258858538221717,3.9190322170770955,2.7450867440320397,1.6549945190616306,0.9113486085048941,0.43250242871020017,0.4832557104395917,0.5516623075531194,0.5825556094753577,0.6995088238952599,0.9179686017739451,1.107741742153409,1.1695283459978856,0.9885818633104898,1.286481560417788,0.9952018565795409,0.7943953940849918,0.915761937350928,0.909141944081877,0.90693527965886,0.8981086219667919,1.0283018229247962,0.8782486421596387,0.706128817164311,0.6377222200507833,0.5803489450523407,0.5472489787070853,0,0
0,-0.9378361779833708,-0.6951030914514983,-0.6046298501078003,-0.24935687800205977,-0.16109030108137887,-0.10151036165991927,0.17652935564022557,-0.15888363665836186,-0.18977693858060016,0.09488277198859572,0.2096293219854809,0.22066264410056602,0.27362259025297453,0.30010256332917884,0.24714261717677027,0.43029576428718314,0.4920823681316598,0.3707158248657235,0.5472489787070853,0.5847622738983748,0.6068289181285449,0.6509622065888854,0.5891756027444087,0.609035582551562,0.518562341207864,0.29127590563711075,0.31334254986728094,0.00661619506791483,-0.0838570462757831,0.19197600660134473,-0.01103712031622135,0.0330961681441191,-0.09709703281388522,-0.38396340780609817,-0.5207766020331536,-0.5185699376101365,-0.4280966962664386,-0.2140502472337874,-0.5869765347236642,-0.8385362789476047,-0.867222916446826,-0.7524763664499409,-0.5318099241482387,-0.43471668953548964,-0.273630186655247,-0.16991695877344698,-0.17874361646551506,-0.2030169251187023,-0.32879679723067257,-0.4854699712648812,-0.6906897626054642,-0.6134565077998685,-0.45457666934264285,-0.9223895270222516,-0.9996227818278474,-1.2026359087454135,-1.555702216428137,-0.9753494731746601,-0.25597687127111085,0.7612954277397365,2.072054095011848,3.065053085369508,3.6255458488158316,3.7336724055436656,3.5262459497800656,3.351919460361721,3.2283462526727678,3.3254394872855166,3.762359043042887,3.7336724055436656,3.727052412274615,3.766772371888921,4.144111988224832,3.727052412274615,3.938892196884249,4.219138578607411,3.5946525468935935,3.0915330584457124,2.8487999719138397,2.857626629605908,2.9878198305639123,3.166559648828291,3.6100991978547126,4.1529386459169,4.1529386459169,4.314025148797143,4.459665000716266,4.400085061294806,4.1352853305327635,3.8109056603492615,3.3188194940164655,2.462633697885861,1.3570948219543326,0.7635020921627536,0.61786224024363,0.6311022267817322,0.61786224024363,0.4964956969776938,0.5472489787070853,0.8363220181223153,0.900315286389809,0.8561819979294685,0.807635380623094,0.9665152190803196,0.8341153536992982,0.7855687363929238,0.9201752661969621,0.7657087565857705,0.7899820652389578,0.7855687363929238,0.8650086556215366,0.9532752325422175,0.7612954277397365,0.4766357171705406,0.3508558450585703,0.613448911397596,0,0
0,-0.8054363126023495,-0.5803565414546131,-0.567116554916511,-0.34865677703782577,-0.370723421267996,-0.30452348857748535,-0.12357700589008949,-0.27142352223223,-0.12137034146707247,0.16328936910212344,0.43029576428718314,0.18756267775531069,0.09488277198859572,0.14784271814100428,0.24052262390771922,0.25155594602280434,0.24052262390771922,0.26038260371487243,0.3839558114038257,0.2824492479450426,0.21404265083151494,0.20521599313944686,0.24272928833073623,0.28465591236805965,0.2537626104458213,0.2316959662156511,0.4523624085173534,0.1610827046791064,0.044129490259204214,0.06619613448937443,-0.172123623196464,-0.06620373089164691,-0.172123623196464,-0.5538765683784089,-0.7304097222197706,-0.5207766020331536,-0.33321012607670664,-0.2140502472337874,-0.4391300183815237,-0.4280966962664386,-0.4854699712648812,-0.569323219339528,-0.5560832328014259,-0.8076429770253665,-0.8076429770253665,-0.49429662895694926,-0.43251002511247266,-0.35748343472989386,-0.33762345492274065,-0.5649098904934939,-0.8694295808698431,-0.8275029568325196,-0.7789563395261452,-1.2026359087454135,-1.257802519320839,-1.1187826606707667,-1.143055969323954,-1.1099560029786986,-0.5913898635696982,0.4369157575562342,1.7565010825204137,2.954719864218657,3.373986104591891,3.9102055593850276,4.077912055534322,3.877105593039772,3.965372169960453,4.1154253507256104,4.2147252497613765,3.965372169960453,4.219138578607411,4.243411887260598,4.230171900722496,4.144111988224832,4.488351638215487,4.3824317459106705,3.6718858016991893,3.4269460507442995,3.4490126949744697,3.6123058622777298,3.766772371888921,3.9719921632295043,4.325058470912228,4.773011348784683,4.819351301668041,4.865691254551399,4.633991490134611,4.369191759372568,3.938892196884249,3.2989595142093124,2.58179357672878,1.8116676930958393,0.9598952258112685,0.4457424152483023,0.4391224219792512,0.6046222537055279,0.5957955960134599,0.3773358181347746,0.41264244890304697,0.6377222200507833,0.6730288508190556,0.5825556094753577,0.4523624085173534,0.5097356835157959,0.7612954277397365,0.5406289854380343,0.5450423142840684,0.5582823008221705,0.419262442172098,0.3663024960196895,0.42146910659511505,0.5847622738983748,0.414849113326064,0.19638933544737877,0.15225604698703832,0.5053223546697619,0,0
0,-0.763509688565026,-0.5428432462633238,-0.4788499779958301,-0.4192700385743705,-0.4369233539585067,-0.2934901664624002,-0.20081026069568528,-0.22287690492585552,0.019856181606016966,-0.01986377800828944,0.019856181606016966,0.079436121027476575,0.14784271814100428,0.13018940275686808,0.0926761075655787,-0.08827037512181714,0.008822859490931853,0.10370942968066382,0.19197600660134473,0.09488277198859572,0.02426951045205101,0.0330961681441191,0.08384944987351062,0.06840279891239145,0.019856181606016966,-0.01986377800828944,-0.03972375781544264,-0.15226364338931078,-0.13681699242819162,-0.07282372416069798,-0.19860359627266827,-0.5428432462633238,-0.6024231856847834,-0.6200765010689195,-0.6377298164530557,-0.45237000491962587,-0.4104433808823024,-0.48326330684186414,-0.5406365818403067,-0.3067301530005024,-0.3751367501140301,-0.5759432126085791,-0.8804629029849282,-1.2048425731684305,-1.2136692308604986,-0.957696157790524,-0.8098496414483835,-0.860602923177775,-0.8164696347174345,-0.7039297491435664,-0.7436497087578728,-1.0481693991342218,-1.154089291439039,-1.2114625664374816,-1.251182526051788,-1.1916025866303284,-1.143055969323954,-1.1695359424001581,-0.8937028895230303,-0.18536360973456611,1.001821849848592,2.2044539603928692,2.6965401267256652,3.731465741120649,4.27871851802887,4.104392028610525,4.371398423795585,4.435391692063079,4.446425014178164,4.349331779565415,4.825971294937092,4.750944704554513,4.717844738209258,4.85686459685933,4.6869514362870195,4.446425014178164,3.954338847845368,3.740292398812717,3.751325720927802,4.111012021879577,4.483938309369454,4.841417945898211,4.7465313757084795,5.10842434108327,5.284957494924632,5.004711113201471,4.494971631484539,3.9190322170770955,3.270272876710091,2.3236138392357883,1.5071480027194901,1.0614017892700516,0.6796488440881067,0.3751291537117576,0.6002089248594938,0.6928888306262089,0.5406289854380343,0.2824492479450426,0.29568923448314477,0.4258824354411491,0.5340089921689832,0.48104904601657467,0.2581759392918554,0.3376158585204682,0.7017154883182769,-0.008830455893204327,0.06398947006635741,0.1412227248719532,-0.08606371069880012,0.013236188336965897,0.026476174875068034,0.02426951045205101,-0.05737707319957882,-0.022070442431306462,-0.09268370396785118,-0.044137086661476685,0,0
0,-0.9532828289444899,-0.6818631049133962,-0.5229832664561705,-0.467816655880745,-0.4236833674204046,-0.172123623196464,-0.03751709339242562,0.04192282583618719,0.14563605371798724,-0.07061705973768095,-0.08827037512181714,0.11694941621876595,0.40160912678796185,0.19859599987039578,-0.013243784739238372,-0.13019699915914057,-3.7982011362372927e-6,0.03530283256713612,0.06178280564334039,0.15887604025608937,0.2316959662156511,0.14342938929497023,0.12798273833385107,0.12577607391083404,0.013236188336965897,-0.0022104626241532597,-0.1831569453115491,-0.3905834010751492,-0.3420367837687747,-0.17433028761948102,-0.22287690492585552,-0.5980098568387493,-0.6620031251062429,-0.5053299510720344,-0.3994100587672173,-0.4236833674204046,-0.370723421267996,-0.5031232866490174,-0.5582898972244429,-0.38617007222911515,-0.6222831654919365,-0.8230896279864857,-0.8937028895230303,-0.9201828625992347,-1.173949271246192,-1.0989226808636134,-0.9113562049071665,-0.8495696010626899,-0.955489493367507,-0.9709361443286261,-0.9003228827920814,-1.1982225798993795,-1.3857890558558263,-1.3306224452804007,-1.171742606823175,-1.1077493385556816,-1.1099560029786986,-0.9201828625992347,-0.6178698366459026,-0.2405302203099917,0.42146910659511505,1.304134875801924,1.972754195976082,2.8443866430678058,3.735879069966683,4.203691927646291,4.340505121873347,4.27871851802887,4.30078516225904,4.3228518064892105,4.205898592069309,4.263271867067751,4.437598356486096,4.583238208405219,4.0492254180351,4.3316784641812784,4.002885465151743,3.535072607472134,3.477699332473691,3.969785498806487,4.150731981493883,4.099978699764492,4.148525317070866,4.552344906482981,4.792871328591836,4.428771698794028,4.07129206226527,3.4203260574752488,2.590620234420848,1.602034572909222,0.7039221527412939,0.6311022267817322,0.7612954277397365,0.714955474856379,0.7899820652389578,0.7193688037024131,0.4854623748626087,0.2316959662156511,0.25596927486883836,0.2625892681378894,0.3751291537117576,0.4744290527475236,0.35306250948158735,0.315549214290298,0.3596825027506384,0.011029523913948874,-0.05737707319957882,-0.2339102270409406,-0.37293008569101305,-0.07282372416069798,-0.11695701262103843,-0.1655036299274129,-0.2030169251187023,-0.09268370396785118,-0.19860359627266827,-0.3111434818465364,0,0
0,-1.1871892577842944,-0.962109486636558,-0.5251899308791876,-0.3067301530005024,-0.2427368847330087,-0.075030388583715,-0.07282372416069798,-0.046343751084493706,0.008822859490931853,-0.09047703954483416,0.022062846029033988,0.12136274506479999,0.1610827046791064,0.08605611429652764,0.16549603352514045,0.1015027652576468,0.15004938256402128,0.3751291537117576,0.29127590563711075,0.24493595275375327,0.34864918063555334,0.33982252294348525,0.35306250948158735,0.1390160604489362,-0.2118435828107704,-0.07282372416069798,-0.3464501126148088,-0.49870995780298333,-0.273630186655247,-0.22287690492585552,-0.2868701731933492,-0.45016334049660883,-0.4766433135728131,-0.30452348857748535,-0.28907683761636616,-0.34424344819179176,-0.3111434818465364,-0.5869765347236642,-0.6068365145308174,-0.5097432799180684,-0.6377298164530557,-0.6973097558745154,-0.6928964270284813,-0.6024231856847834,-0.7944029904872644,-0.6818631049133962,-0.7590963597189919,-0.964316151059575,-0.9709361443286261,-1.1827759289382602,-1.2666291770129072,-1.1209893250937837,-1.1496759625930049,-1.1055426741326646,-0.9974161174048304,-0.8959095539460473,-0.9422495068294048,-0.6156631722228855,-0.38396340780609817,-0.3751367501140301,-0.013243784739238372,0.7259887969714641,1.780774391173601,2.775980045954278,3.0363664478702868,3.2967528497862952,3.453426023820504,3.5262459497800656,3.1334596824830356,2.9922331594099463,2.9525131997956398,3.0451931055623547,2.873073280567027,2.963546521910725,2.990026494986929,3.051813098831406,2.731846757493938,2.550900274806542,2.5840002411517973,2.76715338826221,2.7208134353788527,2.8311466565297034,3.054019763254423,3.07829307190761,3.5284526142030828,3.4953526478578274,2.9149999046043504,2.27065389308338,1.7300211094442093,1.1915949902280558,0.7193688037024131,0.5472489787070853,0.49870236140071084,0.5847622738983748,0.6840621729341407,0.6752355152420726,0.5560756363991535,0.5009090258237279,0.5980022604364769,0.317755878713315,0.32878920082840013,0.42146910659511505,0.25596927486883836,0.04854281910523826,0.1809426844862596,0.24714261717677027,-0.041930422238459664,-0.20743025396473636,-0.1919836030036172,-0.006623791470187304,-0.050757079930527756,-0.024277106854323483,-0.024277106854323483,-0.075030388583715,-0.19419026742663423,-0.4192700385743705,0,0
0,-0.8981162183690644,-0.8407429433706218,-0.4369233539585067,-0.08165038185276607,0.05736947679730635,0.022062846029033988,-0.004417127047170282,-0.1346103280051746,-0.14785031454327674,-0.09268370396785118,0.12136274506479999,0.36409583159667247,0.3707158248657235,0.23390263063866815,0.4766357171705406,0.3376158585204682,0.10812275852669787,0.21845597967754898,0.2096293219854809,0.2537626104458213,0.3663024960196895,0.6222755690896641,1.0834684335002218,0.8164620383151621,0.21624931525453198,0.022062846029033988,-0.47443664914979605,-0.48988330011091524,-0.26701019338619597,-0.3994100587672173,-0.2824568443473151,-0.23832355588697465,-0.11033701935198736,0.16549603352514045,0.11032942294971489,0.05516281237428933,-0.09709703281388522,-0.6928964270284813,-0.761303024142009,-0.6862764337594303,-0.6906897626054642,-0.6355231520300387,-0.7370297154888218,-0.6266964943379706,-0.46340332703471093,-0.3994100587672173,-0.46560999145772797,-0.7259963933737367,-0.7877829972182132,-0.8738429097158771,-1.1386426404779197,-1.2004292443223965,-1.0062427750968985,-0.8429496077936388,-0.8826695674079452,-0.8275029568325196,-0.6024231856847834,-0.33762345492274065,-0.2140502472337874,-0.2824568443473151,0.01544285275998292,0.41705577774908104,1.2798615671487368,2.0455741219356436,1.7763610623275667,1.6549945190616306,1.4872880229123369,1.3659214796464008,1.0724351113851367,1.29972154695589,1.3835747950305368,1.2224882921502942,0.6465488777428513,1.017268500809711,1.3482681642622645,1.2931015536868389,1.0746417758081537,1.1761483392669367,1.4696347075282008,1.703541136368005,1.6373412036774944,1.6836811565608518,1.7300211094442093,1.4166747613757922,1.7167811229061072,1.6704411700227497,1.3769548017614859,1.0459551383089325,0.7635020921627536,0.4766357171705406,0.3464425162125363,0.44132908640226826,0.2670025969839235,0.24714261717677027,0.37292248928874056,0.48987570370864275,0.4280890998641661,0.5163556767848471,0.7017154883182769,0.4766357171705406,0.4832557104395917,0.43029576428718314,0.2537626104458213,0.044129490259204214,0.22066264410056602,0.17652935564022557,-0.2537702068480938,-0.2912835020393832,-0.13902365685120865,-0.006623791470187304,0.0330961681441191,0.06840279891239145,-0.03089710012337455,-0.06841039531466393,-0.044137086661476685,-0.26480352896317894,0,0
0,-0.659796460683226,-0.5516699039553918,-0.41265004530531946,-0.23832355588697465,-0.008830455893204327,0.06840279891239145,0.01764951718299994,-0.19860359627266827,-0.14123032127422566,0.04854281910523826,0.22728263736961707,0.4457424152483023,0.4854623748626087,0.4038157912109789,0.46118906620942146,0.6002089248594938,0.4347090931332172,0.30451589217521285,0.30010256332917884,0.3905758046728767,0.4744290527475236,0.6487555421658684,1.1673216815748686,1.304134875801924,0.9113486085048941,0.414849113326064,0.1015027652576468,0.25596927486883836,0.2008026642934128,-0.15888363665836186,-0.08827037512181714,-0.22287690492585552,-0.13902365685120865,0.18314934890927662,0.17652935564022557,0.21624931525453198,0.12577607391083404,-0.4435433472275577,-0.7215830645277026,-0.7414430443348557,-0.7061364135665834,-0.7149630712586516,-1.1055426741326646,-0.8142629702944175,-0.4567833337656599,-0.5207766020331536,-0.32438346838463855,-0.4479566760735918,-0.7855763327951962,-1.0834760299024944,-1.246769197205754,-1.1805692645152432,-0.9025295472150985,-0.6399364808760728,-0.7899896616412303,-0.6200765010689195,-0.23832355588697465,-0.09268370396785118,0.24052262390771922,0.3574758383276214,0.3773358181347746,0.5318023277459661,1.0768484402311707,1.213661634458226,0.6862688373571577,0.46118906620942146,-0.14785031454327674,-0.3023168241544683,-0.21846357607982148,-0.12578367031310653,-0.22508356934887253,-0.3420367837687747,-0.39720339434420027,-0.20963691838775336,0.1015027652576468,0.20742265756246386,0.41705577774908104,0.6333088912047492,0.9797552056184218,1.1496683661907325,1.0238884940787623,0.812048709469128,0.8870752998517067,0.9709285479263536,0.904728615235843,0.520769005630881,0.36188916717365543,0.4280890998641661,0.3596825027506384,0.30010256332917884,0.30010256332917884,0.4391224219792512,0.35306250948158735,0.35306250948158735,0.3949891335189108,0.42146910659511505,0.35306250948158735,0.34423585178951926,0.3464425162125363,0.32878920082840013,0.44132908640226826,0.32437587198236606,0.2692092614069405,0.3067225565982299,0.28024258352202563,0.0728161277584255,-0.21625691165680444,-0.28466350877033214,-0.2427368847330087,-0.1831569453115491,-0.20963691838775336,-0.15667697223534482,-0.03972375781544264,0.026476174875068034,0.15004938256402128,0.1610827046791064,0,0
0,-0.39279006549816625,-0.2140502472337874,-0.12578367031310653,-0.09268370396785118,0.039716161413170165,0.0529561479512723,-0.046343751084493706,-0.18757027415758315,-0.09268370396785118,0.11694941621876595,0.31334254986728094,0.43029576428718314,0.3773358181347746,0.34864918063555334,0.5516623075531194,1.1165683998454772,0.9996151854255749,0.7943953940849918,0.80322205177706,0.7568820988937025,0.8274953604302472,0.9665152190803196,1.198214983497107,1.4894946873353538,1.396814781568639,0.9223819306199792,0.5053223546697619,0.7701220854318046,0.80322205177706,0.6068289181285449,0.42146910659511505,0.05736947679730635,-0.06620373089164691,-0.017657113585272416,-0.14785031454327674,-0.5935965279927152,-0.6355231520300387,-0.6156631722228855,-0.7414430443348557,-0.7193764001046855,-0.6531764674141749,-0.659796460683226,-0.7966096549102814,-0.6134565077998685,-0.5362232529942726,-0.761303024142009,-0.8164696347174345,-1.1099560029786986,-1.1474692981699879,-1.1165759962477495,-1.2048425731684305,-0.9863827952897453,-0.7414430443348557,-0.5825632058776302,-0.6620031251062429,-0.30452348857748535,0.11915608064178297,0.36188916717365543,0.9907885277335069,1.2600015873415835,1.09229509119229,0.8539753335064515,1.0702284469621197,0.9863751988874728,0.6200689046666471,0.22286930852358303,-0.5869765347236642,-0.6951030914514983,-0.5119499443410854,-0.9753494731746601,-1.052582727980256,-0.9245961914452686,-0.7590963597189919,-0.7414430443348557,0.011029523913948874,0.5693156229372556,0.7767420787008557,0.8628019911985195,1.1584950238828005,1.0547817960010004,0.6928888306262089,0.5384223210150172,0.35306250948158735,0.5053223546697619,0.6222755690896641,0.45015574409433634,0.4236757710181321,0.4369157575562342,0.4369157575562342,0.48104904601657467,0.47001572390148955,0.5251823344769151,0.6244822335126812,0.46560239505545553,0.5163556767848471,0.4876690392856257,0.414849113326064,0.5097356835157959,0.4457424152483023,0.36188916717365543,0.36850916044270654,0.23390263063866815,0.2692092614069405,0.3751291537117576,0.27141592582995755,0.2118359864084979,-0.006623791470187304,-0.24494354915602573,-0.4788499779958301,-0.24935687800205977,-0.1655036299274129,-0.1434369856972427,0.06619613448937443,0.08384944987351062,0.17873602006324257,0.28465591236805965,0,0
0,-0.07061705973768095,-0.13681699242819162,-0.07723705300673202,0.04192282583618719,0.07060946333540848,-0.013243784739238372,-0.09268370396785118,-0.1434369856972427,-0.172123623196464,0.13680939602591916,0.4457424152483023,0.6575821998579364,0.6487555421658684,0.6597888642809535,0.9422419104271323,1.5534879556028476,1.6417545325235285,1.3328215133011454,1.1408417084986644,1.1739416748439198,1.2224882921502942,1.4144680969527752,1.5380413046417285,1.4608080498361327,1.4718413719512178,1.1783550036899537,0.8848686354286898,1.0128551719636771,1.0614017892700516,1.0702284469621197,0.8274953604302472,0.2780359190990086,-0.041930422238459664,-0.20963691838775336,-0.35307010588385984,-0.6818631049133962,-0.858396258754758,-0.8164696347174345,-0.763509688565026,-0.7039297491435664,-0.4567833337656599,-0.40382338761325137,-0.5141566087641025,-0.5472565751093578,-0.4876766356878982,-0.6222831654919365,-0.8826695674079452,-1.1254026539398176,-1.063616050095341,-0.9201828625992347,-0.9819694664437112,-0.7370297154888218,-0.5185699376101365,-0.33321012607670664,-0.22067024050283848,0.09488277198859572,0.6046222537055279,1.0459551383089325,1.4255014190678603,1.7454677604053286,1.509354667142507,1.0437484738859153,0.809842045046111,0.4920823681316598,0.3023092277521958,0.08384944987351062,-0.3001101597314513,-0.4391300183815237,-0.5516699039553918,-0.8363296145245878,-0.9753494731746601,-0.8981162183690644,-0.763509688565026,-0.5825632058776302,0.0529561479512723,0.812048709469128,1.2577949229185665,1.407848103683724,1.6527878546386137,1.3813681306075198,0.8319086892762813,0.414849113326064,0.07502279218144253,0.18314934890927662,0.3707158248657235,0.3354091940974512,0.5980022604364769,0.611242246974579,0.6553755354349194,0.7789487431238727,0.8164620383151621,0.7017154883182769,0.6950954950492259,0.710542146010345,0.8274953604302472,0.6333088912047492,0.4678090594784725,0.7723287498548216,0.6928888306262089,0.518562341207864,0.41264244890304697,0.4060224556339959,0.2978958989061618,0.33320252967443414,0.34864918063555334,0.4038157912109789,0.17211602679419152,-0.12357700589008949,-0.29569683088541726,0.05957614122032337,0.04854281910523826,0.02426951045205101,0.1323960671798851,0.12577607391083404,0.32878920082840013,0.44132908640226826,0,0
0,-0.24935687800205977,-0.32879679723067257,-0.11695701262103843,0.030889503721102076,0.04192282583618719,0.13460273160290212,0.03530283256713612,-0.11695701262103843,-0.22729023377188956,0.18535601333229365,0.5825556094753577,0.9179686017739451,1.109948406576426,1.1298083863835793,1.3438548354162305,1.6461678613695625,1.780774391173601,1.4872880229123369,1.317374862340026,1.3791614661845029,1.4122614325297582,1.4409480700289794,1.3548881575313156,1.2776549027257198,1.4343280767599285,1.3769548017614859,1.4740480363742348,1.6351345392544774,1.410054768106741,1.3615081508003666,1.017268500809711,0.3861624758268427,-0.024277106854323483,-0.24715021357904277,-0.34865677703782577,-0.5273965953022046,-0.9466628356754389,-0.9245961914452686,-0.8252962924095026,-0.7215830645277026,-0.38396340780609817,-0.2537702068480938,-0.3751367501140301,-0.5869765347236642,-0.4854699712648812,-0.41485670972833644,-0.46340332703471093,-0.5516699039553918,-0.7083430779896005,-0.567116554916511,-0.42147670299738754,-0.28025017992429807,-0.13902365685120865,0.12136274506479999,0.41043578448002993,0.5980022604364769,0.9378285815810983,1.2070416411891751,1.40343477483769,1.6351345392544774,1.317374862340026,1.1165683998454772,0.915761937350928,0.2824492479450426,0.06398947006635741,-0.19639693184965124,-0.5450499106863408,-0.6840697693364132,-0.5847698703006472,-0.6134565077998685,-0.6951030914514983,-0.66420978952926,-0.6355231520300387,-0.4236833674204046,0.07722945660445955,0.7546754344706854,1.4232947546448433,1.674854498868784,1.5623146132949157,1.3725414729154517,0.9179686017739451,0.4920823681316598,0.34202918736650223,0.4545690729403704,0.6862688373571577,0.8561819979294685,1.098915084461341,0.9201752661969621,0.8848686354286898,1.0283018229247962,1.1783550036899537,1.0746417758081537,1.0636084536930686,1.1915949902280558,1.2357282786883963,1.0481618027319495,0.9907885277335069,1.1320150508065963,0.9378285815810983,0.7590887633167195,0.8054287162000769,0.9113486085048941,0.40160912678796185,0.3309958652514171,0.3751291537117576,0.3464425162125363,0.09046944314256168,0.046336154682221235,0.04192282583618719,0.22507597294660006,0.1809426844862596,0.09929610083462978,0.10591609410368084,0.1809426844862596,0.3839558114038257,0.46118906620942146,0,0
0,-0.23611689146395765,-0.3398301193457577,-0.2140502472337874,-0.26039020011714487,-0.2515635424250768,-0.015450449162255395,-0.08165038185276607,-0.13019699915914057,-0.10813035492897034,0.18535601333229365,0.419262442172098,0.7590887633167195,1.1452550373446984,1.3637148152233836,1.685887820983869,1.8227010152109244,1.798427706557737,1.6086545661782732,1.40343477483769,1.3637148152233836,1.4519813921440645,1.4563947209900987,1.2953082181098559,1.2533815940725326,1.4299147479138943,1.5623146132949157,1.8160810219418733,1.893314276747469,1.6241012171393923,1.4188814257988092,1.0327151517708302,0.48104904601657467,0.0330961681441191,-0.12137034146707247,-0.20963691838775336,-0.4236833674204046,-0.9268028558682857,-0.7237897289507196,-0.46119666261169395,-0.38175674338308113,-0.33541679049972367,-0.11033701935198736,-0.06399706646862989,-0.16109030108137887,-0.2537702068480938,-0.1147503481980214,0.09929610083462978,0.14784271814100428,-0.2427368847330087,-0.01103712031622135,0.00661619506791483,0.01764951718299994,0.30451589217521285,0.5053223546697619,0.6399288844738003,0.7524687700476684,0.997408521002558,0.9709285479263536,1.004028514271609,1.0349218161938474,0.6046222537055279,0.48104904601657467,0.43029576428718314,0.08384944987351062,0.00661619506791483,-0.2625968645401619,-0.5075366154950514,-0.6002165212617664,-0.5273965953022046,-0.5803565414546131,-0.6531764674141749,-0.4589899981886769,-0.3994100587672173,-0.1655036299274129,0.10370942968066382,0.3067225565982299,0.9378285815810983,1.500528009450439,1.591001250794137,1.3107548690709752,1.017268500809711,0.8385286825453323,0.812048709469128,0.710542146010345,1.1761483392669367,1.491701351758371,1.6505811902155965,1.5358346402187113,1.6483745257925795,1.586587921948103,1.4696347075282008,1.4696347075282008,1.6174812238703413,1.6616145123306816,1.5049413382964731,1.2688282450336517,1.1871816613820219,1.1805616681129707,0.9731352123493707,0.8914886286977408,0.8297020248532642,0.7326087902405152,0.27582925467599156,0.19859599987039578,0.14784271814100428,0.0926761075655787,0.022062846029033988,0.15004938256402128,0.04854281910523826,-0.0551704087765618,-0.050757079930527756,-0.172123623196464,-0.11916367704405545,0.04854281910523826,0.17211602679419152,-0.0022104626241532597,0,0
0,-0.07944371742974905,-0.07061705973768095,-0.2427368847330087,-0.46560999145772797,-0.41706337415135347,-0.269216857809213,-0.3949967299211833,-0.19419026742663423,0.011029523913948874,0.16770269794815748,0.2581759392918554,0.34202918736650223,0.5229756700538981,0.8341153536992982,1.3747481373384687,1.8381476661720435,1.8602143104022137,1.7322277738672265,1.6704411700227497,1.6770611632918009,1.58879458637112,1.4475680632980306,1.4299147479138943,1.4608080498361327,1.582174593102069,1.7322277738672265,1.9462742228998775,1.9506875517459117,1.7234011161751583,1.306341540224941,0.9267952594660132,0.41043578448002993,-0.01103712031622135,-0.07723705300673202,-0.18095028088853207,-0.3221768039616215,-0.4589899981886769,-0.30452348857748535,-0.1655036299274129,-0.1632969655043959,-0.22729023377188956,0.19638933544737877,0.17211602679419152,0.05736947679730635,-0.03310376454639157,0.09708943641161275,0.24493595275375327,0.2978958989061618,0.15225604698703832,0.31334254986728094,0.17873602006324257,0.20300932871642982,0.6928888306262089,0.909141944081877,0.8716286488905877,0.8010153873540429,0.80322205177706,0.4633957306324385,0.2780359190990086,0.1323960671798851,-0.17653695204249803,-0.2317035626179236,-0.2868701731933492,-0.3111434818465364,-0.3199701395386045,-0.5494632395323749,-0.5494632395323749,-0.5141566087641025,-0.5781498770315961,-0.370723421267996,-0.3552767703068769,-0.35748343472989386,-0.3310034616536896,-0.048550415507510734,0.18756267775531069,0.3067225565982299,0.615655575820613,1.096708420038324,1.2688282450336517,1.0834684335002218,1.1187750642684942,0.8429420113913664,0.6575821998579364,0.6730288508190556,1.3615081508003666,1.7167811229061072,1.7719477334815328,1.7454677604053286,1.886694283478418,1.7388477671362774,1.5203879892575922,1.4453613988750136,1.392401452722605,1.3394415065701963,1.2379349431114133,1.0724351113851367,0.7568820988937025,0.6531688710119025,0.5759356162063066,0.419262442172098,0.2670025969839235,0.12136274506479999,-0.12578367031310653,-0.3265901328076556,-0.3221768039616215,-0.15226364338931078,-0.05737707319957882,-0.10592369050595332,-0.46560999145772797,-0.5891831991466813,-0.4280966962664386,-0.39279006549816625,-0.31555681069257047,-0.22287690492585552,-0.2405302203099917,-0.6090431789538344,0,0
0,-0.24715021357904277,-0.10592369050595332,-0.3111434818465364,-0.4192700385743705,-0.43251002511247266,-0.42147670299738754,-0.5869765347236642,-0.6178698366459026,-0.24494354915602573,0.05736947679730635,0.20521599313944686,0.23610929506168515,0.3949891335189108,0.6266888979356982,1.017268500809711,1.7256077805981753,1.8315276729029923,1.6196878882933583,1.599827908486205,1.6329278748314604,1.4894946873353538,1.4144680969527752,1.6969211430989541,1.8227010152109244,1.8668343036712647,1.8778676257863498,1.9131742565546221,1.8580076459791968,1.9220009142466903,1.685887820983869,0.8760419777366217,0.34202918736650223,-0.08827037512181714,-0.273630186655247,-0.33762345492274065,-0.40382338761325137,-0.36410342799894496,-0.24935687800205977,-0.33321012607670664,-0.2537702068480938,-0.172123623196464,0.03750949699015314,0.01544285275998292,-0.008830455893204327,0.0529561479512723,0.17873602006324257,0.1412227248719532,0.2625892681378894,0.29127590563711075,0.2824492479450426,0.40160912678796185,0.4523624085173534,0.6818555085111238,0.90693527965886,0.8341153536992982,0.6421355488968173,0.34864918063555334,-0.10371702608293629,-0.3464501126148088,-0.5935965279927152,-0.7370297154888218,-0.48988330011091524,-0.4435433472275577,-0.6443498097221068,-0.8142629702944175,-0.8407429433706218,-0.7215830645277026,-0.8076429770253665,-0.9731428087516432,-0.42589003184342156,-0.48326330684186414,-0.5031232866490174,-0.5009166222260003,-0.48105664241884716,-0.29569683088541726,-0.006623791470187304,0.3089292210212469,0.5693156229372556,0.5295956633229492,0.5229756700538981,0.714955474856379,0.4038157912109789,0.3773358181347746,0.4347090931332172,0.7811554075468897,1.3239948556090773,1.500528009450439,1.5799679286790518,1.7145744584830902,1.5292146469496604,1.4232947546448433,1.3195815267630433,1.0680217825391027,0.915761937350928,0.7546754344706854,0.5604889652451874,0.24272928833073623,0.2096293219854809,0.24714261717677027,0.044129490259204214,-0.33541679049972367,-0.3905834010751492,-0.5273965953022046,-0.7017230847205493,-0.5935965279927152,-0.25597687127111085,-0.29569683088541726,-0.7436497087578728,-0.8848762318309622,-0.7304097222197706,-0.5340165885712557,-0.40382338761325137,-0.28907683761636616,-0.17653695204249803,-0.2780435155012811,-0.6620031251062429,0,0
0,-0.5935965279927152,-0.31776347511558745,-0.26701019338619597,-0.20963691838775336,-0.5075366154950514,-0.5913898635696982,-0.6752431116443451,-0.8297096212555367,-0.5141566087641025,-0.15226364338931078,0.08605611429652764,0.2316959662156511,0.3949891335189108,0.5340089921689832,0.7546754344706854,1.193801654651073,1.4850813584893199,1.5358346402187113,1.5203879892575922,1.5248013181036262,1.297514882532873,1.3284081844551112,1.5468679623337964,1.6285145459854264,1.8690409680942819,1.9330342363617754,1.79622104213472,1.591001250794137,1.7851877200196349,1.509354667142507,0.6664088575500046,0.31334254986728094,-0.1346103280051746,-0.46560999145772797,-0.5715298837625451,-0.5163632731871195,-0.5450499106863408,-0.6355231520300387,-0.8142629702944175,-0.4303033606894556,-0.44575001165057476,-0.41485670972833644,-0.31776347511558745,-0.37293008569101305,-0.2868701731933492,-0.09930369723690224,-0.004417127047170282,0.17873602006324257,0.16328936910212344,0.17432269121720853,0.6024155892825109,0.315549214290298,0.4347090931332172,0.6619955287039705,0.5075290190927789,0.18314934890927662,-0.13240366358215758,-0.5273965953022046,-0.9201828625992347,-0.9863827952897453,-1.1011293452866304,-1.065822714518358,-0.8826695674079452,-0.9753494731746601,-1.0459627347112048,-0.9356295135603537,-1.0062427750968985,-0.9157695337532006,-0.8275029568325196,-0.5229832664561705,-0.770129681834077,-0.6443498097221068,-0.5582898972244429,-0.7590963597189919,-0.5847698703006472,-0.22949689819490657,0.14563605371798724,0.3773358181347746,0.3309958652514171,0.315549214290298,0.34202918736650223,0.09488277198859572,0.3376158585204682,0.26038260371487243,0.19859599987039578,0.7524687700476684,0.9444485748501493,1.2224882921502942,1.5071480027194901,1.4387414056059624,1.4321214123369113,1.2953082181098559,0.9996151854255749,0.7966020585080089,0.4678090594784725,0.19418267102436174,-0.0551704087765618,-0.2537702068480938,0.10370942968066382,0.12577607391083404,-0.27142352223223,-0.36631009242196194,-0.6906897626054642,-0.8451562722166558,-0.6399364808760728,-0.3199701395386045,-0.41706337415135347,-0.66420978952926,-0.6884830981824472,-0.6112498433768515,-0.4435433472275577,-0.38175674338308113,-0.3905834010751492,-0.33541679049972367,-0.39279006549816625,-0.467816655880745,0,0
0,-0.8848762318309622,-0.5075366154950514,-0.2537702068480938,-0.19860359627266827,-0.4391300183815237,-0.6112498433768515,-0.6951030914514983,-0.7348230510658047,-0.6421431452990898,-0.3596900991529109,-0.14785031454327674,0.0816427854504936,0.3994024623649448,0.4964956969776938,0.8981086219667919,1.3107548690709752,1.2754482383027028,1.3460614998392475,1.4674280431051836,1.597621244063188,1.4255014190678603,1.6263078815624092,1.6704411700227497,1.509354667142507,1.7432610959823116,2.0190941488594394,2.005854162321337,1.7145744584830902,1.8072543642498051,1.2423482719574475,0.4589824017864044,-0.015450449162255395,-0.4854699712648812,-0.6002165212617664,-0.6178698366459026,-0.5781498770315961,-0.761303024142009,-0.8561895943317409,-0.8760495741388942,-0.6399364808760728,-0.7921963260642473,-0.7304097222197706,-0.5163632731871195,-0.6553831318371919,-0.6421431452990898,-0.30452348857748535,0.022062846029033988,0.11915608064178297,0.17873602006324257,0.2868625767910767,0.4964956969776938,0.09708943641161275,0.2890692412140937,0.5229756700538981,0.4236757710181321,-0.024277106854323483,-0.29569683088541726,-0.7215830645277026,-1.26442251258989,-0.8804629029849282,-0.7414430443348557,-0.9179761981762176,-1.0923026875945623,-1.0349294125961197,-0.8164696347174345,-0.754683030872958,-1.0216894260580176,-0.7149630712586516,-0.6796564404903792,-0.6421431452990898,-0.6289031587609877,-0.47002332030376204,-0.5075366154950514,-0.7083430779896005,-0.6178698366459026,-0.3023168241544683,0.030889503721102076,0.25596927486883836,0.32878920082840013,0.3111358854442639,0.23610929506168515,0.1809426844862596,0.15446271141005533,0.01764951718299994,0.0022028662218807854,0.31996254313633204,0.4678090594784725,0.8429420113913664,1.2732415738796856,1.498321345027422,1.5446612979107794,1.5027346738734562,1.3747481373384687,1.1893883258050388,0.7612954277397365,0.30010256332917884,-0.13240366358215758,-0.5406365818403067,-0.06399706646862989,-0.19419026742663423,-0.4236833674204046,-0.23611689146395765,-0.5891831991466813,-0.7348230510658047,-0.6156631722228855,-0.4104433808823024,-0.5803565414546131,-0.4965032933799663,-0.3883767366521322,-0.6465564741451238,-0.562703226070477,-0.4589899981886769,-0.45457666934264285,-0.49870995780298333,-0.6421431452990898,-0.6333164876070216,0,0
0,-1.0283094193270688,-0.8010229837563154,-0.6796564404903792,-0.5980098568387493,-0.6200765010689195,-0.72820305779675365,-0.7524763664499409,-0.6311098231840047,-0.4303033606894556,-0.22508356934887253,-0.2317035626179236,-0.017657113585272416,0.36850916044270654,0.15225604698703832,0.5803489450523407,0.9378285815810983,0.8672153200445536,1.0702284469621197,1.2401416075344305,1.3239948556090773,1.2688282450336517,1.7322277738672265,1.8249076796339414,1.705747800791022,1.690301149829903,1.7719477334815328,1.9043475988625542,1.8734542969403158,1.884487619055401,1.3637148152233836,0.7657087565857705,0.2294893017926341,-0.3111434818465364,-0.5141566087641025,-0.5472565751093578,-0.66420978952926,-0.8275029568325196,-0.8252962924095026,-0.851776265485707,-0.8363296145245878,-0.7436497087578728,-0.6024231856847834,-0.5141566087641025,-0.6046298501078003,-0.6487631385681408,-0.24494354915602573,0.23610929506168515,0.41043578448002993,0.5626956296682045,0.3773358181347746,0.2868625767910767,0.20521599313944686,0.4766357171705406,0.5626956296682045,0.39719579794192783,-0.008830455893204327,-0.22067024050283848,-0.45237000491962587,-0.7370297154888218,-0.770129681834077,-0.8208829635634686,-0.9223895270222516,-1.0923026875945623,-0.9599028222135411,-0.8275029568325196,-0.7789563395261452,-0.8716362452928601,-0.5935965279927152,-0.8363296145245878,-0.7966096549102814,-0.5119499443410854,-0.40382338761325137,-0.38396340780609817,-0.4920899645339322,-0.5450499106863408,-0.4369233539585067,-0.09709703281388522,0.2118359864084979,0.39278246909589376,0.45015574409433634,0.2008026642934128,0.07060946333540848,0.0926761075655787,-0.048550415507510734,-0.022070442431306462,0.2824492479450426,0.6840621729341407,1.019475165232728,1.4255014190678603,1.791807713288686,1.9065542632855712,1.9308275719387584,2.0367474642435757,1.882280954632384,1.2931015536868389,0.5472489787070853,0.08605611429652764,-0.1434369856972427,0.06398947006635741,0.08384944987351062,0.0529561479512723,0.13460273160290212,-0.14123032127422566,-0.18536360973456611,-0.2979034953084343,-0.41485670972833644,-0.6134565077998685,-0.48326330684186414,-0.48105664241884716,-0.7259963933737367,-0.6465564741451238,-0.41706337415135347,-0.3949967299211833,-0.5185699376101365,-0.7193764001046855,-0.6068365145308174,0,0
0,-1.0018294462508643,-0.8473629366396729,-0.9268028558682857,-0.8914962251000134,-0.9157695337532006,-0.9488695000984559,-0.8451562722166558,-0.5560832328014259,-0.31335014626955343,-0.15888363665836186,-0.1434369856972427,0.12136274506479999,0.3707158248657235,0.24052262390771922,0.4391224219792512,0.4942890325546768,0.47884238159355763,0.8010153873540429,0.809842045046111,1.0702284469621197,1.3217881911860603,1.694714478675937,1.685887820983869,1.7256077805981753,1.8116676930958393,1.8315276729029923,1.8381476661720435,1.8072543642498051,1.6108612306012902,1.3681281440694177,1.0856750979232388,0.6708221863960386,0.14342938929497023,-0.49870995780298333,-0.659796460683226,-0.6156631722228855,-0.6112498433768515,-0.6465564741451238,-0.8164696347174345,-0.8076429770253665,-0.5869765347236642,-0.6090431789538344,-0.5009166222260003,-0.40382338761325137,-0.29569683088541726,-0.2515635424250768,-0.01986377800828944,0.2670025969839235,0.5251823344769151,0.1699093623711745,0.20521599313944686,0.39719579794192783,0.4920823681316598,0.5053223546697619,0.41043578448002993,0.1390160604489362,-0.20743025396473636,-0.4965032933799663,-0.6333164876070216,-0.7855763327951962,-1.1254026539398176,-1.1695359424001581,-0.9907961241357793,-0.8208829635634686,-1.0415494058651709,-0.8252962924095026,-0.7811630039491622,-0.8385362789476047,-0.9753494731746601,-0.8561895943317409,-0.5803565414546131,-0.41706337415135347,-0.29569683088541726,-0.45237000491962587,-0.5472565751093578,-0.4082367164592854,-0.15447030781232782,0.14342938929497023,0.3552691739046044,0.39278246909589376,0.08826277871954466,-0.046343751084493706,-0.015450449162255395,-0.13019699915914057,-0.2934901664624002,0.04192282583618719,0.6774421796650897,1.2445549363804644,1.705747800791022,2.3147871815437204,2.7495000728780736,2.566346925767661,2.7031601199947164,2.467047026731895,1.7653277402124818,0.7436421123556003,0.3839558114038257,0.3067225565982299,0.3663024960196895,0.6244822335126812,0.8208753671611961,0.7193688037024131,0.34864918063555334,0.3508558450585703,0.026476174875068034,-0.2868701731933492,-0.4104433808823024,-0.48105664241884716,-0.6465564741451238,-0.8032296481793324,-0.7127564068356345,-0.30452348857748535,-0.32879679723067257,-0.659796460683226,-0.9731428087516432,-0.6995164202975324,0,0
0,-0.9334228491373368,-0.8429496077936388,-1.0283094193270688,-0.9047362116381155,-0.9863827952897453,-1.1871892577842944,-1.2269092173986007,-0.6796564404903792,-0.4567833337656599,-0.3994100587672173,-0.2780435155012811,0.07502279218144253,0.3861624758268427,0.4876690392856257,0.5163556767848471,0.6730288508190556,0.714955474856379,0.7458487767786174,0.6818555085111238,1.193801654651073,1.7344344382902435,2.058814108473746,1.9970275046292691,1.9771675248221159,1.985994182514184,2.016887484436422,1.7873943844426519,1.7741543979045498,1.6616145123306816,1.4210880902218261,1.202628312343141,0.915761937350928,0.419262442172098,-0.24935687800205977,-0.5582898972244429,-0.49429662895694926,-0.37293008569101305,-0.45016334049660883,-0.6995164202975324,-0.7105497424126175,-0.5582898972244429,-0.5869765347236642,-0.4766433135728131,-0.4391300183815237,-0.43251002511247266,-0.41485670972833644,-0.2140502472337874,-0.075030388583715,-0.07723705300673202,-0.43251002511247266,-0.19639693184965124,0.0926761075655787,0.26038260371487243,0.3861624758268427,0.4589824017864044,0.2890692412140937,-0.09268370396785118,-0.46119666261169395,-0.4920899645339322,-0.5935965279927152,-0.8297096212555367,-0.8694295808698431,-0.860602923177775,-0.8892895606769963,-1.171742606823175,-0.8539829299087239,-0.9047362116381155,-1.0856826943255113,-1.1231959895168007,-0.9091495404841495,-0.6752431116443451,-0.4435433472275577,-0.28466350877033214,-0.22949689819490657,-0.3552767703068769,-0.3618967635759279,-0.26039020011714487,-0.08606371069880012,0.04854281910523826,0.14342938929497023,0.079436121027476575,-0.17433028761948102,-0.23611689146395765,-0.2405302203099917,-0.37293008569101305,0.022062846029033988,0.6377222200507833,1.3129615334939921,1.8116676930958393,2.290513872890533,2.742880079609023,2.9105865757583165,3.1047730449838142,2.742880079609023,2.186800645008733,1.5314213113726773,0.7701220854318046,0.3795424825577916,0.4038157912109789,0.5649022940912215,0.613448911397596,0.6288955623587151,0.5560756363991535,0.5715222873602726,0.23390263063866815,-0.13681699242819162,-0.42589003184342156,-0.5759432126085791,-0.6046298501078003,-0.7436497087578728,-0.754683030872958,-0.5582898972244429,-0.6973097558745154,-0.8473629366396729,-1.0018294462508643,-0.8341229501015708,0,0
0,-0.8782562385619112,-0.8694295808698431,-1.065822714518358,-0.9819694664437112,-1.0856826943255113,-1.2931091500891114,-1.3747557337407412,-0.8275029568325196,-0.7193764001046855,-0.5825632058776302,-0.28907683761636616,0.14342938929497023,0.4589824017864044,0.5847622738983748,0.51414901236183,0.5781422806293236,0.708335481587328,0.80322205177706,0.9422419104271323,1.4630147142591496,1.8646276392482477,2.1470806853944264,2.2176939469309715,2.1316340344333073,1.902140934439537,1.789601048865669,1.8778676257863498,1.9264142430927245,1.7234011161751583,1.3725414729154517,0.9356219171580813,0.5472489787070853,0.26038260371487243,-0.06841039531466393,-0.33762345492274065,-0.41485670972833644,-0.36410342799894496,-0.3596900991529109,-0.48326330684186414,-0.5384299174172897,-0.5075366154950514,-0.43251002511247266,-0.4192700385743705,-0.6002165212617664,-0.6333164876070216,-0.5362232529942726,-0.3420367837687747,-0.3310034616536896,-0.48326330684186414,-0.673036447221328,-0.40603005203626835,-0.2140502472337874,0.03530283256713612,0.32878920082840013,0.5075290190927789,0.4280890998641661,0.11253608737273191,-0.22508356934887253,-0.0948903683908682,-0.09268370396785118,-0.34424344819179176,-0.6377298164530557,-0.7944029904872644,-0.8848762318309622,-0.9378361779833708,-0.8981162183690644,-1.0128627683659495,-1.1011293452866304,-1.0856826943255113,-0.8319162856785537,-0.6509698029911579,-0.5582898972244429,-0.44133668280454075,-0.1831569453115491,-0.3883767366521322,-0.48326330684186414,-0.4280966962664386,-0.28907683761636616,-0.24935687800205977,-0.05296374435354478,0.13018940275686808,-0.22287690492585552,-0.2912835020393832,-0.33762345492274065,-0.3751367501140301,0.09708943641161275,0.4876690392856257,0.9819618700414388,1.5534879556028476,2.072054095011848,2.5950335632668824,2.9988531526789974,3.1533196622901887,2.851006636336857,2.369953792119146,1.6969211430989541,0.7215754681254302,0.0022028662218807854,-0.14785031454327674,0.15446271141005533,0.43250242871020017,0.5318023277459661,0.5362156565920002,0.4060224556339959,0.11474275179574893,-0.07282372416069798,-0.43471668953548964,-0.666416453952277,-0.4479566760735918,-0.562703226070477,-0.5560832328014259,-0.49429662895694926,-0.8164696347174345,-0.867222916446826,-0.8363296145245878,-0.8407429433706218,0,0
0,-0.9047362116381155,-0.9157695337532006,-0.9731428087516432,-0.9444561712524219,-1.0989226808636134,-1.2820758279740263,-1.0768560366334432,-0.6355231520300387,-0.6024231856847834,-0.49429662895694926,-0.22508356934887253,0.22728263736961707,0.48987570370864275,0.6730288508190556,0.6642021931269875,0.6024155892825109,0.818668702738179,1.0150618363866941,1.2048349767661581,1.4652213786821666,1.701334471944988,2.08529408154995,2.2574139065452776,2.047780786358661,1.8138743575188563,1.7697410690585158,1.902140934439537,1.9639275382840138,1.6770611632918009,1.3548881575313156,0.9510685681192005,0.3309958652514171,0.2118359864084979,0.1015027652576468,-0.05737707319957882,-0.3067301530005024,-0.3221768039616215,-0.34424344819179176,-0.3994100587672173,-0.41485670972833644,-0.46560999145772797,-0.370723421267996,-0.23611689146395765,-0.5185699376101365,-0.6399364808760728,-0.6421431452990898,-0.6311098231840047,-0.5538765683784089,-0.6686231183752941,-0.7524763664499409,-0.5229832664561705,-0.2581835356941279,0.19418267102436174,0.5009090258237279,0.4964956969776938,0.6664088575500046,0.4567757373633874,0.22286930852358303,0.27582925467599156,0.36850916044270654,0.05736947679730635,-0.44575001165057476,-0.66420978952926,-0.7304097222197706,-0.858396258754758,-1.0106561039429325,-1.1077493385556816,-0.9819694664437112,-0.8561895943317409,-0.7723363462570941,-0.72820305779675365,-0.6355231520300387,-0.5759432126085791,-0.4854699712648812,-0.8561895943317409,-0.770129681834077,-0.5296032597252216,-0.3552767703068769,-0.39279006549816625,-0.16109030108137887,-0.03751709339242562,-0.28907683761636616,-0.2934901664624002,-0.3994100587672173,-0.3420367837687747,0.13018940275686808,0.3596825027506384,0.8936952931207579,1.4894946873353538,1.9595142094379798,2.4913203353850824,2.855419965182891,2.970166515179776,2.7252267642248866,2.4229137382715544,1.5159746604115583,0.5097356835157959,0.1015027652576468,-0.10371702608293629,-0.02869043570035753,0.22728263736961707,0.37292248928874056,0.4567757373633874,0.2670025969839235,-0.08827037512181714,-0.16109030108137887,-0.5097432799180684,-0.7458563731808898,-0.6862764337594303,-0.9510761645214729,-0.7436497087578728,-0.5980098568387493,-0.8252962924095026,-0.9753494731746601,-0.9599028222135411,-0.9223895270222516,0,0
0,-1.1055426741326646,-1.063616050095341,-1.0283094193270688,-0.9753494731746601,-1.0989226808636134,-1.5667355385432222,-1.2975224789351454,-0.8341229501015708,-0.6862764337594303,-0.4479566760735918,-0.27142352223223,-0.044137086661476685,0.322169207559349,0.6575821998579364,0.7789487431238727,0.8495620046604174,1.213661634458226,1.401228110414673,1.5556946200258646,1.6351345392544774,1.6373412036774944,2.0279208065515073,2.186800645008733,2.0036474978983203,1.8249076796339414,1.703541136368005,1.8227010152109244,1.884487619055401,1.6682345055997327,1.4365347411829454,0.9598952258112685,0.3111358854442639,0.28024258352202563,0.13018940275686808,-0.17653695204249803,-0.48326330684186414,-0.4280966962664386,-0.48105664241884716,-0.5229832664561705,-0.5009166222260003,-0.5053299510720344,-0.3221768039616215,-0.13681699242819162,-0.27142352223223,-0.5119499443410854,-0.7171697356816685,-0.8186762991404516,-0.7215830645277026,-0.6377298164530557,-0.7745430106801111,-0.7259963933737367,-0.32438346838463855,0.19638933544737877,0.39719579794192783,0.4060224556339959,0.915761937350928,0.8914886286977408,0.8892819642747238,0.913555272927911,0.7039221527412939,0.34864918063555334,-0.2824568443473151,-0.8098496414483835,-0.9025295472150985,-0.9334228491373368,-1.1121626674017155,-1.262215848166873,-1.0967160164405965,-0.8959095539460473,-0.7259963933737367,-0.6266964943379706,-0.5582898972244429,-0.6862764337594303,-0.7877829972182132,-0.8208829635634686,-0.6068365145308174,-0.48105664241884716,-0.38175674338308113,-0.3398301193457577,-0.041930422238459664,-0.050757079930527756,-0.2140502472337874,-0.20743025396473636,-0.37293008569101305,-0.36410342799894496,-0.10813035492897034,0.12577607391083404,0.7635020921627536,1.4541880565670815,1.992614175783235,2.572966919036712,2.7605333949931588,2.762740059416176,2.58179357672878,2.447187046924742,1.5468679623337964,0.5428356498610513,0.008822859490931853,-0.09930369723690224,-0.14564365012025973,-0.10371702608293629,-0.008830455893204327,0.030889503721102076,-0.048550415507510734,-0.18757027415758315,-0.23832355588697465,-0.5119499443410854,-0.5560832328014259,-0.5516699039553918,-0.7877829972182132,-0.8252962924095026,-0.8208829635634686,-0.955489493367507,-1.1099560029786986,-1.0900960231715453,-1.037136077019137,0,0
0,-1.0150694327889667,-1.05699605682629,-1.059202721249307,-1.0415494058651709,-1.0128627683659495,-1.2048425731684305,-1.0878893587485283,-1.0283094193270688,-0.9245961914452686,-0.5406365818403067,-0.15667697223534482,0.1390160604489362,0.4457424152483023,0.7723287498548216,0.9113486085048941,1.215868298881243,1.597621244063188,1.6638211767536988,1.7631210757894646,1.8491809882871286,1.8491809882871286,2.0345407998205585,2.089707410395984,1.9970275046292691,1.8558009815561796,1.6285145459854264,1.8734542969403158,2.0764674238578817,1.8227010152109244,1.4586013854131157,1.004028514271609,0.46560239505545553,0.22286930852358303,0.10370942968066382,-0.368516756844979,-0.7436497087578728,-0.666416453952277,-0.6818631049133962,-0.5119499443410854,-0.37293008569101305,-0.4766433135728131,-0.4236833674204046,-0.1831569453115491,-0.14564365012025973,-0.4788499779958301,-0.6266964943379706,-0.7855763327951962,-0.770129681834077,-0.42589003184342156,-0.6002165212617664,-0.6311098231840047,-0.31555681069257047,-0.006623791470187304,0.07060946333540848,0.08826277871954466,0.28024258352202563,0.4236757710181321,0.7193688037024131,0.9267952594660132,0.6818555085111238,0.5428356498610513,-0.19419026742663423,-0.9907961241357793,-1.2886958212430775,-1.1099560029786986,-1.2158758952835156,-1.4365423375852178,-1.4122690289320305,-0.962109486636558,-0.6134565077998685,-0.42589003184342156,-0.48988330011091524,-0.7590963597189919,-0.7899896616412303,-0.6443498097221068,-0.44575001165057476,-0.5229832664561705,-0.7392363799118388,-0.7723363462570941,-0.2581835356941279,-0.14564365012025973,-0.13681699242819162,-0.06179040204561287,-0.14785031454327674,-0.3994100587672173,-0.44575001165057476,-0.19639693184965124,0.42146910659511505,1.2688282450336517,1.9418608940538435,2.389813771926299,2.6524068382653248,2.5994468921129164,2.394227100772333,1.9286209075157414,1.1187750642684942,0.4678090594784725,0.05074948352825528,-0.03751709339242562,-0.2030169251187023,-0.3111434818465364,-0.3310034616536896,-0.26039020011714487,-0.08165038185276607,0.03750949699015314,-0.008830455893204327,-0.43471668953548964,-0.38617007222911515,-0.22729023377188956,-0.28907683761636616,-0.6884830981824472,-0.8429496077936388,-0.9952094529818134,-1.1320226472088688,-1.1033360097096474,-1.070236043364392,0,0
0,-0.9841761308667283,-0.9753494731746601,-0.8098496414483835,-0.9179761981762176,-1.05699605682629,-1.1033360097096474,-0.9819694664437112,-1.151882627016022,-0.9775561375976772,-0.39279006549816625,0.10812275852669787,0.2978958989061618,0.6421355488968173,1.0569884604240176,1.0525751315779834,1.2710349094566686,1.6108612306012902,1.7741543979045498,1.79622104213472,1.9109675921316052,2.0455741219356436,2.1272207055872734,2.1272207055872734,1.9308275719387584,1.8756609613633328,1.9264142430927245,1.9065542632855712,2.0036474978983203,1.8778676257863498,1.4475680632980306,1.1474617017677153,0.5715222873602726,0.06178280564334039,0.0022028662218807854,-0.567116554916511,-0.9532828289444899,-0.9400428424063878,-0.7436497087578728,-0.4104433808823024,-0.33321012607670664,-0.5141566087641025,-0.6818631049133962,-0.3596900991529109,-0.33321012607670664,-0.6620031251062429,-0.5781498770315961,-0.6928964270284813,-0.763509688565026,-0.5935965279927152,-0.467816655880745,-0.5296032597252216,-0.4589899981886769,-0.38396340780609817,-0.3905834010751492,-0.4876766356878982,-0.3949967299211833,-0.13681699242819162,-0.09709703281388522,0.1699093623711745,0.27362259025297453,0.10370942968066382,-0.34865677703782577,-1.1077493385556816,-1.6196954846956306,-1.4740556327765073,-1.4917089481606434,-1.4122690289320305,-1.2688358414359242,-0.865016252023809,-0.5649098904934939,-0.47002332030376204,-0.562703226070477,-0.7171697356816685,-0.5935965279927152,-0.49870995780298333,-0.5891831991466813,-0.7811630039491622,-0.8407429433706218,-0.8054363126023495,-0.49429662895694926,-0.32879679723067257,-0.3310034616536896,-0.38617007222911515,-0.4391300183815237,-0.6200765010689195,-0.7083430779896005,-0.5384299174172897,0.030889503721102076,0.9334152527350643,1.5181813248345752,1.9528942161689287,2.4207070738485372,2.3103738526976865,2.301547195005618,1.9264142430927245,0.900315286389809,0.4038157912109789,0.2824492479450426,0.14784271814100428,-0.3001101597314513,-0.40603005203626835,-0.38175674338308113,-0.1655036299274129,0.3552691739046044,0.5494556431301023,0.47001572390148955,0.11915608064178297,-0.01103712031622135,0.15004938256402128,0.044129490259204214,-0.4435433472275577,-0.7039297491435664,-0.8473629366396729,-0.9488695000984559,-0.9334228491373368,0,0,0
0,-1.1099560029786986,-1.0967160164405965,-1.0238960904810346,-1.070236043364392,-1.1893959222073114,-1.251182526051788,-1.145262633746971,-1.2004292443223965,-0.8341229501015708,-0.30452348857748535,0.12798273833385107,0.18314934890927662,0.511942347938813,0.9488619036961834,1.1562883594597835,1.3703348084924347,1.604241237332239,1.8425609950180775,1.9948208402062522,2.0367474642435757,2.078674088280899,2.1117740546261543,2.098534068088052,1.6483745257925795,1.7873943844426519,2.173560658470631,1.9396542296308266,2.001440833475303,1.9131742565546221,1.597621244063188,1.1364283796526304,0.5781422806293236,0.030889503721102076,-0.21846357607982148,-0.6355231520300387,-0.7679230174110601,-0.8076429770253665,-0.7171697356816685,-0.40603005203626835,-0.4280966962664386,-0.5803565414546131,-0.5825632058776302,-0.24935687800205977,-0.3905834010751492,-0.6906897626054642,-0.6487631385681408,-0.7414430443348557,-0.8363296145245878,-0.761303024142009,-0.5009166222260003,-0.6818631049133962,-0.7877829972182132,-0.7458563731808898,-0.6884830981824472,-0.9157695337532006,-0.8208829635634686,-0.5737365481855621,-0.7590963597189919,-0.3552767703068769,-0.22067024050283848,-0.40603005203626835,-0.5340165885712557,-1.0172760972119836,-1.36813574047169,-1.3769623981637582,-1.3791690625867752,-1.158502620285073,-0.8914962251000134,-0.7370297154888218,-0.6244898299149536,-0.42147670299738754,-0.3221768039616215,-0.33541679049972367,-0.24715021357904277,-0.14123032127422566,-0.2427368847330087,-0.5980098568387493,-0.6333164876070216,-0.6708297827983111,-0.6531764674141749,-0.6068365145308174,-0.6156631722228855,-0.7679230174110601,-0.8628095876007921,-0.8164696347174345,-0.6377298164530557,-0.4965032933799663,-0.15888363665836186,0.5075290190927789,0.8804553065826557,1.2401416075344305,1.6329278748314604,1.798427706557737,1.89993427001652,1.5468679623337964,0.6884755017801748,0.19638933544737877,0.2316959662156511,0.0816427854504936,-0.3552767703068769,-0.36631009242196194,-0.14785031454327674,0.31334254986728094,0.8914886286977408,0.9113486085048941,0.9113486085048941,0.7590887633167195,0.4964956969776938,0.42146910659511505,0.18756267775531069,-0.2118435828107704,-0.5516699039553918,-0.6553831318371919,-0.6553831318371919,-0.7723363462570941,0,0,0
0,-1.0900960231715453,-1.0018294462508643,-1.05699605682629,-1.171742606823175,-1.2269092173986007,-1.2754558347049751,-1.2092559020144646,-1.0194827616350006,-0.6443498097221068,-0.34865677703782577,-0.15447030781232782,0.06619613448937443,0.5406289854380343,0.8451486758143834,1.096708420038324,1.4652213786821666,1.7256077805981753,1.7167811229061072,1.705747800791022,1.9639275382840138,1.893314276747469,1.8646276392482477,1.780774391173601,1.5314213113726773,1.6417545325235285,1.9131742565546221,1.9043475988625542,2.1691473296245967,1.9948208402062522,1.595414579640171,1.107741742153409,0.6619955287039705,-0.03751709339242562,-0.6046298501078003,-0.9312161847143198,-0.7723363462570941,-0.7348230510658047,-0.7061364135665834,-0.5141566087641025,-0.43251002511247266,-0.45016334049660883,-0.47002332030376204,-0.31555681069257047,-0.2537702068480938,-0.38396340780609817,-0.5075366154950514,-0.6200765010689195,-0.8252962924095026,-0.9025295472150985,-0.8341229501015708,-0.9731428087516432,-1.068029378941375,-1.1033360097096474,-1.0724427077874092,-1.2114625664374816,-1.0834760299024944,-0.9047362116381155,-0.851776265485707,-0.6046298501078003,-0.5406365818403067,-0.7061364135665834,-0.8914962251000134,-1.1629159491311072,-1.352689089510571,-1.3262091164343668,-1.1783626000922263,-1.050376063557239,-0.8120563058714005,-0.5913898635696982,-0.4722299847267791,-0.2780435155012811,0.044129490259204214,0.2692092614069405,0.2383159594847022,-0.09047703954483416,-0.21846357607982148,-0.3795500789600641,-0.48105664241884716,-0.6995164202975324,-0.8385362789476047,-0.8275029568325196,-0.7149630712586516,-0.9312161847143198,-1.1342293116318858,-1.0459627347112048,-0.657589796260209,-0.7193764001046855,-0.4766433135728131,-0.0022104626241532597,0.21404265083151494,0.36188916717365543,0.7017154883182769,1.0834684335002218,1.1408417084986644,0.80322205177706,0.3861624758268427,0.12798273833385107,0.044129490259204214,-0.1919836030036172,-0.42589003184342156,-0.3310034616536896,0.11474275179574893,0.61786224024363,1.0415418094628983,1.0746417758081537,1.1143617354224602,1.0834684335002218,0.9819618700414388,0.8716286488905877,0.3795424825577916,-0.0022104626241532597,-0.45237000491962587,-0.9157695337532006,-0.8186762991404516,-0.8252962924095026,0,0,0
0,-1.0393427414421539,-1.0393427414421539,-1.0614093856723241,-1.1474692981699879,-1.1827759289382602,-1.140849304900937,-1.0724427077874092,-0.8473629366396729,-0.5296032597252216,-0.269216857809213,-0.07723705300673202,0.11032942294971489,0.41705577774908104,0.611242246974579,0.7679154210087876,1.0283018229247962,1.301928211378907,1.500528009450439,1.5623146132949157,1.7763610623275667,1.5292146469496604,1.6373412036774944,1.8293210084799754,1.7873943844426519,1.4232947546448433,1.4166747613757922,1.5446612979107794,1.8491809882871286,1.8712476325172989,1.6152745594473241,1.209248305612192,0.7304021258174982,-0.3001101597314513,-0.66420978952926,-0.7502697020269239,-0.8032296481793324,-0.7392363799118388,-0.6862764337594303,-0.6399364808760728,-0.6156631722228855,-0.45237000491962587,-0.48326330684186414,-0.5185699376101365,-0.14564365012025973,-0.08165038185276607,-0.2405302203099917,-0.4920899645339322,-0.8208829635634686,-1.0327227481731027,-1.1761559356692093,-1.1871892577842944,-0.9841761308667283,-1.0989226808636134,-1.3328291097034177,-1.4784689616225413,-1.348275760664537,-1.2953158145121284,-1.1077493385556816,-0.8098496414483835,-0.5318099241482387,-0.6355231520300387,-0.9444561712524219,-1.255595854897822,-1.4674356395074561,-1.363722411625656,-1.1849825933612772,-1.2048425731684305,-1.0724427077874092,-0.7966096549102814,-0.5075366154950514,-0.31555681069257047,-0.046343751084493706,0.12577607391083404,0.12798273833385107,-0.16991695877344698,-0.2824568443473151,-0.39279006549816625,-0.6266964943379706,-0.8959095539460473,-0.9599028222135411,-0.8694295808698431,-0.6553831318371919,-0.6752431116443451,-0.9863827952897453,-1.0768560366334432,-0.8252962924095026,-0.9885894597127624,-0.7855763327951962,-0.45457666934264285,-0.3310034616536896,-0.3596900991529109,-0.10371702608293629,0.25596927486883836,0.36188916717365543,0.14784271814100428,0.08384944987351062,0.004409530644897808,-0.21625691165680444,-0.49429662895694926,-0.6200765010689195,-0.4391300183815237,0.11694941621876595,0.5869689383213917,0.9245885950429962,1.0525751315779834,0.9775485411954047,0.9179686017739451,0.9312085883120472,0.9245885950429962,0.4964956969776938,0.25155594602280434,-0.1346103280051746,-0.6906897626054642,-0.8120563058714005,-0.865016252023809,0,0,0
0,-1.0768560366334432,-1.253389190474805,-1.2136692308604986,-1.1496759625930049,-1.1187826606707667,-0.9709361443286261,-0.9488695000984559,-0.8275029568325196,-0.5097432799180684,-0.15005697896629377,-0.050757079930527756,0.08605611429652764,0.23610929506168515,0.4258824354411491,0.6774421796650897,0.7590887633167195,0.7568820988937025,1.2710349094566686,1.4122614325297582,1.4762547007972517,1.5623146132949157,1.69250781425292,1.9352409007847924,1.988200846937201,1.4740480363742348,1.6638211767536988,1.5512812911798306,1.4387414056059624,1.6130678950243071,1.58879458637112,1.4563947209900987,1.0481618027319495,0.008822859490931853,-0.4280966962664386,-0.6090431789538344,-0.860602923177775,-0.7370297154888218,-0.5516699039553918,-0.4722299847267791,-0.5097432799180684,-0.3949967299211833,-0.42589003184342156,-0.37734341453704706,-0.1434369856972427,-0.09268370396785118,-0.22067024050283848,-0.5251899308791876,-0.9356295135603537,-0.9003228827920814,-0.8848762318309622,-0.8473629366396729,-0.5935965279927152,-0.6134565077998685,-1.0238960904810346,-1.36813574047169,-1.3306224452804007,-1.4718489683534903,-1.3593090827796221,-0.955489493367507,-0.5273965953022046,-0.6443498097221068,-0.9907961241357793,-1.348275760664537,-1.5843888539273583,-1.5203955856598648,-1.3990290423939284,-1.4056490356629796,-1.4255090154701326,-1.2026359087454135,-0.860602923177775,-0.5141566087641025,-0.19860359627266827,-0.11695701262103843,-0.09709703281388522,-0.15447030781232782,-0.3905834010751492,-0.6134565077998685,-0.8208829635634686,-1.0128627683659495,-1.0216894260580176,-0.867222916446826,-0.7657163529880431,-0.8252962924095026,-1.1893959222073114,-1.1960159154763623,-1.0283094193270688,-0.9135628693301835,-0.6884830981824472,-0.6311098231840047,-0.6686231183752941,-0.7458563731808898,-0.673036447221328,-0.467816655880745,-0.38175674338308113,-0.66420978952926,-0.4082367164592854,-0.26039020011714487,-0.37293008569101305,-0.5980098568387493,-0.6531764674141749,-0.42589003184342156,0.026476174875068034,0.3773358181347746,0.6377222200507833,0.8274953604302472,0.8561819979294685,0.7017154883182769,0.6288955623587151,0.6553755354349194,0.6399288844738003,0.29348257006012773,-0.13902365685120865,-0.5273965953022046,-0.7370297154888218,-0.8230896279864857,0,0,0
0,-1.1364359760549028,-1.1938092510533453,-1.248975861628771,-1.1121626674017155,-1.0018294462508643,-0.8892895606769963,-0.8716362452928601,-0.8914962251000134,-0.7414430443348557,-0.370723421267996,-0.1632969655043959,0.11694941621876595,0.41705577774908104,0.48104904601657467,0.5980022604364769,0.5428356498610513,0.4082291200570129,0.7811554075468897,0.6553755354349194,0.9665152190803196,1.4630147142591496,1.599827908486205,1.8138743575188563,1.893314276747469,1.7300211094442093,1.69250781425292,1.4894946873353538,1.286481560417788,1.2931015536868389,1.1761483392669367,1.1540816950367665,0.909141944081877,0.29127590563711075,-0.26039020011714487,-0.6377298164530557,-0.6355231520300387,-0.3508634414608428,-0.22067024050283848,-0.20081026069568528,-0.18095028088853207,-0.17433028761948102,-0.38617007222911515,-0.2780435155012811,-0.16109030108137887,-0.28907683761636616,-0.4920899645339322,-0.5980098568387493,-0.6686231183752941,-0.6024231856847834,-0.42589003184342156,-0.30452348857748535,-0.30893681742351936,-0.4391300183815237,-1.0768560366334432,-1.2754558347049751,-1.1783626000922263,-1.3151757943192817,-1.2754558347049751,-1.05699605682629,-0.7745430106801111,-0.8363296145245878,-1.0768560366334432,-1.352689089510571,-1.5137755923908136,-1.6704487664250223,-1.5976288404654606,-1.5799755250813243,-1.6594154443099371,-1.5137755923908136,-1.1342293116318858,-0.7458563731808898,-0.45457666934264285,-0.3221768039616215,-0.24715021357904277,-0.2824568443473151,-0.5075366154950514,-0.7083430779896005,-0.9003228827920814,-1.059202721249307,-1.1783626000922263,-0.9841761308667283,-0.8782562385619112,-0.9775561375976772,-1.337242438549452,-1.26442251258989,-1.158502620285073,-1.0724427077874092,-0.8628095876007921,-0.8959095539460473,-0.8539829299087239,-0.7767496751031282,-0.754683030872958,-0.8076429770253665,-0.9047362116381155,-1.1055426741326646,-0.8385362789476047,-0.6068365145308174,-0.5472565751093578,-0.6553831318371919,-0.6399364808760728,-0.3905834010751492,-0.07061705973768095,0.1412227248719532,0.22066264410056602,0.4060224556339959,0.5318023277459661,0.45015574409433634,0.3861624758268427,0.3376158585204682,0.30451589217521285,0.12577607391083404,-0.22287690492585552,-0.42589003184342156,-0.5781498770315961,-0.7833696683721793,0,0,0
0,-1.2026359087454135,-1.2202892241295498,-1.2931091500891114,-1.070236043364392,-0.9599028222135411,-0.9245961914452686,-0.8319162856785537,-0.8098496414483835,-0.7568896952959749,-0.5781498770315961,-0.19860359627266827,0.07722945660445955,0.22728263736961707,0.3309958652514171,0.5428356498610513,0.5671089585142386,0.5472489787070853,0.5957955960134599,0.6200689046666471,0.9444485748501493,1.288688224840805,1.3681281440694177,1.6483745257925795,1.9286209075157414,1.89993427001652,1.6505811902155965,1.6660278411767158,1.688094485406886,1.5645212777179327,1.2202816277272772,1.200421647920124,0.812048709469128,0.4258824354411491,0.19638933544737877,-0.3111434818465364,-0.5273965953022046,-0.31776347511558745,-0.07723705300673202,-0.17874361646551506,-0.2581835356941279,-0.26480352896317894,-0.3552767703068769,-0.19419026742663423,-0.20963691838775336,-0.3994100587672173,-0.5207766020331536,-0.5362232529942726,-0.45457666934264285,-0.32879679723067257,-0.12137034146707247,0.11915608064178297,0.17652935564022557,-0.05296374435354478,-0.8297096212555367,-0.9996227818278474,-1.0459627347112048,-1.2975224789351454,-1.260009183743856,-1.0746493722104262,-0.9819694664437112,-1.068029378941375,-1.1099560029786986,-1.3857890558558263,-1.5755621962352904,-1.646175457771835,-1.5865955183503755,-1.6020421693114946,-1.6241088135416648,-1.5336355721979669,-1.1496759625930049,-0.8937028895230303,-0.6708297827983111,-0.3795500789600641,-0.25597687127111085,-0.41706337415135347,-0.66420978952926,-0.7590963597189919,-0.9047362116381155,-1.0459627347112048,-1.0834760299024944,-0.8539829299087239,-0.9378361779833708,-1.065822714518358,-1.2202892241295498,-1.1673292779771411,-1.140849304900937,-1.065822714518358,-0.9731428087516432,-1.1143693318247325,-0.957696157790524,-0.8252962924095026,-0.8738429097158771,-0.9400428424063878,-1.0040361106738815,-0.9819694664437112,-0.8098496414483835,-0.7811630039491622,-0.7899896616412303,-0.7524763664499409,-0.6068365145308174,-0.4104433808823024,-0.19639693184965124,0.004409530644897808,0.12356940948781703,0.1323960671798851,0.1809426844862596,0.17873602006324257,0.1809426844862596,0.25155594602280434,0.1323960671798851,-0.004417127047170282,-0.1831569453115491,-0.21846357607982148,-0.3001101597314513,-0.5273965953022046,0,0,0
0,-1.1496759625930049,-1.1320226472088688,-1.2335292106676519,-1.1783626000922263,-1.1364359760549028,-0.8760495741388942,-0.6200765010689195,-0.6862764337594303,-0.5097432799180684,-0.3310034616536896,-0.20081026069568528,-0.06620373089164691,0.05516281237428933,0.24272928833073623,0.5891756027444087,0.5097356835157959,0.46118906620942146,0.5582823008221705,0.8208753671611961,1.0106485075406602,1.2467616008034814,1.4299147479138943,1.685887820983869,1.9352409007847924,1.9175875854006563,1.7675344046354988,1.893314276747469,1.7697410690585158,1.6218945527163753,1.3791614661845029,1.3504748286852815,0.8716286488905877,0.48104904601657467,0.27582925467599156,-0.1434369856972427,-0.49429662895694926,-0.5450499106863408,-0.30893681742351936,-0.3067301530005024,-0.38617007222911515,-0.3883767366521322,-0.32879679723067257,-0.2140502472337874,-0.4435433472275577,-0.5847698703006472,-0.5516699039553918,-0.5913898635696982,-0.38175674338308113,-0.0838570462757831,0.2780359190990086,0.7546754344706854,0.6686155219730215,0.3464425162125363,-0.18977693858060016,-0.5163632731871195,-0.8076429770253665,-1.1077493385556816,-1.2224958885525667,-1.0305160837500857,-0.9731428087516432,-1.0283094193270688,-1.0150694327889667,-1.3703424048947073,-1.5336355721979669,-1.443162330854269,-1.3107624654732475,-1.3946157135478945,-1.4740556327765073,-1.4299223443161668,-1.1165759962477495,-0.9290095202913027,-0.6818631049133962,-0.35748343472989386,-0.22067024050283848,-0.5141566087641025,-0.7745430106801111,-0.8341229501015708,-0.8937028895230303,-0.9488695000984559,-0.9179761981762176,-0.763509688565026,-0.9775561375976772,-1.1761559356692093,-1.1960159154763623,-1.0989226808636134,-1.2070492375914474,-1.0415494058651709,-0.9157695337532006,-0.9731428087516432,-0.9245961914452686,-0.9665228154825921,-1.0040361106738815,-0.8981162183690644,-0.7966096549102814,-0.8429496077936388,-0.8539829299087239,-0.7966096549102814,-0.7679230174110601,-0.7149630712586516,-0.5384299174172897,-0.4479566760735918,-0.26039020011714487,-0.026483771277340508,0.18756267775531069,0.1390160604489362,0.2670025969839235,0.22066264410056602,0.12356940948781703,0.3067225565982299,0.10370942968066382,0.044129490259204214,0.20521599313944686,0.13018940275686808,0.046336154682221235,-0.22949689819490657,0,0,0
0,-1.0128627683659495,-0.9157695337532006,-0.9797628020206942,-1.0923026875945623,-1.054789392403273,-0.754683030872958,-0.56049656164746,-0.8054363126023495,-0.7502697020269239,-0.5296032597252216,-0.2934901664624002,-0.10371702608293629,0.13680939602591916,0.2692092614069405,0.38174914698080864,0.37292248928874056,0.3707158248657235,0.5935889315904428,0.8010153873540429,0.7304021258174982,1.2291082854193454,1.6461678613695625,1.8381476661720435,1.8337343373260095,1.89993427001652,1.880074290209367,1.7366411027132604,1.3548881575313156,1.482874694066303,1.3857814594535538,1.019475165232728,0.712748810433362,0.33320252967443414,0.07722945660445955,-0.12137034146707247,-0.23611689146395765,-0.46119666261169395,-0.48326330684186414,-0.41706337415135347,-0.4854699712648812,-0.48105664241884716,-0.36631009242196194,-0.22287690492585552,-0.40382338761325137,-0.4479566760735918,-0.5207766020331536,-0.7348230510658047,-0.4280966962664386,0.008822859490931853,0.5009090258237279,1.0547817960010004,0.9598952258112685,0.6244822335126812,0.2316959662156511,-0.28907683761636616,-0.7127564068356345,-1.0349294125961197,-1.2158758952835156,-1.0923026875945623,-0.962109486636558,-0.9532828289444899,-1.0216894260580176,-1.3041424722041965,-1.4696423039304731,-1.456402317392371,-1.4012357068169454,-1.5203955856598648,-1.4343356731622008,-1.3813757270097924,-1.2335292106676519,-0.9378361779833708,-0.7039297491435664,-0.5053299510720344,-0.38617007222911515,-0.5516699039553918,-0.72820305779675365,-0.8473629366396729,-0.9599028222135411,-1.054789392403273,-1.0128627683659495,-0.8451562722166558,-0.7590963597189919,-1.0415494058651709,-1.0900960231715453,-1.059202721249307,-1.2842824923970433,-1.1364359760549028,-1.1364359760549028,-1.1916025866303284,-1.0327227481731027,-1.052582727980256,-1.0856826943255113,-0.9245961914452686,-0.5516699039553918,-0.4369233539585067,-0.569323219339528,-0.6002165212617664,-0.33541679049972367,-0.3001101597314513,-0.36410342799894496,-0.40382338761325137,-0.26039020011714487,-0.075030388583715,0.07502279218144253,0.17652935564022557,0.4457424152483023,0.317755878713315,0.1610827046791064,0.30010256332917884,0.1897693421783277,0.2581759392918554,0.34202918736650223,0.19638933544737877,0.17432269121720853,-0.07282372416069798,0,0,0
0,-0.9356295135603537,-0.9245961914452686,-0.9025295472150985,-0.9223895270222516,-0.9091495404841495,-0.860602923177775,-0.8275029568325196,-0.8716362452928601,-0.7966096549102814,-0.56049656164746,-0.24935687800205977,0.07060946333540848,0.36409583159667247,0.3023092277521958,0.31334254986728094,0.38174914698080864,0.4347090931332172,0.6730288508190556,0.9356219171580813,1.0415418094628983,1.3593014863773496,1.8668343036712647,1.9705475315530647,1.7763610623275667,1.8403543305950605,2.094120739242018,1.8359410017490265,1.1717350104209028,1.306341540224941,1.5314213113726773,1.3262015200320942,0.7590887633167195,0.12798273833385107,-0.15667697223534482,-0.23611689146395765,-0.19419026742663423,-0.6509698029911579,-0.5649098904934939,-0.4479566760735918,-0.5362232529942726,-0.5119499443410854,-0.44575001165057476,-0.32438346838463855,-0.3023168241544683,-0.25597687127111085,-0.4236833674204046,-0.657589796260209,-0.4788499779958301,0.011029523913948874,0.5362156565920002,0.9797552056184218,1.209248305612192,0.7921887296619748,0.25596927486883836,-0.26480352896317894,-0.7370297154888218,-1.0989226808636134,-1.2114625664374816,-1.1496759625930049,-1.1254026539398176,-1.1320226472088688,-1.1496759625930049,-1.248975861628771,-1.4961222770066775,-1.4056490356629796,-1.348275760664537,-1.5115689279677966,-1.4078557000859966,-1.5314289077749499,-1.4762622971995243,-0.9885894597127624,-0.72820305779675365,-0.7105497424126175,-0.7171697356816685,-0.5781498770315961,-0.6487631385681408,-0.8826695674079452,-1.1342293116318858,-1.3571024183566052,-1.4917089481606434,-1.2048425731684305,-0.8716362452928601,-1.05699605682629,-1.0062427750968985,-0.9466628356754389,-0.9819694664437112,-0.9907961241357793,-1.0768560366334432,-1.1121626674017155,-0.9907961241357793,-0.9157695337532006,-0.9003228827920814,-0.8297096212555367,-0.5494632395323749,-0.2140502472337874,-0.2780435155012811,-0.5296032597252216,-0.6333164876070216,-0.45457666934264285,-0.39279006549816625,-0.36631009242196194,-0.25597687127111085,-0.13681699242819162,-0.13902365685120865,-0.046343751084493706,0.28465591236805965,0.28465591236805965,0.11694941621876595,0.07722945660445955,0.24272928833073623,0.24714261717677027,0.19859599987039578,-0.004417127047170282,-0.19639693184965124,-0.15888363665836186,0,0,0
0,-0.8804629029849282,-0.8010229837563154,-0.754683030872958,-0.8032296481793324,-0.9201828625992347,-1.151882627016022,-1.0724427077874092,-0.964316151059575,-0.7789563395261452,-0.41485670972833644,-0.026483771277340508,0.2493492815997873,0.34864918063555334,0.09708943641161275,0.24052262390771922,0.5560756363991535,0.8495620046604174,0.9709285479263536,1.2953082181098559,1.4541880565670815,1.4784613652202687,1.9374475652078096,1.992614175783235,1.8690409680942819,1.9484808873228947,2.3346471613508735,2.255207242122261,1.8778676257863498,1.7234011161751583,1.6836811565608518,1.4277080834908773,0.8208753671611961,0.10591609410368084,0.03750949699015314,0.01764951718299994,-0.13019699915914057,-0.6620031251062429,-0.42589003184342156,-0.47002332030376204,-0.7568896952959749,-0.5913898635696982,-0.5560832328014259,-0.4567833337656599,-0.3420367837687747,-0.43251002511247266,-0.7480630376039068,-0.8230896279864857,-0.5560832328014259,-0.05958373762259584,0.4589824017864044,0.809842045046111,0.9290019238890302,0.8054287162000769,0.25155594602280434,-0.27142352223223,-0.7105497424126175,-1.260009183743856,-1.348275760664537,-1.255595854897822,-1.2953158145121284,-1.4210956866240987,-1.3240024520113498,-1.3173824587422986,-1.5976288404654606,-1.3416557673954859,-1.1496759625930049,-1.156295955862056,-1.2379425395136858,-1.451988988546337,-1.3394491029724689,-0.9356295135603537,-0.6818631049133962,-0.6156631722228855,-0.6002165212617664,-0.5737365481855621,-0.6840697693364132,-0.9599028222135411,-1.246769197205754,-1.44978232412332,-1.5777688606583073,-1.1143693318247325,-0.8694295808698431,-1.0393427414421539,-0.955489493367507,-0.7215830645277026,-0.763509688565026,-0.9819694664437112,-0.8870828962539793,-0.7899896616412303,-0.7326163866427877,-0.8319162856785537,-0.8252962924095026,-0.8892895606769963,-0.7811630039491622,-0.4965032933799663,-0.48326330684186414,-0.47002332030376204,-0.5384299174172897,-0.5384299174172897,-0.49870995780298333,-0.3795500789600641,-0.22949689819490657,-0.08606371069880012,-0.13019699915914057,-0.15226364338931078,-0.09709703281388522,-0.07723705300673202,-0.05958373762259584,-0.013243784739238372,0.12356940948781703,0.011029523913948874,0.026476174875068034,0.1323960671798851,0.15887604025608937,0.019856181606016966,0,0,0
0,-0.5737365481855621,-0.6068365145308174,-0.7657163529880431,-0.9245961914452686,-1.1187826606707667,-1.2291158818216177,-1.0746493722104262,-0.9510761645214729,-0.7193764001046855,-0.2625968645401619,0.24272928833073623,0.46560239505545553,0.36188916717365543,-0.0353104289694086,0.039716161413170165,0.6333088912047492,1.1783550036899537,1.3747481373384687,1.7476744248283456,1.7719477334815328,1.6241012171393923,1.6285145459854264,1.79622104213472,1.9153809209776393,2.0345407998205585,2.213280618084937,2.186800645008733,1.9992341690522861,1.8513876527101456,1.7653277402124818,1.4144680969527752,0.9466552392731664,0.45015574409433634,0.24714261717677027,0.01764951718299994,-0.20743025396473636,-0.45237000491962587,-0.27583685107826406,-0.3552767703068769,-0.5913898635696982,-0.6311098231840047,-0.7083430779896005,-0.6355231520300387,-0.5384299174172897,-0.5163632731871195,-0.754683030872958,-0.8010229837563154,-0.5538765683784089,-0.2118435828107704,0.12577607391083404,0.6068289181285449,0.818668702738179,0.7723287498548216,0.21845597967754898,-0.1434369856972427,-0.5384299174172897,-1.2269092173986007,-1.4828822904685754,-1.36813574047169,-1.2247025529755837,-1.26442251258989,-1.1143693318247325,-1.2357358750906688,-1.5203955856598648,-1.3173824587422986,-1.0900960231715453,-1.156295955862056,-1.365929076048673,-1.3615157472026391,-1.1231959895168007,-0.858396258754758,-0.7458563731808898,-0.7480630376039068,-0.72820305779675365,-0.7017230847205493,-0.7657163529880431,-0.9047362116381155,-0.9510761645214729,-1.2026359087454135,-1.529222243351933,-1.0768560366334432,-0.7502697020269239,-0.9223895270222516,-1.1938092510533453,-0.8826695674079452,-0.9466628356754389,-1.0967160164405965,-0.860602923177775,-0.9996227818278474,-1.1165759962477495,-1.1121626674017155,-0.955489493367507,-1.0878893587485283,-0.9885894597127624,-0.6818631049133962,-0.5119499443410854,-0.26480352896317894,-0.28907683761636616,-0.4722299847267791,-0.5538765683784089,-0.36631009242196194,-0.2030169251187023,-0.08165038185276607,0.0330961681441191,0.17652935564022557,0.11694941621876595,-0.10592369050595332,-0.12357700589008949,-0.09268370396785118,-0.09709703281388522,-0.17433028761948102,-0.09930369723690224,0.13460273160290212,0.22286930852358303,-3.7982011362372927e-6,0,0,0
0,-0.6002165212617664,-0.7502697020269239,-1.2269092173986007,-0.9863827952897453,-0.9885894597127624,-1.0834760299024944,-0.9996227818278474,-0.7326163866427877,-0.5229832664561705,-0.2140502472337874,0.24493595275375327,0.5031156902467449,0.5229756700538981,0.21624931525453198,-0.2405302203099917,0.34864918063555334,1.1651150171518516,1.688094485406886,2.0235074777054733,1.8580076459791968,1.491701351758371,1.2953082181098559,1.5932079152171539,1.8227010152109244,1.8558009815561796,1.8425609950180775,2.0521941152046947,2.0080608267443543,1.9330342363617754,1.8911076123244521,1.4299147479138943,0.8230820315842131,0.45015574409433634,0.27141592582995755,-0.1655036299274129,-0.47002332030376204,-0.6906897626054642,-0.7083430779896005,-0.33541679049972367,-0.37734341453704706,-0.66420978952926,-0.9003228827920814,-0.6686231183752941,-0.5296032597252216,-0.4920899645339322,-0.5516699039553918,-0.6002165212617664,-0.3420367837687747,-0.050757079930527756,-0.03751709339242562,0.5273889988999322,0.7281954613944812,0.41705577774908104,-0.18536360973456611,-0.2824568443473151,-0.5384299174172897,-1.1187826606707667,-1.6241088135416648,-1.6042488337345115,-1.4652289750844392,-1.3835823914328094,-1.156295955862056,-1.1805692645152432,-1.3107624654732475,-1.3151757943192817,-1.1938092510533453,-1.1673292779771411,-1.3328291097034177,-1.335035774126435,-1.1783626000922263,-0.9974161174048304,-0.9532828289444899,-1.0172760972119836,-0.9400428424063878,-0.8230896279864857,-0.72820305779675365,-0.7171697356816685,-0.6002165212617664,-0.9091495404841495,-1.4012357068169454,-1.4233023510471157,-0.8363296145245878,-0.8716362452928601,-1.2224958885525667,-1.054789392403273,-1.2180825597065326,-1.2776624991279923,-1.0900960231715453,-1.063616050095341,-1.2401492039367028,-1.253389190474805,-1.145262633746971,-1.26442251258989,-1.0967160164405965,-0.9069428760611324,-0.6951030914514983,-0.2427368847330087,-0.20743025396473636,-0.2824568443473151,-0.2581835356941279,-0.172123623196464,-0.15005697896629377,-0.13019699915914057,-0.050757079930527756,0.03530283256713612,0.022062846029033988,-0.05958373762259584,-0.06841039531466393,-0.10592369050595332,-0.01103712031622135,-0.041930422238459664,-0.16991695877344698,0.028682839298085055,-0.022070442431306462,-0.22067024050283848,0,0,0
0,-1.4277156798931498,-1.5159822568138306,-1.4806756260455582,-1.0084494395199155,-0.9775561375976772,-1.0724427077874092,-1.1276093183628346,-0.7944029904872644,-0.6156631722228855,-0.31776347511558745,0.05957614122032337,0.31996254313633204,0.3354091940974512,0.1897693421783277,-0.07723705300673202,0.21404265083151494,0.9996151854255749,1.5534879556028476,1.6505811902155965,1.6064479017552562,1.405641439260707,1.2555882584955496,1.407848103683724,1.500528009450439,1.4674280431051836,1.5556946200258646,1.897727605593503,2.0080608267443543,1.9815808536681498,1.9043475988625542,1.6439611969465455,0.8870752998517067,0.4038157912109789,0.17211602679419152,-0.17433028761948102,-0.4479566760735918,-0.6311098231840047,-0.6973097558745154,-0.3199701395386045,-0.22067024050283848,-0.6112498433768515,-1.0040361106738815,-0.6951030914514983,-0.5737365481855621,-0.4722299847267791,-0.4303033606894556,-0.38396340780609817,-0.2118435828107704,0.0022028662218807854,0.08605611429652764,0.5340089921689832,0.4633957306324385,0.2118359864084979,-0.1831569453115491,-0.35748343472989386,-0.6355231520300387,-1.0415494058651709,-1.5159822568138306,-1.6307288068107157,-1.5777688606583073,-1.458608981815388,-1.3306224452804007,-1.350482425087554,-1.3571024183566052,-1.3946157135478945,-1.3813757270097924,-1.0614093856723241,-1.173949271246192,-1.4608156462384052,-1.560115545274171,-1.335035774126435,-1.2114625664374816,-1.1982225798993795,-0.9907961241357793,-0.770129681834077,-0.6973097558745154,-0.7061364135665834,-0.5958031924157323,-0.7215830645277026,-0.9819694664437112,-1.1695359424001581,-0.9245961914452686,-0.9599028222135411,-1.1143693318247325,-1.050376063557239,-1.0790627010564602,-1.2313225462446349,-1.1783626000922263,-1.0238960904810346,-1.143055969323954,-0.9444561712524219,-0.8694295808698431,-1.0878893587485283,-1.070236043364392,-1.1187826606707667,-1.0437560702881878,-0.6951030914514983,-0.5163632731871195,-0.3464501126148088,-0.14564365012025973,-0.017657113585272416,-0.0022104626241532597,0.04192282583618719,0.09046944314256168,0.08605611429652764,0.06840279891239145,0.12136274506479999,0.14342938929497023,-0.10592369050595332,0.08605611429652764,0.019856181606016966,-0.18977693858060016,-0.022070442431306462,-0.01986377800828944,0.07502279218144253,0,0,0
0,-1.756508678922686,-1.5998355048884776,-1.4012357068169454,-1.1695359424001581,-1.4343356731622008,-1.4343356731622008,-1.2798691635510093,-0.9466628356754389,-0.7171697356816685,-0.42589003184342156,0.0022028662218807854,0.3773358181347746,0.3574758383276214,0.3663024960196895,0.35306250948158735,0.4060224556339959,0.7392287835095663,1.1540816950367665,1.3813681306075198,1.4696347075282008,1.5579012844488815,1.5623146132949157,1.4850813584893199,1.286481560417788,1.1209817286915111,1.3306148488781284,1.6969211430989541,1.9065542632855712,1.9440675584768605,1.8315276729029923,1.5667279421409497,0.913555272927911,0.27141592582995755,-0.18095028088853207,-0.3994100587672173,-0.37293008569101305,-0.38617007222911515,-0.43251002511247266,-0.46340332703471093,-0.4369233539585067,-0.5737365481855621,-0.754683030872958,-0.6686231183752941,-0.7061364135665834,-0.4876766356878982,-0.33541679049972367,-0.3265901328076556,-0.22949689819490657,0.02426951045205101,0.5384223210150172,1.0702284469621197,0.49870236140071084,0.1897693421783277,-0.07061705973768095,-0.41706337415135347,-0.8959095539460473,-1.2291158818216177,-1.4034423712399626,-1.4078557000859966,-1.451988988546337,-1.2379425395136858,-1.050376063557239,-1.0856826943255113,-1.0481693991342218,-1.2798691635510093,-1.4321290087391838,-1.05699605682629,-1.253389190474805,-1.5799755250813243,-1.7719553298838053,-1.6196954846956306,-1.3107624654732475,-1.0878893587485283,-0.9290095202913027,-0.7899896616412303,-0.7127564068356345,-0.8186762991404516,-1.0106561039429325,-1.1209893250937837,-0.962109486636558,-0.9863827952897453,-1.1099560029786986,-1.0923026875945623,-1.1298159827858518,-1.1960159154763623,-1.2269092173986007,-1.2754558347049751,-1.2180825597065326,-1.140849304900937,-1.3262091164343668,-1.0967160164405965,-1.070236043364392,-1.143055969323954,-1.0812693654794772,-1.1187826606707667,-0.9599028222135411,-0.6355231520300387,-0.4082367164592854,-0.26701019338619597,-0.15005697896629377,0.011029523913948874,0.12136274506479999,0.27362259025297453,0.3574758383276214,0.34202918736650223,0.31334254986728094,0.3354091940974512,0.4258824354411491,0.41705577774908104,0.5031156902467449,0.13460273160290212,-0.048550415507510734,0.1390160604489362,0.22507597294660006,0.3464425162125363,0,0,0
-1.7057553971932946,-1.7278220414234648,-1.5667355385432222,-1.34606909624152,-1.3306224452804007,-1.4872956193146094,-1.2864891568200603,-1.2842824923970433,-1.063616050095341,-0.6752431116443451,-0.4303033606894556,-0.07944371742974905,0.27582925467599156,0.40160912678796185,0.5097356835157959,0.6686155219730215,0.6443422133198343,0.4766357171705406,0.7723287498548216,1.2291082854193454,1.500528009450439,1.6263078815624092,1.5049413382964731,1.288688224840805,1.0415418094628983,0.8826619710056728,1.112155070999443,1.4321214123369113,1.6130678950243071,1.591001250794137,1.4343280767599285,1.1386350440756474,0.6443422133198343,-0.022070442431306462,-0.3751367501140301,-0.4766433135728131,-0.3310034616536896,-0.28907683761636616,-0.33762345492274065,-0.3795500789600641,-0.36410342799894496,-0.370723421267996,-0.467816655880745,-0.5582898972244429,-0.7083430779896005,-0.7193764001046855,-0.49429662895694926,-0.368516756844979,-0.31335014626955343,-0.23832355588697465,0.10812275852669787,0.48987570370864275,0.20521599313944686,0.15666937583307236,-0.050757079930527756,-0.44575001165057476,-0.9510761645214729,-1.151882627016022,-1.1783626000922263,-1.065822714518358,-1.1496759625930049,-0.8208829635634686,-0.7833696683721793,-0.9488695000984559,-0.8054363126023495,-1.059202721249307,-1.2158758952835156,-1.0900960231715453,-1.1938092510533453,-1.5843888539273583,-1.8249152760362137,-1.7653353366147542,-1.2953158145121284,-1.0261027549040518,-0.9599028222135411,-0.9334228491373368,-0.7149630712586516,-0.6884830981824472,-0.9687294799056091,-1.4078557000859966,-1.3438624318185028,-1.156295955862056,-1.251182526051788,-1.4056490356629796,-1.3835823914328094,-1.2666291770129072,-1.262215848166873,-1.3240024520113498,-1.3747557337407412,-1.363722411625656,-1.3328291097034177,-1.2004292443223965,-1.3195891231653156,-1.350482425087554,-1.1783626000922263,-0.9709361443286261,-0.7855763327951962,-0.5273965953022046,-0.20522358954171932,0.07060946333540848,0.019856181606016966,0.0529561479512723,0.20300932871642982,0.32878920082840013,0.5715222873602726,0.6311022267817322,0.518562341207864,0.5450423142840684,0.7679154210087876,0.9179686017739451,0.915761937350928,0.4589824017864044,0.36188916717365543,0.4391224219792512,0.4280890998641661,0.45015574409433634,0,0,0
-1.4210956866240987,-1.6881020818091583,-1.840361926997333,-1.6241088135416648,-1.555702216428137,-1.4740556327765073,-1.1209893250937837,-1.26442251258989,-1.1077493385556816,-0.7326163866427877,-0.48326330684186414,-0.13019699915914057,0.18756267775531069,0.34423585178951926,0.22728263736961707,0.4082291200570129,0.5031156902467449,0.4060224556339959,0.5649022940912215,1.1805616681129707,1.5402479690647455,1.4453613988750136,1.1298083863835793,0.9466552392731664,0.8628019911985195,0.812048709469128,0.7921887296619748,0.9378285815810983,1.0415418094628983,0.9687218835033367,0.807635380623094,0.6487555421658684,0.315549214290298,-0.19860359627266827,-0.37293008569101305,-0.48326330684186414,-0.48105664241884716,-0.4303033606894556,-0.34424344819179176,-0.40161672319023434,-0.37734341453704706,-0.3310034616536896,-0.5869765347236642,-0.6024231856847834,-0.5406365818403067,-0.6311098231840047,-0.4965032933799663,-0.4391300183815237,-0.43251002511247266,-0.3067301530005024,-0.16991695877344698,-0.10151036165991927,-0.11033701935198736,0.05074948352825528,-0.03089710012337455,-0.3464501126148088,-0.7679230174110601,-0.9003228827920814,-1.0172760972119836,-0.9135628693301835,-0.657589796260209,-0.31335014626955343,-0.5406365818403067,-0.8738429097158771,-0.9510761645214729,-1.244562532782737,-1.1893959222073114,-1.0812693654794772,-1.1364359760549028,-1.542462229890035,-1.8227086116131967,-1.7609220077687202,-1.36813574047169,-1.0238960904810346,-1.0150694327889667,-1.0724427077874092,-0.8010229837563154,-0.7171697356816685,-0.9709361443286261,-1.4630223106614222,-1.7984353029600095,-1.5314289077749499,-1.248975861628771,-1.2798691635510093,-1.456402317392371,-1.2379425395136858,-1.2202892241295498,-1.4608156462384052,-1.4762622971995243,-1.5159822568138306,-1.4321290087391838,-1.3019358077811796,-1.3438624318185028,-1.2776624991279923,-1.1673292779771411,-0.9797628020206942,-0.7370297154888218,-0.5759432126085791,-0.2824568443473151,0.11032942294971489,-0.006623791470187304,0.11032942294971489,0.21624931525453198,0.15446271141005533,0.47884238159355763,0.6664088575500046,0.6752355152420726,0.6862688373571577,0.8495620046604174,0.7259887969714641,0.4082291200570129,0.2692092614069405,0.44132908640226826,0.47884238159355763,0.4766357171705406,0.7237821325484471,0,0,0
-1.3151757943192817,-1.6152821558495967,-1.7101687260393286,-1.5645288741202052,-1.5358422366209838,-1.3946157135478945,-1.1474692981699879,-1.145262633746971,-0.8959095539460473,-0.6355231520300387,-0.4391300183815237,-0.1346103280051746,0.18535601333229365,0.2890692412140937,0.19638933544737877,0.27362259025297453,0.36409583159667247,0.5097356835157959,0.6752355152420726,0.807635380623094,0.7966020585080089,0.7657087565857705,0.6730288508190556,0.6686155219730215,0.9113486085048941,0.9201752661969621,0.511942347938813,0.3309958652514171,0.3111358854442639,0.2625892681378894,0.15666937583307236,0.19859599987039578,0.046336154682221235,-0.22949689819490657,-0.3111434818465364,-0.47002332030376204,-0.5384299174172897,-0.45457666934264285,-0.273630186655247,-0.5781498770315961,-0.6465564741451238,-0.5229832664561705,-0.5781498770315961,-0.5251899308791876,-0.3883767366521322,-0.28907683761636616,-0.2979034953084343,-0.6200765010689195,-0.5980098568387493,-0.29569683088541726,-0.3067301530005024,-0.3001101597314513,-0.15667697223534482,0.11253608737273191,-0.07723705300673202,-0.3552767703068769,-0.6024231856847834,-0.6973097558745154,-0.7966096549102814,-0.6884830981824472,-0.45457666934264285,-0.22067024050283848,-0.3310034616536896,-0.5560832328014259,-0.754683030872958,-1.0172760972119836,-0.9245961914452686,-1.0040361106738815,-1.1827759289382602,-1.3438624318185028,-1.749888685653635,-1.829328604882248,-1.5248089145058987,-1.0481693991342218,-0.8694295808698431,-0.8981162183690644,-0.8363296145245878,-0.6752431116443451,-0.8429496077936388,-1.1077493385556816,-1.3328291097034177,-1.5159822568138306,-1.3990290423939284,-1.3173824587422986,-1.454195652969354,-1.3262091164343668,-1.3085558010502305,-1.4122690289320305,-1.4806756260455582,-1.5954221760424434,-1.560115545274171,-1.5336355721979669,-1.5865955183503755,-1.3085558010502305,-1.1099560029786986,-0.9907961241357793,-0.7877829972182132,-0.6686231183752941,-0.38396340780609817,-0.046343751084493706,-0.0353104289694086,0.21845597967754898,0.2625892681378894,0.2118359864084979,0.46560239505545553,0.611242246974579,0.6840621729341407,0.6399288844738003,0.4545690729403704,0.39719579794192783,0.2625892681378894,0.21845597967754898,0.4082291200570129,0.25596927486883836,0.3707158248657235,0.706128817164311,0,0,0
-1.1320226472088688,-1.2997291433581624,-1.4475756597003029,-1.3990290423939284,-1.3328291097034177,-1.2313225462446349,-1.1320226472088688,-1.05699605682629,-0.8297096212555367,-0.5869765347236642,-0.40161672319023434,-0.22067024050283848,0.14342938929497023,0.2096293219854809,0.19859599987039578,0.24493595275375327,0.15666937583307236,0.1412227248719532,0.17652935564022557,0.17211602679419152,0.10370942968066382,0.19197600660134473,0.4876690392856257,0.8010153873540429,1.0415418094628983,0.8936952931207579,0.315549214290298,-0.2427368847330087,-0.38175674338308113,-0.38396340780609817,-0.3221768039616215,-0.10813035492897034,-0.08165038185276607,-0.2427368847330087,-0.40603005203626835,-0.3265901328076556,-0.39279006549816625,-0.3221768039616215,-0.19419026742663423,-0.659796460683226,-0.6752431116443451,-0.6046298501078003,-0.6134565077998685,-0.5560832328014259,-0.4854699712648812,-0.5119499443410854,-0.5560832328014259,-0.7149630712586516,-0.6244898299149536,-0.39279006549816625,-0.48988330011091524,-0.37293008569101305,-0.18095028088853207,-0.03972375781544264,-0.26039020011714487,-0.5472565751093578,-0.8076429770253665,-0.8892895606769963,-0.8120563058714005,-0.7083430779896005,-0.6156631722228855,-0.5869765347236642,-0.4435433472275577,-0.5362232529942726,-0.5318099241482387,-0.562703226070477,-0.5803565414546131,-0.8252962924095026,-1.1629159491311072,-1.3990290423939284,-1.7035487327702776,-1.7631286721917372,-1.5888021827733925,-1.1893959222073114,-0.8429496077936388,-0.9488695000984559,-0.9422495068294048,-0.673036447221328,-0.6862764337594303,-0.9113562049071665,-1.1916025866303284,-1.4674356395074561,-1.445368995277286,-1.4078557000859966,-1.3902023847018603,-1.3946157135478945,-1.3946157135478945,-1.458608981815388,-1.5203955856598648,-1.542462229890035,-1.4078557000859966,-1.4850889548915924,-1.5380489010440008,-1.1871892577842944,-0.9113562049071665,-0.8804629029849282,-0.8914962251000134,-0.657589796260209,-0.48105664241884716,-0.24715021357904277,-0.01986377800828944,0.3354091940974512,0.4060224556339959,0.39719579794192783,0.4678090594784725,0.4633957306324385,0.4942890325546768,0.47884238159355763,0.3663024960196895,0.419262442172098,0.15666937583307236,0.19197600660134473,0.5163556767848471,0.27141592582995755,0.3707158248657235,0.5384223210150172,0,0,0
-1.052582727980256,-1.1982225798993795,-1.260009183743856,-1.2247025529755837,-1.1298159827858518,-1.0261027549040518,-0.9974161174048304,-0.964316151059575,-0.8716362452928601,-0.6995164202975324,-0.56049656164746,-0.33541679049972367,0.05957614122032337,0.0529561479512723,0.15004938256402128,0.22286930852358303,0.03530283256713612,0.01764951718299994,-0.09930369723690224,-0.16771029435042994,0.06398947006635741,0.3265825364053831,0.6222755690896641,0.8628019911985195,0.8517686690834344,0.6642021931269875,0.23390263063866815,-0.31776347511558745,-0.49429662895694926,-0.45016334049660883,-0.34424344819179176,-0.172123623196464,-0.09268370396785118,-0.022070442431306462,-0.06179040204561287,-0.06179040204561287,-0.16109030108137887,-0.16771029435042994,-0.24494354915602573,-0.5649098904934939,-0.5913898635696982,-0.5869765347236642,-0.6509698029911579,-0.6443498097221068,-0.36631009242196194,-0.6531764674141749,-0.9201828625992347,-0.7679230174110601,-0.754683030872958,-0.7215830645277026,-0.6862764337594303,-0.5185699376101365,-0.3552767703068769,-0.2868701731933492,-0.4280966962664386,-0.659796460683226,-0.955489493367507,-0.962109486636558,-0.8076429770253665,-0.8473629366396729,-0.6708297827983111,-0.5560832328014259,-0.5185699376101365,-0.5980098568387493,-0.30452348857748535,-0.2118435828107704,-0.4965032933799663,-0.5869765347236642,-0.9599028222135411,-1.3328291097034177,-1.5049489346987455,-1.3306224452804007,-1.16070928470809,-0.955489493367507,-0.7414430443348557,-1.0481693991342218,-1.1187826606707667,-0.9665228154825921,-0.9091495404841495,-1.1254026539398176,-1.1938092510533453,-1.260009183743856,-1.2114625664374816,-1.2776624991279923,-1.4718489683534903,-1.5534955520051201,-1.3968223779709115,-1.5248089145058987,-1.663828773155971,-1.663828773155971,-1.4365423375852178,-1.5667355385432222,-1.4034423712399626,-0.962109486636558,-0.6840697693364132,-0.66420978952926,-0.7657163529880431,-0.6995164202975324,-0.6178698366459026,-0.43251002511247266,-0.24935687800205977,-0.048550415507510734,0.16549603352514045,0.36409583159667247,0.43029576428718314,0.29348257006012773,0.11694941621876595,0.2294893017926341,0.3596825027506384,0.41705577774908104,-0.16991695877344698,-0.36410342799894496,-0.10151036165991927,0.09046944314256168,0.3707158248657235,0.4236757710181321,0,0,0
-1.3857890558558263,-1.3019358077811796,-1.1916025866303284,-0.9930027885587963,-0.7259963933737367,-0.4567833337656599,-0.6266964943379706,-0.7944029904872644,-0.8098496414483835,-0.6531764674141749,-0.5229832664561705,-0.3905834010751492,-0.17874361646551506,-0.20963691838775336,-0.006623791470187304,0.1390160604489362,0.09488277198859572,0.02426951045205101,-0.08606371069880012,-0.10592369050595332,0.0816427854504936,0.3773358181347746,0.48104904601657467,0.4964956969776938,0.30451589217521285,0.03750949699015314,-0.11695701262103843,-0.21846357607982148,-0.22508356934887253,-0.10371702608293629,0.04192282583618719,0.11253608737273191,0.09046944314256168,0.17873602006324257,0.1809426844862596,0.11253608737273191,0.0330961681441191,0.04192282583618719,-0.15447030781232782,-0.42589003184342156,-0.5097432799180684,-0.42147670299738754,-0.3067301530005024,-0.30452348857748535,-0.33541679049972367,-0.8142629702944175,-1.1187826606707667,-1.0040361106738815,-1.0018294462508643,-0.8098496414483835,-0.7458563731808898,-0.6906897626054642,-0.5318099241482387,-0.3464501126148088,-0.37293008569101305,-0.6487631385681408,-0.955489493367507,-0.8010229837563154,-0.6399364808760728,-0.7215830645277026,-0.6266964943379706,-0.6134565077998685,-0.6046298501078003,-0.5825632058776302,-0.3111434818465364,-0.18977693858060016,-0.30893681742351936,-0.42147670299738754,-0.7039297491435664,-1.059202721249307,-1.2798691635510093,-1.1960159154763623,-1.0128627683659495,-0.7657163529880431,-0.6686231183752941,-1.0062427750968985,-1.2180825597065326,-1.2158758952835156,-1.158502620285073,-1.352689089510571,-1.1342293116318858,-1.059202721249307,-1.1805692645152432,-1.16070928470809,-1.3879957202788433,-1.4210956866240987,-1.1849825933612772,-1.3107624654732475,-1.4939156125836603,-1.5203955856598648,-1.3835823914328094,-1.6108688270035627,-1.2820758279740263,-0.8738429097158771,-0.7657163529880431,-0.6068365145308174,-0.6995164202975324,-0.8164696347174345,-0.72820305779675365,-0.49870995780298333,-0.368516756844979,-0.2537702068480938,-0.03972375781544264,0.18314934890927662,0.3861624758268427,0.4964956969776938,0.40160912678796185,0.3552691739046044,0.33982252294348525,0.25155594602280434,-0.017657113585272416,-0.09047703954483416,-0.09709703281388522,0.04192282583618719,0.3707158248657235,0.4832557104395917,0,0,0
-1.8712552289195712,-1.5071555991217627,-1.3217957875883326,-0.754683030872958,-0.22729023377188956,0.14342938929497023,-0.09047703954483416,-0.5185699376101365,-0.7899896616412303,-0.7921963260642473,-0.6112498433768515,-0.5847698703006472,-0.5980098568387493,-0.4722299847267791,0.11474275179574893,0.2493492815997873,0.16549603352514045,-0.024277106854323483,-0.046343751084493706,0.044129490259204214,0.10812275852669787,0.14784271814100428,-0.06841039531466393,-0.21846357607982148,-0.25597687127111085,-0.18095028088853207,-0.2030169251187023,-0.06620373089164691,0.11032942294971489,0.12798273833385107,0.16549603352514045,0.21624931525453198,0.22728263736961707,0.2383159594847022,0.15004938256402128,0.10591609410368084,0.0816427854504936,0.04192282583618719,-0.12357700589008949,-0.36410342799894496,-0.4876766356878982,-0.45457666934264285,-0.28907683761636616,-0.28466350877033214,-0.467816655880745,-0.6840697693364132,-0.9113562049071665,-0.9841761308667283,-0.9885894597127624,-0.770129681834077,-0.763509688565026,-0.7524763664499409,-0.5053299510720344,-0.4854699712648812,-0.5075366154950514,-0.6487631385681408,-0.7966096549102814,-0.4766433135728131,-0.20963691838775336,-0.2030169251187023,-0.3508634414608428,-0.6178698366459026,-0.5538765683784089,-0.3596900991529109,-0.28907683761636616,-0.22287690492585552,-0.22508356934887253,-0.32879679723067257,-0.43471668953548964,-0.6311098231840047,-0.6840697693364132,-0.6465564741451238,-0.6686231183752941,-0.5538765683784089,-0.6289031587609877,-0.8914962251000134,-0.9091495404841495,-1.1231959895168007,-1.26442251258989,-1.3747557337407412,-1.1805692645152432,-1.0194827616350006,-0.9907961241357793,-0.9599028222135411,-1.0724427077874092,-0.9290095202913027,-0.8341229501015708,-1.0746493722104262,-1.2732491702819582,-1.3217957875883326,-1.251182526051788,-1.2820758279740263,-1.0437560702881878,-0.8694295808698431,-0.7966096549102814,-0.6024231856847834,-0.659796460683226,-0.8076429770253665,-0.8429496077936388,-0.6355231520300387,-0.3001101597314513,-0.06179040204561287,0.22066264410056602,0.5318023277459661,0.48987570370864275,0.5406289854380343,0.6619955287039705,0.5847622738983748,0.3905758046728767,0.27362259025297453,0.25596927486883836,0.23610929506168515,0.10591609410368084,-3.7982011362372927e-6,-0.013243784739238372,0.08826277871954466,0,0,0
-2.014688416415678,-1.6020421693114946,-1.3262091164343668,-0.6200765010689195,-0.050757079930527756,0.33320252967443414,0.322169207559349,-0.3067301530005024,-0.6266964943379706,-0.8495696010626899,-0.9069428760611324,-0.8429496077936388,-0.8120563058714005,-0.5406365818403067,0.1610827046791064,0.19197600660134473,0.05516281237428933,-0.18095028088853207,-0.3596900991529109,-0.1655036299274129,-0.09268370396785118,-0.2912835020393832,-0.6465564741451238,-0.6200765010689195,-0.4479566760735918,-0.22949689819490657,-0.1831569453115491,-0.08165038185276607,0.039716161413170165,0.09488277198859572,0.08826277871954466,0.2537626104458213,0.317755878713315,0.2493492815997873,0.06178280564334039,0.06178280564334039,0.01764951718299994,-0.10151036165991927,-0.15667697223534482,-0.45016334049660883,-0.7568896952959749,-0.8495696010626899,-0.5494632395323749,-0.5141566087641025,-0.5031232866490174,-0.34865677703782577,-0.8076429770253665,-0.9841761308667283,-0.9069428760611324,-0.7171697356816685,-0.6752431116443451,-0.6244898299149536,-0.5472565751093578,-0.5958031924157323,-0.6046298501078003,-0.6377298164530557,-0.6465564741451238,-0.41265004530531946,-0.15447030781232782,-0.03089710012337455,-0.15226364338931078,-0.5031232866490174,-0.5163632731871195,-0.44133668280454075,-0.4104433808823024,-0.31776347511558745,-0.19860359627266827,-0.12578367031310653,-0.14564365012025973,-0.2780435155012811,-0.11254368377500439,0.00661619506791483,-0.06399706646862989,-0.06179040204561287,-0.35748343472989386,-0.569323219339528,-0.4854699712648812,-0.8429496077936388,-1.145262633746971,-1.3593090827796221,-1.4188890222010817,-1.1099560029786986,-0.8429496077936388,-0.761303024142009,-0.8628095876007921,-0.8230896279864857,-0.8363296145245878,-0.964316151059575,-1.0724427077874092,-1.2798691635510093,-1.3725490693177242,-1.365929076048673,-1.246769197205754,-0.9312161847143198,-0.72820305779675365,-0.569323219339528,-0.6068365145308174,-0.7966096549102814,-0.8738429097158771,-0.6796564404903792,-0.044137086661476685,0.34423585178951926,0.4567757373633874,0.45015574409433634,0.2581759392918554,0.17432269121720853,0.29348257006012773,0.5163556767848471,0.812048709469128,0.6443422133198343,0.4589824017864044,0.29348257006012773,0.004409530644897808,0.008822859490931853,0.06178280564334039,0.028682839298085055,0,0,0
-1.8999418664187926,-1.5998355048884776,-1.3041424722041965,-0.8760495741388942,-0.5207766020331536,0.01544285275998292,0.11915608064178297,-0.5251899308791876,-0.4965032933799663,-0.7149630712586516,-1.0283094193270688,-1.0216894260580176,-0.9157695337532006,-0.569323219339528,-0.13902365685120865,-0.30452348857748535,-0.5141566087641025,-0.7193764001046855,-0.8407429433706218,-0.6090431789538344,-0.368516756844979,-0.3994100587672173,-0.6465564741451238,-0.5980098568387493,-0.31776347511558745,-0.15888363665836186,-0.08165038185276607,-0.03310376454639157,0.09046944314256168,0.14342938929497023,0.11032942294971489,0.36188916717365543,0.4280890998641661,0.33982252294348525,0.14342938929497023,0.1412227248719532,-0.0353104289694086,-0.22287690492585552,-0.273630186655247,-0.5450499106863408,-0.7480630376039068,-0.9179761981762176,-0.8010229837563154,-0.7127564068356345,-0.5450499106863408,-0.3795500789600641,-0.6973097558745154,-0.8959095539460473,-0.7767496751031282,-0.5913898635696982,-0.7414430443348557,-0.7304097222197706,-0.6046298501078003,-0.5318099241482387,-0.5362232529942726,-0.49870995780298333,-0.44575001165057476,-0.3552767703068769,-0.28025017992429807,-0.2780435155012811,-0.34865677703782577,-0.4722299847267791,-0.4766433135728131,-0.4280966962664386,-0.42589003184342156,-0.3751367501140301,-0.2339102270409406,0.00661619506791483,0.0926761075655787,-0.008830455893204327,0.18535601333229365,0.2824492479450426,0.21624931525453198,0.11915608064178297,-0.2824568443473151,-0.3552767703068769,-0.2537702068480938,-0.42147670299738754,-0.7171697356816685,-1.1871892577842944,-1.5071555991217627,-1.2357358750906688,-0.7921963260642473,-0.6090431789538344,-0.6928964270284813,-0.7966096549102814,-0.8142629702944175,-0.8473629366396729,-0.9135628693301835,-1.251182526051788,-1.4850889548915924,-1.555702216428137,-1.4850889548915924,-0.9709361443286261,-0.7657163529880431,-0.7127564068356345,-0.7149630712586516,-0.8076429770253665,-0.7921963260642473,-0.6156631722228855,-0.26480352896317894,0.039716161413170165,0.11032942294971489,0.019856181606016966,-0.1632969655043959,-0.42589003184342156,-0.3751367501140301,0.01544285275998292,0.6311022267817322,0.609035582551562,0.47884238159355763,0.27141592582995755,-0.041930422238459664,-0.015450449162255395,0.21404265083151494,0.29348257006012773,0,0,0
-1.939661826033099,-1.5932155116194264,-1.4188890222010817,-1.3085558010502305,-1.0724427077874092,-0.5185699376101365,-0.45237000491962587,-0.9952094529818134,-1.0481693991342218,-1.171742606823175,-1.1695359424001581,-1.0481693991342218,-0.9488695000984559,-0.6840697693364132,-0.4722299847267791,-0.5318099241482387,-0.8319162856785537,-1.0945093520175795,-1.1916025866303284,-1.0283094193270688,-0.6818631049133962,-0.46560999145772797,-0.5428432462633238,-0.5560832328014259,-0.004417127047170282,0.0022028662218807854,-0.075030388583715,0.07502279218144253,0.20300932871642982,0.27582925467599156,0.39719579794192783,0.6487555421658684,0.4722223883245066,0.36188916717365543,0.2824492479450426,0.28024258352202563,0.10370942968066382,0.05957614122032337,-0.006623791470187304,-0.3883767366521322,-0.4567833337656599,-0.5141566087641025,-0.6487631385681408,-0.5847698703006472,-0.5362232529942726,-0.467816655880745,-0.49870995780298333,-0.6531764674141749,-0.5582898972244429,-0.5340165885712557,-0.7392363799118388,-0.7833696683721793,-0.5273965953022046,-0.34424344819179176,-0.40603005203626835,-0.3552767703068769,-0.32879679723067257,-0.29569683088541726,-0.30893681742351936,-0.36631009242196194,-0.4369233539585067,-0.45457666934264285,-0.3949967299211833,-0.19860359627266827,-0.16991695877344698,-0.2824568443473151,-0.37734341453704706,-0.050757079930527756,0.1412227248719532,0.09708943641161275,0.07060946333540848,0.2008026642934128,0.26479593256090644,0.10812275852669787,-0.3994100587672173,-0.40603005203626835,-0.28907683761636616,-0.3221768039616215,-0.6884830981824472,-1.0790627010564602,-1.363722411625656,-1.2269092173986007,-0.6399364808760728,-0.25597687127111085,-0.3398301193457577,-0.6421431452990898,-0.5869765347236642,-0.5428432462633238,-0.7458563731808898,-1.2247025529755837,-1.6020421693114946,-1.6263154779646818,-1.438749002008235,-1.0878893587485283,-0.9290095202913027,-0.8275029568325196,-0.8010229837563154,-0.7988163193332983,-0.7259963933737367,-0.6928964270284813,-0.5847698703006472,-0.3905834010751492,-0.3508634414608428,-0.3596900991529109,-0.3067301530005024,-0.3552767703068769,-0.4876766356878982,-0.40161672319023434,-0.13902365685120865,-0.0838570462757831,0.2978958989061618,0.3596825027506384,0.08826277871954466,-0.02869043570035753,0.3354091940974512,0.5649022940912215,0,0,0
-2.0566150404530013,-1.749888685653635,-1.6726554308480392,-1.5821821895043413,-1.3725490693177242,-1.0040361106738815,-0.6951030914514983,-0.7083430779896005,-0.858396258754758,-1.0459627347112048,-1.0834760299024944,-1.0128627683659495,-1.037136077019137,-0.7745430106801111,-0.5913898635696982,-0.6244898299149536,-0.9091495404841495,-1.1121626674017155,-1.0945093520175795,-0.9268028558682857,-0.6421431452990898,-0.370723421267996,-0.5516699039553918,-0.7326163866427877,-0.20081026069568528,-0.2427368847330087,-0.10813035492897034,0.1390160604489362,0.20300932871642982,0.25596927486883836,0.41043578448002993,0.6377222200507833,0.511942347938813,0.4236757710181321,0.32878920082840013,0.17873602006324257,-3.7982011362372927e-6,0.07722945660445955,0.0926761075655787,-0.18095028088853207,-0.42589003184342156,-0.39279006549816625,-0.35307010588385984,-0.35307010588385984,-0.5031232866490174,-0.5273965953022046,-0.5185699376101365,-0.5362232529942726,-0.44133668280454075,-0.4589899981886769,-0.5472565751093578,-0.562703226070477,-0.36631009242196194,-0.18757027415758315,-0.13681699242819162,-0.10813035492897034,-0.24715021357904277,-0.26039020011714487,-0.22508356934887253,-0.31776347511558745,-0.5516699039553918,-0.5031232866490174,-0.28466350877033214,-0.01986377800828944,-0.075030388583715,-0.22287690492585552,-0.368516756844979,-0.1831569453115491,-0.050757079930527756,-0.05958373762259584,-0.15005697896629377,0.03750949699015314,0.12798273833385107,-0.07944371742974905,-0.5207766020331536,-0.30893681742351936,-0.24935687800205977,-0.34424344819179176,-0.7348230510658047,-0.962109486636558,-0.9599028222135411,-0.7767496751031282,-0.368516756844979,0.0330961681441191,-0.02869043570035753,-0.39720339434420027,-0.6222831654919365,-0.6443498097221068,-0.7944029904872644,-1.173949271246192,-1.5932155116194264,-1.5733555318122732,-1.4696423039304731,-1.2379425395136858,-0.9400428424063878,-0.7480630376039068,-0.7392363799118388,-0.7679230174110601,-0.6068365145308174,-0.5141566087641025,-0.5340165885712557,-0.5053299510720344,-0.37293008569101305,-0.5119499443410854,-0.368516756844979,-0.10592369050595332,-0.33321012607670664,-0.4280966962664386,-0.38175674338308113,-0.22729023377188956,0.24052262390771922,0.44132908640226826,0.317755878713315,0.13680939602591916,0.3994024623649448,0.49870236140071084,0,0,0
-2.0014484298775757,-1.7962286385369926,-1.663828773155971,-1.557908880851154,-1.337242438549452,-1.0040361106738815,-0.4435433472275577,-0.5913898635696982,-0.8385362789476047,-0.8539829299087239,-1.0216894260580176,-1.143055969323954,-0.9687294799056091,-0.45457666934264285,-0.38617007222911515,-0.6200765010689195,-0.9356295135603537,-1.154089291439039,-0.957696157790524,-0.8098496414483835,-0.6134565077998685,-0.32879679723067257,-0.40382338761325137,-0.36631009242196194,-0.08827037512181714,-0.19419026742663423,-0.07944371742974905,0.004409530644897808,-0.07944371742974905,0.18756267775531069,0.20742265756246386,0.3994024623649448,0.5803489450523407,0.51414901236183,0.4589824017864044,0.24272928833073623,-0.044137086661476685,-0.006623791470187304,-0.024277106854323483,-0.12578367031310653,-0.28466350877033214,-0.18977693858060016,-0.2339102270409406,-0.28025017992429807,-0.41706337415135347,-0.4435433472275577,-0.3994100587672173,-0.3398301193457577,-0.28025017992429807,-0.21625691165680444,-0.0948903683908682,-0.044137086661476685,-0.2405302203099917,-0.16109030108137887,0.0728161277584255,0.22066264410056602,0.0330961681441191,-0.20522358954171932,-0.22949689819490657,-0.2515635424250768,-0.6266964943379706,-0.6112498433768515,-0.40382338761325137,-0.1831569453115491,-0.16991695877344698,-0.17874361646551506,-0.14785031454327674,-0.12137034146707247,-0.3310034616536896,-0.27583685107826406,-0.22067024050283848,-0.12137034146707247,-0.22067024050283848,-0.5362232529942726,-0.7237897289507196,-0.39279006549816625,-0.3596900991529109,-0.30452348857748535,-0.43251002511247266,-0.8208829635634686,-0.867222916446826,-0.569323219339528,-0.21625691165680444,-0.050757079930527756,-0.17653695204249803,-0.40603005203626835,-0.6244898299149536,-0.7237897289507196,-0.8230896279864857,-0.955489493367507,-1.1143693318247325,-1.1077493385556816,-1.244562532782737,-1.1673292779771411,-0.7899896616412303,-0.47443664914979605,-0.4280966962664386,-0.47002332030376204,-0.3795500789600641,-0.13902365685120865,-0.03310376454639157,-0.044137086661476685,-0.08606371069880012,-0.33762345492274065,-0.1655036299274129,0.03530283256713612,-0.18536360973456611,-0.10813035492897034,-0.041930422238459664,0.011029523913948874,0.18535601333229365,0.47001572390148955,0.5759356162063066,0.43029576428718314,0.23610929506168515,0.27362259025297453,0,0,0
-1.840361926997333,-1.743268692384584,-1.4917089481606434,-1.4100623645090136,-1.143055969323954,-0.7767496751031282,-0.3398301193457577,-0.6620031251062429,-1.0459627347112048,-1.1231959895168007,-1.0768560366334432,-1.16070928470809,-0.7877829972182132,-0.1147503481980214,-0.03310376454639157,-0.5891831991466813,-0.9488695000984559,-0.9532828289444899,-0.7458563731808898,-0.7944029904872644,-0.7966096549102814,-0.6289031587609877,-0.4965032933799663,-0.26701019338619597,0.004409530644897808,0.08384944987351062,-0.06179040204561287,-0.06620373089164691,-0.08827037512181714,0.00661619506791483,-0.13681699242819162,0.06840279891239145,0.29127590563711075,0.13680939602591916,0.26038260371487243,0.05736947679730635,-0.09047703954483416,0.15887604025608937,0.11253608737273191,0.0330961681441191,-0.08606371069880012,-0.14123032127422566,-0.45237000491962587,-0.4722299847267791,-0.269216857809213,-0.20743025396473636,-0.2140502472337874,-0.11695701262103843,0.04192282583618719,0.3265825364053831,0.315549214290298,0.15225604698703832,-0.15667697223534482,-0.18757027415758315,-0.03310376454639157,0.15004938256402128,0.09046944314256168,-0.1919836030036172,-0.1147503481980214,-0.0838570462757831,-0.26039020011714487,-0.2537702068480938,-0.29569683088541726,-0.26701019338619597,-0.22508356934887253,-0.26701019338619597,-0.11695701262103843,-0.11254368377500439,-0.4766433135728131,-0.3023168241544683,-0.16109030108137887,-0.18977693858060016,-0.4303033606894556,-0.6222831654919365,-0.6355231520300387,-0.4854699712648812,-0.5494632395323749,-0.46340332703471093,-0.6090431789538344,-0.8495696010626899,-0.7083430779896005,-0.4104433808823024,-0.172123623196464,-0.13902365685120865,-0.38617007222911515,-0.6686231183752941,-0.7370297154888218,-0.6840697693364132,-0.6840697693364132,-0.6443498097221068,-0.6708297827983111,-0.7414430443348557,-0.9290095202913027,-0.9775561375976772,-0.9047362116381155,-0.7524763664499409,-0.562703226070477,-0.4369233539585067,-0.27142352223223,-0.03089710012337455,0.17873602006324257,0.2008026642934128,0.08826277871954466,-0.08827037512181714,0.004409530644897808,-0.11033701935198736,-0.2581835356941279,0.05957614122032337,0.20742265756246386,0.19418267102436174,0.12356940948781703,0.36409583159667247,0.4347090931332172,0.2493492815997873,-0.07282372416069798,0.011029523913948874,0,0,0
-1.7123753904623458,-1.637348800079767,-1.5049489346987455,-1.5755621962352904,-1.158502620285073,-0.6774497760673621,-0.39720339434420027,-0.5737365481855621,-0.9356295135603537,-1.059202721249307,-0.9422495068294048,-0.9907961241357793,-0.6222831654919365,-0.13902365685120865,0.06619613448937443,-0.2625968645401619,-0.5273965953022046,-0.562703226070477,-0.5119499443410854,-0.6090431789538344,-0.3199701395386045,-0.14564365012025973,-0.2581835356941279,-0.21846357607982148,-0.07282372416069798,0.06619613448937443,-0.006623791470187304,0.1323960671798851,0.0022028662218807854,-0.17874361646551506,-0.21846357607982148,-0.09709703281388522,0.0728161277584255,0.08384944987351062,0.16328936910212344,-0.3265901328076556,-0.3221768039616215,0.11474275179574893,0.17432269121720853,0.12577607391083404,-0.004417127047170282,-0.2537702068480938,-0.4876766356878982,-0.3420367837687747,-0.15447030781232782,-0.09047703954483416,-0.09709703281388522,0.08384944987351062,0.3265825364053831,0.51414901236183,0.29348257006012773,0.13018940275686808,0.06619613448937443,0.1699093623711745,-0.013243784739238372,0.09046944314256168,0.10591609410368084,-0.08606371069880012,0.26479593256090644,0.20521599313944686,-0.041930422238459664,-0.06620373089164691,-0.19419026742663423,-0.172123623196464,-0.07723705300673202,-0.2317035626179236,-0.09268370396785118,-0.1655036299274129,-0.4280966962664386,-0.25597687127111085,-0.17874361646551506,-0.24715021357904277,-0.44575001165057476,-0.5119499443410854,-0.42147670299738754,-0.35307010588385984,-0.4303033606894556,-0.45237000491962587,-0.7657163529880431,-0.8297096212555367,-0.368516756844979,0.03530283256713612,-0.05958373762259584,-0.30893681742351936,-0.6112498433768515,-1.0393427414421539,-1.0062427750968985,-0.7855763327951962,-0.6906897626054642,-0.7414430443348557,-0.7237897289507196,-0.7127564068356345,-0.7679230174110601,-0.8341229501015708,-0.9510761645214729,-0.9996227818278474,-0.865016252023809,-0.7568896952959749,-0.46560999145772797,-0.1655036299274129,-0.15226364338931078,-0.1147503481980214,-0.09047703954483416,-0.17653695204249803,-0.30452348857748535,-0.5362232529942726,-0.5318099241482387,-0.17433028761948102,-0.008830455893204327,0.1015027652576468,0.0330961681441191,-0.01986377800828944,0.01764951718299994,-0.16991695877344698,-0.368516756844979,-0.38617007222911515,0,0,0
-1.5932155116194264,-1.4696423039304731,-1.445368995277286,-1.5137755923908136,-1.1055426741326646,-0.6818631049133962,-0.41485670972833644,-0.5273965953022046,-0.9775561375976772,-1.0437560702881878,-0.8561895943317409,-0.7061364135665834,-0.3795500789600641,-0.10371702608293629,0.01544285275998292,-0.07061705973768095,-0.172123623196464,-0.1655036299274129,-0.14785031454327674,-0.2317035626179236,0.06178280564334039,0.20742265756246386,0.09046944314256168,0.10591609410368084,-3.7982011362372927e-6,0.022062846029033988,0.08384944987351062,0.26479593256090644,0.12356940948781703,0.09046944314256168,0.19418267102436174,0.039716161413170165,0.20742265756246386,0.3552691739046044,0.4038157912109789,-0.10371702608293629,0.01764951718299994,0.29348257006012773,0.30451589217521285,0.12798273833385107,0.0330961681441191,0.028682839298085055,0.00661619506791483,-0.05296374435354478,-0.14123032127422566,-0.15226364338931078,-0.0022104626241532597,0.2537626104458213,0.414849113326064,0.4369157575562342,0.15666937583307236,0.08826277871954466,0.322169207559349,0.43029576428718314,-0.03972375781544264,0.06840279891239145,0.09708943641161275,0.06178280564334039,0.46560239505545553,0.32437587198236606,-0.008830455893204327,-0.15888363665836186,-0.19419026742663423,-0.2979034953084343,-0.31555681069257047,-0.3199701395386045,-0.172123623196464,-0.26480352896317894,-0.3552767703068769,-0.33321012607670664,-0.3596900991529109,-0.3795500789600641,-0.48988330011091524,-0.5715298837625451,-0.5362232529942726,-0.5362232529942726,-0.5935965279927152,-0.6686231183752941,-0.9775561375976772,-0.955489493367507,-0.7259963933737367,-0.5251899308791876,-0.5980098568387493,-0.7458563731808898,-0.9047362116381155,-1.16070928470809,-0.9709361443286261,-0.9223895270222516,-1.0194827616350006,-1.251182526051788,-1.2379425395136858,-1.063616050095341,-0.8628095876007921,-0.9047362116381155,-0.9930027885587963,-1.0481693991342218,-1.0128627683659495,-0.9466628356754389,-0.8363296145245878,-0.7061364135665834,-0.770129681834077,-0.8385362789476047,-0.761303024142009,-0.7083430779896005,-0.7988163193332983,-0.9290095202913027,-0.9268028558682857,-0.8142629702944175,-0.6973097558745154,-0.43471668953548964,-0.5384299174172897,-0.5980098568387493,-0.4479566760735918,-0.6112498433768515,-0.5737365481855621,-0.5119499443410854,0,0,0
-1.562322209697188,-1.3593090827796221,-1.3902023847018603,-1.3902023847018603,-1.059202721249307,-0.8429496077936388,-0.7061364135665834,-0.7568896952959749,-1.0746493722104262,-1.1077493385556816,-0.9312161847143198,-0.6708297827983111,-0.46340332703471093,-0.172123623196464,-0.08165038185276607,-0.17874361646551506,-0.2824568443473151,-0.12357700589008949,-0.01103712031622135,-0.013243784739238372,0.05516281237428933,0.05516281237428933,0.022062846029033988,-0.024277106854323483,-0.2140502472337874,-0.12799033473612353,-0.013243784739238372,0.028682839298085055,0.07502279218144253,0.12798273833385107,0.2118359864084979,0.15666937583307236,0.4435357508252853,0.3751291537117576,0.14784271814100428,-0.07723705300673202,0.27362259025297453,0.4435357508252853,0.4633957306324385,0.33320252967443414,0.08826277871954466,0.06398947006635741,0.2008026642934128,0.12577607391083404,-0.09047703954483416,0.04854281910523826,0.3067225565982299,0.28024258352202563,0.2780359190990086,0.3839558114038257,0.40160912678796185,0.18535601333229365,0.26038260371487243,0.2692092614069405,-0.05296374435354478,-0.004417127047170282,-0.01986377800828944,0.06840279891239145,0.33982252294348525,0.26038260371487243,-0.15667697223534482,-0.47002332030376204,-0.4192700385743705,-0.47443664914979605,-0.44575001165057476,-0.39279006549816625,-0.3420367837687747,-0.5825632058776302,-0.5847698703006472,-0.5582898972244429,-0.66420978952926,-0.6200765010689195,-0.8252962924095026,-1.0459627347112048,-0.9996227818278474,-0.8738429097158771,-0.9510761645214729,-1.158502620285073,-1.4850889548915924,-1.445368995277286,-1.3262091164343668,-1.251182526051788,-1.2776624991279923,-1.458608981815388,-1.5821821895043413,-1.5954221760424434,-1.3085558010502305,-1.2953158145121284,-1.5159822568138306,-1.6925154106551925,-1.3306224452804007,-1.0790627010564602,-0.9841761308667283,-1.063616050095341,-1.0172760972119836,-0.851776265485707,-0.8628095876007921,-1.0437560702881878,-1.063616050095341,-1.1651226135541242,-1.173949271246192,-1.1099560029786986,-1.0923026875945623,-1.0967160164405965,-1.1298159827858518,-1.1364359760549028,-1.145262633746971,-1.0878893587485283,-0.9952094529818134,-0.8539829299087239,-1.0768560366334432,-1.0040361106738815,-0.7855763327951962,-1.1165759962477495,-0.7458563731808898,-0.5781498770315961,0,0,0
-1.44978232412332,-1.3129691298962647,-1.3857890558558263,-1.456402317392371,-1.3769623981637582,-1.1916025866303284,-0.962109486636558,-0.9709361443286261,-1.1165759962477495,-1.0878893587485283,-1.0283094193270688,-0.8451562722166558,-0.6178698366459026,-0.2625968645401619,-0.12357700589008949,-0.18757027415758315,-0.33321012607670664,-0.17874361646551506,-0.1147503481980214,-0.08827037512181714,-0.16991695877344698,-0.3751367501140301,-0.4303033606894556,-0.4192700385743705,-0.48105664241884716,-0.40603005203626835,-0.3618967635759279,-0.2979034953084343,-0.1434369856972427,-0.13681699242819162,-0.02869043570035753,0.07060946333540848,0.2383159594847022,0.20521599313944686,0.05516281237428933,-0.041930422238459664,0.22066264410056602,0.22286930852358303,0.1390160604489362,0.06178280564334039,-0.10813035492897034,-0.11254368377500439,-0.022070442431306462,0.17873602006324257,0.2824492479450426,0.315549214290298,0.31996254313633204,0.12136274506479999,0.05516281237428933,0.322169207559349,0.41705577774908104,0.13460273160290212,-0.10813035492897034,-0.05296374435354478,-0.006623791470187304,0.05957614122032337,0.06398947006635741,0.17211602679419152,0.2294893017926341,0.13680939602591916,-0.006623791470187304,-0.11916367704405545,-0.2405302203099917,-0.43471668953548964,-0.3795500789600641,-0.39720339434420027,-0.43251002511247266,-0.48988330011091524,-0.5891831991466813,-0.7171697356816685,-0.9223895270222516,-0.9996227818278474,-1.2975224789351454,-1.3990290423939284,-1.2886958212430775,-1.1165759962477495,-1.335035774126435,-1.5733555318122732,-1.7256153770004479,-1.6770687596940732,-1.6770687596940732,-1.6594154443099371,-1.6307288068107157,-1.9021485308418096,-2.003655094300593,-1.9661417991093033,-1.7940219741139756,-1.6814820885401074,-1.7212020481544137,-1.6969287395012265,-1.3747557337407412,-1.1982225798993795,-1.1871892577842944,-1.257802519320839,-1.251182526051788,-1.151882627016022,-1.2842824923970433,-1.348275760664537,-1.050376063557239,-1.2202892241295498,-1.3747557337407412,-1.36813574047169,-1.251182526051788,-1.2379425395136858,-1.1938092510533453,-1.173949271246192,-1.2864891568200603,-1.3151757943192817,-1.1916025866303284,-1.0459627347112048,-1.0128627683659495,-0.9488695000984559,-0.9797628020206942,-1.2048425731684305,-0.761303024142009,-0.6465564741451238,0,0,0
-1.438749002008235,-1.352689089510571,-1.354895753933588,-1.2335292106676519,-1.2798691635510093,-1.352689089510571,-1.143055969323954,-1.068029378941375,-1.154089291439039,-1.2136692308604986,-1.2247025529755837,-1.0128627683659495,-0.7215830645277026,-0.43251002511247266,-0.4303033606894556,-0.4192700385743705,-0.36631009242196194,-0.2339102270409406,-0.41265004530531946,-0.36410342799894496,-0.3310034616536896,-0.5538765683784089,-0.6222831654919365,-0.6046298501078003,-0.5803565414546131,-0.6134565077998685,-0.562703226070477,-0.4104433808823024,-0.2979034953084343,-0.4192700385743705,-0.18977693858060016,-0.0948903683908682,-0.10371702608293629,0.044129490259204214,0.12577607391083404,-0.06399706646862989,-0.2427368847330087,0.004409530644897808,0.12798273833385107,0.028682839298085055,-0.15667697223534482,-0.02869043570035753,-0.0022104626241532597,0.1323960671798851,0.3508558450585703,0.1809426844862596,0.06178280564334039,-0.006623791470187304,0.09488277198859572,0.30010256332917884,0.29348257006012773,0.019856181606016966,-0.3751367501140301,-0.13019699915914057,0.13018940275686808,0.22507597294660006,0.20742265756246386,0.3508558450585703,0.4347090931332172,0.2868625767910767,0.046336154682221235,0.06619613448937443,-0.006623791470187304,-0.21625691165680444,-0.2317035626179236,-0.36410342799894496,-0.39720339434420027,-0.3618967635759279,-0.5406365818403067,-0.6134565077998685,-0.754683030872958,-0.9532828289444899,-1.2688358414359242,-1.3571024183566052,-1.2379425395136858,-1.1342293116318858,-1.4850889548915924,-1.650588786617869,-1.7278220414234648,-1.7101687260393286,-1.663828773155971,-1.6925154106551925,-1.7918153096909586,-2.003655094300593,-2.127228301989546,-2.1559149394887673,-2.1139883154514436,-2.023515074107746,-2.0168950808386947,-1.846981920266384,-1.5777688606583073,-1.4696423039304731,-1.4983289414296945,-1.4917089481606434,-1.4255090154701326,-1.4078557000859966,-1.7962286385369926,-1.8182952827671628,-1.5248089145058987,-1.7719553298838053,-1.643968793348818,-1.5027422702757285,-1.2931091500891114,-1.1982225798993795,-1.0945093520175795,-1.063616050095341,-1.2180825597065326,-1.4939156125836603,-1.348275760664537,-1.05699605682629,-0.9069428760611324,-1.1143693318247325,-1.143055969323954,-1.05699605682629,-0.7348230510658047,-0.5097432799180684,0,0,0
-1.4806756260455582,-1.3946157135478945,-1.5248089145058987,-1.26442251258989,-1.2048425731684305,-1.3703424048947073,-1.4233023510471157,-1.2114625664374816,-1.1165759962477495,-1.2070492375914474,-1.3394491029724689,-1.0856826943255113,-0.7811630039491622,-0.6112498433768515,-0.6840697693364132,-0.7568896952959749,-0.467816655880745,-0.1919836030036172,-0.40603005203626835,-0.3420367837687747,-0.3618967635759279,-0.49429662895694926,-0.41265004530531946,-0.2780435155012811,-0.3552767703068769,-0.5384299174172897,-0.45237000491962587,-0.370723421267996,-0.269216857809213,-0.370723421267996,-0.4303033606894556,-0.3310034616536896,-0.2118435828107704,0.019856181606016966,0.2537626104458213,0.19418267102436174,0.10591609410368084,0.315549214290298,0.3508558450585703,0.39719579794192783,0.2890692412140937,0.19197600660134473,0.026476174875068034,0.0529561479512723,0.0926761075655787,-0.17433028761948102,-0.01986377800828944,0.05957614122032337,0.09929610083462978,0.1699093623711745,0.1323960671798851,0.16328936910212344,0.11694941621876595,0.030889503721102076,0.17211602679419152,0.30010256332917884,0.2493492815997873,0.11253608737273191,0.2625892681378894,0.29127590563711075,0.10370942968066382,0.06178280564334039,0.12356940948781703,0.08605611429652764,-0.0353104289694086,-0.23611689146395765,-0.26701019338619597,-0.32879679723067257,-0.5538765683784089,-0.46560999145772797,-0.5318099241482387,-0.6928964270284813,-0.8716362452928601,-1.0150694327889667,-1.0481693991342218,-1.1011293452866304,-1.4122690289320305,-1.6042488337345115,-1.7212020481544137,-1.8205019471901798,-1.8536019135354351,-1.838155262574316,-1.9661417991093033,-2.0742683558371375,-2.0963350000673078,-2.038961725068865,-2.0367550606458478,-2.0720616914141203,-2.122814973143512,-1.9727617923783543,-1.7874019808449244,-1.6152821558495967,-1.5270155789289157,-1.6417621289258009,-1.6020421693114946,-1.4784689616225413,-1.6594154443099371,-1.5954221760424434,-1.6196954846956306,-1.9529018125712012,-1.7851953164219074,-1.5888021827733925,-1.4806756260455582,-1.3902023847018603,-1.3240024520113498,-1.158502620285073,-1.2158758952835156,-1.5954221760424434,-1.4872956193146094,-1.0900960231715453,-0.8407429433706218,-1.1342293116318858,-1.2379425395136858,-1.068029378941375,-0.8208829635634686,-0.6509698029911579,0,0,0
-1.2092559020144646,-1.350482425087554,-1.650588786617869,-1.5159822568138306,-1.2202892241295498,-1.2357358750906688,-1.3747557337407412,-1.262215848166873,-1.173949271246192,-1.2158758952835156,-1.352689089510571,-1.26442251258989,-0.9157695337532006,-0.6443498097221068,-0.7105497424126175,-1.1276093183628346,-0.8959095539460473,-0.567116554916511,-0.5097432799180684,-0.4920899645339322,-0.40161672319023434,-0.3994100587672173,-0.35307010588385984,-0.2868701731933492,-0.3883767366521322,-0.44133668280454075,-0.28025017992429807,-0.5141566087641025,-0.46560999145772797,-0.39279006549816625,-0.467816655880745,-0.2405302203099917,0.022062846029033988,0.17432269121720853,0.08384944987351062,0.19418267102436174,0.414849113326064,0.5869689383213917,0.36850916044270654,0.611242246974579,0.5913822671674258,0.3464425162125363,0.07722945660445955,-0.022070442431306462,-0.10151036165991927,-0.25597687127111085,-0.22287690492585552,-0.03089710012337455,0.06840279891239145,0.05516281237428933,-0.0022104626241532597,0.16770269794815748,0.13680939602591916,-0.08165038185276607,0.06178280564334039,0.21624931525453198,0.3023092277521958,0.21845597967754898,0.19859599987039578,0.3023092277521958,0.22507597294660006,0.0529561479512723,0.17873602006324257,0.22066264410056602,0.11694941621876595,-0.05296374435354478,-0.01986377800828944,0.046336154682221235,-0.048550415507510734,-0.2515635424250768,-0.31776347511558745,-0.40161672319023434,-0.4567833337656599,-0.5251899308791876,-0.7767496751031282,-1.0746493722104262,-1.3813757270097924,-1.6925154106551925,-1.8668419000735372,-1.9242151750719798,-1.9661417991093033,-2.032341731799814,-2.215494878910227,-2.334654757753146,-2.239768187563414,-2.0897150067982566,-2.054408376029984,-2.04999504718395,-2.0014484298775757,-1.6947220750782095,-1.5071555991217627,-1.4233023510471157,-1.4321290087391838,-1.7079620616163116,-1.8138819539211286,-1.8072619606520777,-1.855808577958452,-1.6660354375789883,-1.6969287395012265,-1.8690485644965542,-1.939661826033099,-1.643968793348818,-1.2886958212430775,-1.2004292443223965,-1.4365423375852178,-1.4343356731622008,-1.546875558736069,-1.7256153770004479,-1.5380489010440008,-1.1629159491311072,-0.8561895943317409,-0.8495696010626899,-1.173949271246192,-1.1165759962477495,-0.9907961241357793,-0.9532828289444899,0,0,0
-1.451988988546337,-1.540255565467018,-1.7763686587298393,-1.827121940459231,-1.542462229890035,-1.549082223159086,-1.4828822904685754,-1.350482425087554,-1.4210956866240987,-1.5270155789289157,-1.451988988546337,-1.2335292106676519,-0.9863827952897453,-0.6156631722228855,-0.5053299510720344,-0.8186762991404516,-0.6377298164530557,-0.6553831318371919,-0.7149630712586516,-0.8120563058714005,-0.5251899308791876,-0.5031232866490174,-0.5428432462633238,-0.4920899645339322,-0.4788499779958301,-0.5207766020331536,-0.4589899981886769,-0.5229832664561705,-0.49429662895694926,-0.4236833674204046,-0.2780435155012811,0.10812275852669787,0.1412227248719532,0.04192282583618719,-0.008830455893204327,0.30010256332917884,0.3751291537117576,0.3265825364053831,0.18314934890927662,0.5295956633229492,0.6796488440881067,0.4567757373633874,0.15004938256402128,0.0330961681441191,0.028682839298085055,-0.14785031454327674,-0.35307010588385984,-0.07723705300673202,0.20742265756246386,0.3111358854442639,0.20300932871642982,0.2670025969839235,-0.05958373762259584,-0.2934901664624002,0.004409530644897808,0.14563605371798724,0.29568923448314477,0.2978958989061618,0.1323960671798851,0.315549214290298,0.21624931525453198,-0.01986377800828944,0.03530283256713612,0.08826277871954466,0.079436121027476575,0.09046944314256168,0.33982252294348525,0.14563605371798724,-0.022070442431306462,-0.23832355588697465,-0.26039020011714487,-0.38396340780609817,-0.5450499106863408,-0.66420978952926,-0.8628095876007921,-1.2379425395136858,-1.5910088471964094,-1.860221906804486,-2.144881617373682,-2.1757749192959204,-2.1603282683348013,-2.25742150294755,-2.25742150294755,-2.2816948116007376,-2.25742150294755,-2.1603282683348013,-2.0632350337220524,-2.030135067376797,-1.8867018798806905,-1.5843888539273583,-1.6108688270035627,-1.4828822904685754,-1.3791690625867752,-1.456402317392371,-1.5910088471964094,-1.5910088471964094,-1.63514213565675,-1.7035487327702776,-1.741062027961567,-1.7189953837313967,-1.643968793348818,-1.5248089145058987,-1.0305160837500857,-0.867222916446826,-1.1276093183628346,-1.3791690625867752,-1.5711488673892562,-1.6925154106551925,-1.5998355048884776,-1.365929076048673,-1.2886958212430775,-1.3217957875883326,-1.4100623645090136,-1.1960159154763623,-1.2026359087454135,-1.2136692308604986,0,0,0
-1.7653353366147542,-1.8094686250750946,-1.8778752221886224,-1.838155262574316,-1.663828773155971,-1.749888685653635,-1.5954221760424434,-1.3703424048947073,-1.363722411625656,-1.5380489010440008,-1.4100623645090136,-1.1871892577842944,-1.1187826606707667,-0.9952094529818134,-0.9312161847143198,-0.865016252023809,-0.5781498770315961,-0.7988163193332983,-0.9223895270222516,-0.8804629029849282,-0.6134565077998685,-0.666416453952277,-0.7480630376039068,-0.6884830981824472,-0.44575001165057476,-0.7061364135665834,-0.6553831318371919,-0.4854699712648812,-0.6134565077998685,-0.5119499443410854,-0.26480352896317894,0.17211602679419152,0.43029576428718314,0.19638933544737877,0.20742265756246386,0.6068289181285449,0.3751291537117576,0.39278246909589376,0.3596825027506384,0.42146910659511505,0.6752355152420726,0.4744290527475236,0.1610827046791064,0.10812275852669787,0.17873602006324257,-0.02869043570035753,-0.20743025396473636,0.10591609410368084,0.3023092277521958,0.23610929506168515,0.13460273160290212,0.2118359864084979,-0.09930369723690224,-0.26480352896317894,-0.12357700589008949,0.01764951718299994,0.1699093623711745,0.18756267775531069,0.06178280564334039,0.10591609410368084,0.019856181606016966,-0.12357700589008949,-0.21625691165680444,-0.3420367837687747,-0.4104433808823024,-0.370723421267996,-0.18095028088853207,-0.3618967635759279,-0.4391300183815237,-0.5450499106863408,-0.6973097558745154,-0.770129681834077,-0.8981162183690644,-1.052582727980256,-1.2048425731684305,-1.549082223159086,-1.860221906804486,-2.065441698145069,-2.2684548250626353,-2.438367985634946,-2.3942346971746056,-2.303761455830908,-2.261834831793584,-2.2287348654483288,-2.2640414962166013,-2.1912215702570395,-1.8977352019957756,-1.860221906804486,-1.9242151750719798,-1.846981920266384,-1.860221906804486,-1.723408712577431,-1.4078557000859966,-1.1276093183628346,-1.1121626674017155,-0.9047362116381155,-1.0415494058651709,-1.363722411625656,-1.1231959895168007,-0.8539829299087239,-0.8385362789476047,-0.9907961241357793,-0.7061364135665834,-0.7988163193332983,-0.8341229501015708,-0.8120563058714005,-1.255595854897822,-1.5667355385432222,-1.6660354375789883,-1.4850889548915924,-1.3019358077811796,-1.3703424048947073,-1.4166823577780647,-1.2114625664374816,-1.4166823577780647,-1.3813757270097924,0,0,0
-1.650588786617869,-1.8138819539211286,-2.034548396222831,-1.8778752221886224,-1.6814820885401074,-1.7057553971932946,-1.6307288068107157,-1.4674356395074561,-1.3791690625867752,-1.4850889548915924,-1.354895753933588,-1.257802519320839,-1.2070492375914474,-1.0614093856723241,-1.0834760299024944,-0.9312161847143198,-0.7502697020269239,-1.0305160837500857,-1.0040361106738815,-0.9245961914452686,-0.8297096212555367,-0.8716362452928601,-0.858396258754758,-0.8385362789476047,-0.7304097222197706,-0.8297096212555367,-0.6862764337594303,-0.5913898635696982,-0.8473629366396729,-0.5428432462633238,-0.26701019338619597,0.0816427854504936,0.4920823681316598,0.4280890998641661,0.41705577774908104,0.47884238159355763,0.29127590563711075,0.3707158248657235,0.43250242871020017,0.3861624758268427,0.4082291200570129,0.2316959662156511,0.0816427854504936,0.07502279218144253,0.14784271814100428,0.0728161277584255,-0.09268370396785118,-0.13019699915914057,-0.14123032127422566,-0.2405302203099917,-0.3199701395386045,-0.26480352896317894,-0.25597687127111085,-0.28907683761636616,-0.2780435155012811,-0.20081026069568528,-0.14123032127422566,-0.1434369856972427,-0.172123623196464,-0.16991695877344698,-0.1632969655043959,-0.22508356934887253,-0.37293008569101305,-0.6068365145308174,-0.6156631722228855,-0.8252962924095026,-0.9268028558682857,-1.0018294462508643,-1.1165759962477495,-1.3019358077811796,-1.3946157135478945,-1.2909024856660944,-1.3217957875883326,-1.3195891231653156,-1.3703424048947073,-1.557908880851154,-1.838155262574316,-2.0566150404530013,-2.2044615567951418,-2.52442789813261,-2.5840078375540694,-2.407474683712708,-2.2596281673705674,-2.2640414962166013,-2.314794777945993,-2.2839014760237544,-2.0808883491061883,-2.0014484298775757,-2.0897150067982566,-2.003655094300593,-1.6263154779646818,-1.36813574047169,-0.9665228154825921,-0.48326330684186414,-0.22729023377188956,-0.0551704087765618,-0.14123032127422566,-0.3023168241544683,-0.13681699242819162,0.06619613448937443,0.0926761075655787,0.08826277871954466,0.36409583159667247,0.0529561479512723,-0.050757079930527756,-0.14564365012025973,-0.8032296481793324,-1.255595854897822,-1.562322209697188,-1.5976288404654606,-1.3835823914328094,-1.3791690625867752,-1.2732491702819582,-1.1364359760549028,-1.2710425058589412,-1.1629159491311072,0,0,0
-1.7918153096909586,-1.7609220077687202,-1.9837951144934394,-1.8646352356505203,-1.6991354039242434,-1.6858954173861413,-1.652795451040886,-1.549082223159086,-1.4122690289320305,-1.3835823914328094,-1.3041424722041965,-1.2092559020144646,-1.158502620285073,-1.0812693654794772,-1.0945093520175795,-0.9069428760611324,-0.7899896616412303,-0.9444561712524219,-0.9996227818278474,-1.0415494058651709,-1.0768560366334432,-1.1011293452866304,-0.8628095876007921,-0.8716362452928601,-0.8429496077936388,-0.7171697356816685,-0.7105497424126175,-0.7370297154888218,-0.7127564068356345,-0.39279006549816625,-0.2118435828107704,-0.08827037512181714,0.026476174875068034,0.05074948352825528,-0.0022104626241532597,0.15887604025608937,0.21845597967754898,0.08605611429652764,0.17211602679419152,0.3773358181347746,0.4942890325546768,0.2868625767910767,0.06840279891239145,-0.06841039531466393,-0.03972375781544264,0.18314934890927662,-0.11254368377500439,-0.4236833674204046,-0.6443498097221068,-0.6906897626054642,-0.666416453952277,-0.41485670972833644,-0.13902365685120865,-0.30893681742351936,-0.4280966962664386,-0.5075366154950514,-0.467816655880745,-0.46560999145772797,-0.4236833674204046,-0.38617007222911515,-0.33541679049972367,-0.41265004530531946,-0.5009166222260003,-0.6222831654919365,-0.6774497760673621,-1.0459627347112048,-1.1386426404779197,-1.1143693318247325,-1.4718489683534903,-1.7167887193083797,-1.7675420010377711,-1.6947220750782095,-1.8227086116131967,-1.650588786617869,-1.5027422702757285,-1.4895022837376264,-1.6263154779646818,-1.9551084769942182,-2.2861081404467716,-2.561941193323899,-2.6590344279366485,-2.3787880462134865,-2.2905214692928055,-2.4736746164032186,-2.3854080394825377,-2.354514737560299,-2.25742150294755,-2.133848295258597,-2.0014484298775757,-1.5910088471964094,-1.0967160164405965,-0.7326163866427877,-0.2912835020393832,0.3089292210212469,0.6642021931269875,0.21845597967754898,0.0728161277584255,0.17432269121720853,0.41705577774908104,0.5560756363991535,0.6906821662031918,0.6796488440881067,0.7193688037024131,0.6708221863960386,0.5009090258237279,0.2978958989061618,-0.16991695877344698,-0.5958031924157323,-1.2004292443223965,-1.5270155789289157,-1.560115545274171,-1.6594154443099371,-1.4718489683534903,-1.3041424722041965,-1.248975861628771,-0.957696157790524,0,0,0
-1.8337419337282819,-1.6726554308480392,-1.7256153770004479,-1.846981920266384,-1.7918153096909586,-1.7123753904623458,-1.646175457771835,-1.5645288741202052,-1.36813574047169,-1.244562532782737,-1.255595854897822,-1.0724427077874092,-1.0018294462508643,-1.0481693991342218,-1.070236043364392,-0.9687294799056091,-1.05699605682629,-1.0945093520175795,-1.0172760972119836,-1.1121626674017155,-1.0878893587485283,-0.9422495068294048,-0.7105497424126175,-0.865016252023809,-0.7811630039491622,-0.562703226070477,-0.5958031924157323,-0.6112498433768515,-0.5759432126085791,-0.3596900991529109,-0.10813035492897034,-0.02869043570035753,-0.026483771277340508,-0.048550415507510734,-0.19860359627266827,-0.01103712031622135,0.1412227248719532,-0.01103712031622135,0.044129490259204214,0.2780359190990086,0.42146910659511505,0.3265825364053831,0.16770269794815748,-0.07282372416069798,-0.13681699242819162,0.07722945660445955,-0.1831569453115491,-0.41485670972833644,-0.42589003184342156,-0.32438346838463855,-0.5009166222260003,-0.11695701262103843,0.1610827046791064,-0.24935687800205977,-0.29569683088541726,-0.4082367164592854,-0.4722299847267791,-0.4589899981886769,-0.44133668280454075,-0.5296032597252216,-0.5980098568387493,-0.5362232529942726,-0.5759432126085791,-0.6333164876070216,-0.7127564068356345,-0.8010229837563154,-0.9444561712524219,-1.1033360097096474,-1.4277156798931498,-1.6196954846956306,-1.6241088135416648,-1.648382122194852,-1.8028486318060435,-1.646175457771835,-1.4850889548915924,-1.4188890222010817,-1.456402317392371,-1.7829886519988905,-2.2816948116007376,-2.5663545221699335,-2.561941193323899,-2.253008174101516,-2.343481415445214,-2.511187911594508,-2.3567214019833163,-2.3898213683285716,-2.277281482754703,-2.0676483625680864,-1.8337419337282819,-1.3593090827796221,-0.8208829635634686,-0.27142352223223,0.2780359190990086,0.45015574409433634,0.3574758383276214,0.0926761075655787,0.10370942968066382,0.25596927486883836,0.3773358181347746,0.4722223883245066,0.6002089248594938,0.511942347938813,0.5649022940912215,0.7568820988937025,0.4545690729403704,0.5693156229372556,0.4678090594784725,-0.048550415507510734,-0.9444561712524219,-1.3615157472026391,-1.5336355721979669,-1.648382122194852,-1.6152821558495967,-1.458608981815388,-1.2798691635510093,-0.9775561375976772,0,0,0
0,0,0,0,0,0,0,0,0,0,0,0,0,0,0,0,0,0,0,0,0,0,0,0,0,0,0,0,0,0,0,0,0,0,0,0,0,0,0,0,0,0,0,0,0,0,0,0,0,0,0,0,0,0,0,0,0.0022028662218807854,0.0022028662218807854,-0.004417127047170282,-0.22067024050283848,-0.43251002511247266,-0.4965032933799663,-0.6311098231840047,-0.7392363799118388,-0.8120563058714005,-0.8451562722166558,-0.9312161847143198,-1.0084494395199155,-1.1364359760549028,-1.2975224789351454,-1.5005356058527115,-1.6307288068107157,-1.7123753904623458,-1.6064554981575285,-1.4321290087391838,-1.4917089481606434,-1.6814820885401074,-1.9153885173799117,-2.308174784676942,-2.4648479587111503,-2.345688079868231,-2.246388180832465,-2.531047891401661,-2.557527864477865,-2.365548059675384,-2.3721680529444353,-2.1713615904498864,-1.8911152087267245,-1.5733555318122732,-1.1298159827858518,-0.7061364135665834,-0.2030169251187023,0.3552691739046044,0.6399288844738003,0.30451589217521285,0.05074948352825528,0.14563605371798724,0.35306250948158735,0.24493595275375327,0.18756267775531069,0.2890692412140937,0.19197600660134473,0.15004938256402128,0.322169207559349,0.5163556767848471,0.7392287835095663,0.6531688710119025,0.0816427854504936,-0.9775561375976772,-1.4188890222010817,-1.5270155789289157,-1.5689422029662392,-1.648382122194852,-1.4277156798931498,-1.262215848166873,-1.1916025866303284,0,0,0
0,0,0,0,0,0,0,0,0,0,0,0,0,0,0,0,0,0,0,0,0,0,0,0,0,0,0,0,0,0,0,0,0,0,0,0,0,0,0,0,0,0,0,0,0,0,0,0,0,0,0,0,0,0,0,0,0,0,0,0,0,0,0,0,0,0,0,0,0,0,0,0,0,0,0,0,0,0,0,0,0,0,0,0,0,0,0,0,0,0,0,0,0,0,0,0,0,0,0,0,0,0,0,0,0,0,0,0,0,0,0,0,0,-1.2666291770129072,-1.3813757270097924,-1.443162330854269,0,0,0
